# 3ds Max Wavefront OBJ Exporter v0.97b - (c)2007 guruware
# File Created: 22.11.2017 22:17:41

#
# object tap_LP
#

#
# object TAP_LP_UVW
#

v  1.070000 5.529900 0.217700
v  1.070200 5.463300 0.217800
v  1.071700 5.465300 0.107200
v  1.071600 5.532300 0.107200
v  0.546500 5.126900 0.900000
v  0.608400 5.126900 0.865400
v  0.608400 5.185600 0.865400
v  0.537100 5.184000 0.905300
v  -0.064700 5.126900 0.957500
v  0.171900 5.126900 1.093400
v  0.171800 5.171900 1.093500
v  -0.064800 5.182500 0.957700
v  0.191100 5.126900 1.093600
v  0.405700 5.126900 0.978700
v  0.395800 5.178700 0.984300
v  0.191000 5.171900 1.093800
v  0.850700 5.126900 0.729800
v  1.051600 5.126900 0.612500
v  1.051500 5.172600 0.612600
v  0.850600 5.181900 0.729900
v  1.068800 5.126900 0.379400
v  1.068600 5.181600 0.379200
v  1.061300 5.172600 0.596100
v  1.061400 5.126900 0.596000
v  1.046100 5.467200 0.588500
v  1.055600 5.455300 0.594100
v  1.061800 5.517100 0.377300
v  1.052400 5.526900 0.377000
v  0.190300 5.462700 1.077700
v  0.190200 5.450700 1.088700
v  0.334500 5.496900 1.012100
v  0.333400 5.508100 1.002000
v  -0.661200 5.461500 0.581000
v  -0.670900 5.449600 0.586400
v  -0.462900 5.517200 0.714600
v  -0.458400 5.524600 0.706500
v  -0.668800 5.544200 0.178000
v  -0.667800 5.544400 0.107200
v  -0.677100 5.539300 0.107200
v  -0.678100 5.539000 0.179300
v  -0.670300 5.461500 0.564900
v  -0.671100 5.523500 0.338200
v  -0.680300 5.516200 0.337000
v  -0.679900 5.449700 0.570200
v  -0.193100 5.538200 0.875400
v  -0.188400 5.543400 0.867200
v  -0.334000 5.541400 0.780600
v  -0.341400 5.535900 0.787000
v  0.171700 5.462300 1.077300
v  -0.061200 5.528300 0.943100
v  -0.063300 5.521200 0.952700
v  0.171600 5.450500 1.088300
v  0.599100 5.546100 0.853100
v  0.473200 5.538800 0.923600
v  0.478400 5.531400 0.931300
v  0.606400 5.540900 0.859800
v  1.036600 5.467100 0.604400
v  0.844600 5.526500 0.716000
v  0.848700 5.518300 0.724300
v  1.046200 5.455200 0.609900
v  1.063700 5.542500 0.218600
v  1.065000 5.543600 0.107200
v  1.055800 5.550200 0.107200
v  1.054300 5.549800 0.219300
v  1.067900 5.502600 0.378000
v  1.068100 5.440500 0.378300
v  0.723400 5.126900 0.801000
v  0.723500 5.185000 0.801000
v  0.492600 5.454100 0.930400
v  0.482000 5.518800 0.936500
v  0.337600 5.482900 1.017100
v  0.348900 5.424100 1.010800
v  -0.198100 5.126900 0.878100
v  -0.198200 5.185200 0.878200
v  0.721900 5.538900 0.795200
v  0.715500 5.546700 0.788000
v  1.060900 5.440700 0.597100
v  0.190200 5.436100 1.094800
v  -0.466100 5.504500 0.719800
v  -0.676200 5.435000 0.589300
v  -0.683400 5.527200 0.107200
v  -0.684300 5.526300 0.178800
v  -0.686400 5.503100 0.332900
v  -0.685200 5.435000 0.573200
v  -0.199000 5.527100 0.879100
v  -0.344900 5.524500 0.792200
v  -0.065400 5.508600 0.958500
v  0.171600 5.436000 1.094400
v  0.608900 5.529800 0.865500
v  0.850200 5.504500 0.730500
v  1.051400 5.440600 0.613000
v  0.724100 5.526000 0.801000
v  -0.344000 5.126900 0.791200
v  -0.344100 5.184800 0.791300
v  -0.466000 5.442100 0.719600
v  -0.344700 5.458800 0.792000
v  -0.676000 5.384100 0.589200
v  -0.686200 5.440900 0.333000
v  -0.685100 5.384100 0.573000
v  -0.684200 5.460300 0.178900
v  0.120200 5.557800 0.855300
v  -0.002700 5.557600 0.815200
v  -0.015400 5.548200 0.880600
v  0.117200 5.531800 0.937000
v  -0.142400 5.557300 0.755500
v  -0.166300 5.551900 0.805300
v  -0.272100 5.557100 0.673000
v  -0.298600 5.551300 0.722600
v  -0.372600 5.557100 0.577800
v  -0.422300 5.547100 0.628500
v  -0.518500 5.531300 0.544800
v  -0.582300 5.546900 0.331400
v  -0.510400 5.557300 0.310000
v  -0.532100 5.557600 0.169200
v  -0.594200 5.552200 0.170600
v  -0.563100 5.531400 0.462400
v  0.982900 5.554800 0.201500
v  0.967400 5.549000 0.366100
v  0.945400 5.533900 0.490900
v  0.898700 5.533900 0.568000
v  0.800300 5.548600 0.647300
v  0.680600 5.553500 0.734000
v  0.315900 5.543400 0.913500
v  0.208300 5.531900 0.947100
v  0.445000 5.551200 0.862500
v  0.539900 5.559100 0.760300
v  0.424700 5.558700 0.809700
v  0.564400 5.553100 0.803900
v  0.171600 5.384900 1.094200
v  0.190300 5.385000 1.094600
v  1.051500 5.388800 0.613000
v  1.061000 5.388900 0.596900
v  0.198700 5.558000 0.860500
v  -0.448300 5.557100 0.493900
v  -0.592900 5.552300 0.107200
v  -0.481900 5.557200 0.425500
v  0.922700 5.561400 0.195100
v  0.982500 5.555000 0.107200
v  0.921400 5.561600 0.107200
v  0.898900 5.561000 0.344000
v  0.867500 5.560700 0.454800
v  0.828500 5.560400 0.519900
v  0.749900 5.560000 0.600700
v  0.647300 5.559600 0.690100
v  0.302900 5.558300 0.841900
v  -0.144000 5.557300 0.732000
v  -0.256000 5.557100 0.659200
v  0.627400 5.559500 0.675500
v  0.525500 5.559100 0.740700
v  -0.345900 5.557100 0.571800
v  -0.024900 5.557500 0.782400
v  0.299000 5.558300 0.815600
v  0.189200 5.558000 0.826400
v  0.415400 5.558700 0.787300
v  0.719600 5.559900 0.592800
v  0.878000 5.561000 0.314400
v  0.841700 5.560700 0.422500
v  0.902500 5.561400 0.187000
v  0.089700 5.557700 0.815600
v  -0.416500 5.557100 0.483500
v  -0.492800 5.557300 0.285700
v  -0.513500 5.557600 0.160800
v  0.793400 5.560300 0.507400
v  0.902100 5.561600 0.107200
v  -0.460100 5.557200 0.396500
v  -0.239800 5.546100 0.645300
v  -0.145500 5.546200 0.709600
v  -0.145500 5.530000 0.709600
v  -0.239800 5.529900 0.645300
v  0.512100 5.548100 0.722400
v  0.608800 5.548500 0.661800
v  0.608800 5.532300 0.661800
v  0.512100 5.531900 0.722400
v  -0.322200 5.546100 0.566400
v  -0.322200 5.529900 0.566400
v  -0.041900 5.546400 0.757400
v  -0.041900 5.530200 0.757400
v  0.181700 5.546900 0.799200
v  0.295500 5.547300 0.792000
v  0.295500 5.531100 0.792000
v  0.181700 5.530700 0.799200
v  0.406700 5.547700 0.766200
v  0.406700 5.531500 0.766200
v  0.694200 5.548900 0.586200
v  0.694200 5.532700 0.586200
v  0.822300 5.549700 0.398300
v  0.861500 5.550100 0.291100
v  0.861500 5.533900 0.291100
v  0.822300 5.533500 0.398300
v  0.882400 5.550400 0.178900
v  0.882400 5.534200 0.178900
v  0.068100 5.546600 0.787600
v  0.068100 5.530500 0.787600
v  -0.390500 5.546100 0.475000
v  -0.390500 5.529900 0.475000
v  -0.494400 5.546600 0.152100
v  -0.477800 5.546300 0.265000
v  -0.477800 5.530200 0.265000
v  -0.494400 5.530400 0.152100
v  0.766000 5.549300 0.497500
v  0.766000 5.533100 0.497500
v  0.883800 5.550600 0.107200
v  0.883800 5.534400 0.107200
v  -0.442900 5.546200 0.373600
v  -0.442900 5.530000 0.373600
v  -0.248100 5.557100 0.652500
v  -0.144800 5.557200 0.720500
v  0.518600 5.559000 0.731200
v  0.617600 5.559500 0.668300
v  -0.332900 5.557100 0.568800
v  -0.035700 5.557400 0.766500
v  0.184600 5.557900 0.809800
v  0.297200 5.558300 0.802900
v  0.410900 5.558700 0.776300
v  0.704900 5.559900 0.589000
v  0.829200 5.560700 0.406800
v  0.867800 5.561000 0.300000
v  0.892600 5.561400 0.183000
v  0.074800 5.557700 0.796300
v  -0.401000 5.557100 0.478400
v  -0.504400 5.557600 0.156600
v  -0.484300 5.557300 0.273900
v  0.776400 5.560300 0.501200
v  0.892800 5.561600 0.107200
v  -0.449500 5.557200 0.382400
v  0.608800 5.463200 0.865500
v  -0.065300 5.445500 0.958400
v  0.850300 5.442100 0.730400
v  1.070800 5.185600 0.218200
v  0.724000 5.460100 0.801000
v  -0.198800 5.460900 0.878900
v  -0.465700 5.181900 0.718900
v  -0.675200 5.171800 0.588900
v  -0.685700 5.181700 0.333400
v  -0.684500 5.171800 0.572200
v  -0.683600 5.185100 0.179100
v  1.071000 5.126900 0.218300
v  -0.465600 5.126900 0.718700
v  -0.675000 5.126900 0.588800
v  -0.685500 5.126900 0.333500
v  -0.684400 5.126900 0.572000
v  -0.683400 5.126900 0.179200
v  -0.239800 5.455900 0.645300
v  -0.145500 5.456000 0.709600
v  0.512100 5.457900 0.722400
v  0.608800 5.458300 0.661800
v  -0.322200 5.455900 0.566400
v  -0.041900 5.456200 0.757400
v  0.181700 5.456700 0.799200
v  0.295500 5.457100 0.792000
v  0.406700 5.457500 0.766200
v  0.694200 5.458700 0.586200
v  0.822300 5.459500 0.398300
v  0.861500 5.459900 0.291100
v  0.882400 5.460200 0.178900
v  0.068100 5.456400 0.787600
v  -0.390500 5.455900 0.475000
v  -0.494400 5.456400 0.152100
v  -0.477800 5.456100 0.265000
v  0.766000 5.459100 0.497500
v  0.883800 5.460400 0.107200
v  -0.442900 5.456000 0.373600
v  0.194900 1.625700 0.662900
v  0.196600 1.589700 0.107200
v  0.417500 1.626300 0.627900
v  0.547700 1.738100 0.942300
v  0.194900 1.738100 1.012500
v  0.645200 1.971500 1.153600
v  0.194900 1.973500 1.267100
v  0.706200 2.311500 1.276000
v  0.194900 2.310300 1.362500
v  0.699400 2.686500 1.320900
v  0.194900 2.685000 1.421300
v  0.726800 3.037500 1.374500
v  0.194900 3.037500 1.480300
v  0.708100 3.443700 1.329400
v  0.194900 3.443700 1.431500
v  0.687600 3.876300 1.279900
v  0.194900 3.876300 1.377900
v  0.194900 4.424600 1.325900
v  0.667700 4.424600 1.231900
v  0.194900 4.808100 1.311500
v  0.194900 4.808100 1.321900
v  0.666100 4.808100 1.228200
v  0.662200 4.808100 1.218600
v  0.606200 1.626300 0.501900
v  0.846800 1.737100 0.730500
v  1.042200 1.956000 0.906200
v  1.194200 2.305800 0.942100
v  1.149400 2.713000 1.130200
v  1.177600 3.094200 1.178700
v  1.143100 3.519600 1.104400
v  1.105200 3.814100 0.885800
v  1.047100 4.402100 0.889100
v  1.065600 4.808100 0.961200
v  1.058300 4.808100 0.953900
v  0.732200 1.626300 0.313300
v  1.046600 1.724200 0.441200
v  1.288000 1.902300 0.509000
v  1.447300 2.123100 0.535800
v  1.384200 4.058000 0.552300
v  1.286800 4.473600 0.559900
v  1.332500 4.808100 0.561800
v  1.322900 4.808100 0.557800
v  0.773200 1.626300 0.107200
v  1.113500 1.717600 0.107200
v  1.371400 1.885000 0.107200
v  1.522300 2.067700 0.107200
v  1.478700 4.132600 0.107200
v  1.378000 4.508500 0.107200
v  1.422900 4.808100 0.107200
v  1.412500 4.808100 0.107200
v  1.490600 2.775000 0.956300
v  1.537300 2.452600 0.787200
v  1.634300 2.265000 0.462200
v  1.672300 2.201900 0.107200
v  1.414200 3.706400 0.773400
v  1.534300 3.923100 0.508700
v  1.436300 3.501500 0.956200
v  1.455700 3.129100 1.031800
v  2.397200 2.819000 0.844000
v  1.862600 2.810200 0.858700
v  1.906000 2.524900 0.690400
v  2.397200 2.527800 0.668800
v  1.934600 2.334500 0.416800
v  2.397200 2.345700 0.400100
v  1.950400 2.275900 0.107200
v  2.397200 2.285700 0.107200
v  2.397200 3.798900 0.437500
v  1.743500 3.860200 0.467600
v  1.743500 3.645400 0.743000
v  2.397200 3.601300 0.690800
v  1.743500 3.466000 0.859800
v  2.397200 3.436200 0.798200
v  1.797100 3.151500 0.927800
v  2.397200 3.147000 0.860800
v  3.192700 2.556300 0.639700
v  3.192700 2.832900 0.806200
v  3.192700 2.383400 0.384500
v  3.192700 3.575800 0.660600
v  3.192700 3.763400 0.420000
v  3.192700 3.419000 0.762700
v  3.192700 3.144400 0.822100
v  -0.157800 1.738100 0.942300
v  -0.027600 1.626300 0.627900
v  -0.255300 1.971500 1.153600
v  -0.316300 2.311500 1.276000
v  -0.309500 2.686500 1.320900
v  -0.336900 3.037500 1.374500
v  -0.318200 3.443700 1.329400
v  -0.297700 3.876300 1.279900
v  -0.277800 4.424600 1.231900
v  -0.276200 4.808100 1.228200
v  -0.272300 4.808100 1.218600
v  -0.456900 1.737100 0.730500
v  -0.216300 1.626300 0.501900
v  -0.652300 1.956000 0.906200
v  -0.804400 2.305800 0.942100
v  -0.759500 2.713000 1.130200
v  -0.787700 3.094200 1.178700
v  -0.753200 3.519600 1.104400
v  -0.715300 3.814100 0.885800
v  -0.657200 4.402100 0.889100
v  -0.675700 4.808100 0.961200
v  -0.668400 4.808100 0.953900
v  -0.342400 1.626300 0.313300
v  -0.656700 1.724200 0.441200
v  -0.898100 1.902300 0.509000
v  -1.057400 2.123100 0.535800
v  -0.994300 4.058000 0.552300
v  -0.896900 4.473600 0.559900
v  -0.942600 4.808100 0.561800
v  -0.933000 4.808100 0.557800
v  -1.103100 2.763600 0.955100
v  -1.144800 2.441100 0.785900
v  -1.238700 2.253400 0.461400
v  -1.144400 3.923100 0.508700
v  -1.024300 3.706400 0.773400
v  -1.046500 3.501500 0.956200
v  -1.065800 3.129100 1.031800
v  -1.502000 2.455800 0.683100
v  -1.479400 2.753200 0.852600
v  -2.044700 2.637400 0.824900
v  -1.964300 2.343000 0.647800
v  -1.512500 2.265200 0.412100
v  -1.916100 2.161000 0.386700
v  -1.353600 3.946300 0.107200
v  -2.371100 3.740200 0.107200
v  -2.344900 3.656200 0.441500
v  -1.353600 3.860200 0.467600
v  -1.353600 3.645400 0.743000
v  -2.280700 3.447200 0.693300
v  -1.353600 3.466000 0.859800
v  -2.228500 3.274000 0.796800
v  -1.412000 3.146400 0.927800
v  -2.140100 2.973500 0.850800
v  -1.200700 4.012300 0.107200
v  -2.576300 2.103600 0.614800
v  -2.726400 2.333300 0.777000
v  -3.013200 2.074700 0.750300
v  -2.834000 1.889100 0.596600
v  -2.483400 1.960900 0.370300
v  -2.722300 1.773100 0.361300
v  -3.244700 3.118900 0.411700
v  -3.287100 3.182800 0.107200
v  -3.668100 2.750500 0.107200
v  -3.619400 2.700400 0.395000
v  -3.138500 2.958900 0.644400
v  -3.496800 2.574100 0.617000
v  -3.050500 2.825900 0.741700
v  -3.394500 2.468600 0.711000
v  -2.897600 2.594100 0.796000
v  -3.215600 2.283900 0.765500
v  -3.031400 1.600800 0.579700
v  -3.231100 1.737800 0.725800
v  -3.304900 1.358100 0.704300
v  -3.089000 1.276400 0.565000
v  -2.376200 2.510400 0.801900
v  -2.257300 2.241200 0.630000
v  -2.906000 1.514600 0.352900
v  -2.952900 1.224300 0.345700
v  -2.185000 2.075200 0.376800
v  -3.894300 2.190500 0.379800
v  -3.946700 2.226000 0.107200
v  -4.068300 1.637200 0.107200
v  -4.013200 1.617600 0.366400
v  -3.761600 2.100200 0.592100
v  -3.872600 1.567100 0.570100
v  -2.797600 3.431700 0.426800
v  -2.709600 3.242600 0.668600
v  -3.650400 2.024400 0.683000
v  -3.754300 1.524300 0.658200
v  -2.637100 3.085800 0.768300
v  -3.454500 1.890700 0.737500
v  -3.545100 1.447500 0.712900
v  -2.512500 2.813000 0.820700
v  -2.453000 1.914200 0.107200
v  -2.161300 2.020200 0.107200
v  0.194900 4.774200 1.322200
v  0.666300 4.774200 1.228500
v  1.064000 4.772200 0.954900
v  1.328500 4.778600 0.561600
v  1.418900 4.781600 0.107200
v  -0.276400 4.774200 1.228500
v  -0.674100 4.772200 0.954900
v  -0.938600 4.778600 0.561600
v  3.265000 2.558900 0.637100
v  3.306300 2.531800 0.664700
v  3.306300 2.821000 0.838700
v  3.265000 2.834100 0.802700
v  3.265000 2.386800 0.383100
v  3.306300 2.351000 0.397900
v  3.265000 3.760200 0.418500
v  3.265000 3.573500 0.657900
v  3.306300 3.597700 0.686500
v  3.306300 3.793900 0.435000
v  3.265000 3.417500 0.759400
v  3.306300 3.433800 0.793200
v  3.265000 3.144100 0.818600
v  3.306300 3.146600 0.855300
v  3.265000 2.330200 0.107200
v  3.306300 2.291400 0.107200
v  3.570700 2.736500 1.069500
v  3.570700 2.358100 0.841800
v  3.628600 2.358100 0.841800
v  3.628600 2.736500 1.069500
v  3.570700 2.121600 0.492600
v  3.628600 2.121600 0.492600
v  3.570700 4.009600 0.541200
v  3.570700 3.752900 0.870300
v  3.628600 3.752900 0.870300
v  3.628600 4.009600 0.541200
v  3.570700 3.538400 1.009900
v  3.628600 3.538400 1.009900
v  3.570700 3.162600 1.091200
v  3.628600 3.162600 1.091200
v  3.570700 2.042400 0.107200
v  3.628600 2.042400 0.107200
v  3.840500 2.358100 0.841800
v  3.894300 2.423000 0.775500
v  3.894300 2.768100 0.983100
v  3.840500 2.736500 1.069500
v  3.840500 2.121600 0.492600
v  3.894300 2.207400 0.457100
v  3.894300 3.928900 0.501500
v  3.894300 4.023100 0.107200
v  3.840500 4.113300 0.107200
v  3.840500 4.009600 0.541200
v  3.840500 3.752900 0.870300
v  3.894300 2.349600 0.801600
v  3.894300 3.499300 0.928900
v  3.840500 3.538400 1.009900
v  3.840500 3.162600 1.091200
v  3.894300 3.156600 1.003000
v  3.935900 2.268100 0.107200
v  3.935900 2.100800 0.107200
v  3.935900 2.172800 0.469300
v  3.935900 2.327400 0.405300
v  3.935900 2.078900 0.107200
v  3.916600 2.062900 0.107200
v  3.916600 2.137800 0.483800
v  3.935900 2.152600 0.477700
v  3.859100 1.689500 0.107200
v  3.930300 1.645900 0.107200
v  3.930300 1.752500 0.643400
v  3.859100 1.792800 0.626700
v  3.946300 1.636000 0.107200
v  3.946300 1.617600 0.107200
v  3.946300 1.726400 0.654200
v  3.946300 1.743400 0.647200
v  3.946300 1.359800 0.107200
v  3.932300 1.345000 0.107200
v  3.932300 1.474500 0.758500
v  3.946300 1.488300 0.752900
v  3.867400 0.843400 0.107200
v  3.932400 0.787000 0.107200
v  3.932400 0.959000 0.972100
v  3.867400 1.011100 0.950500
v  3.956800 0.765800 0.107200
v  3.986300 0.765800 0.107200
v  3.986300 0.939500 0.980200
v  3.956800 0.939500 0.980200
v  3.935900 2.505200 0.671400
v  3.935900 2.386900 0.789700
v  3.935900 2.371400 0.805200
v  3.916600 2.360100 0.816500
v  3.857100 2.092300 0.502600
v  3.820300 1.940100 0.565700
v  3.820300 2.208800 0.967800
v  3.857100 2.325300 0.851300
v  3.859100 2.096100 1.080500
v  3.930300 2.065200 1.111400
v  3.946300 2.058200 1.118300
v  3.946300 2.045200 1.131300
v  3.946300 1.862900 1.313600
v  3.932300 1.852400 1.324100
v  3.862500 1.406600 0.786700
v  3.825600 1.206600 0.869500
v  3.825600 1.647400 1.529200
v  3.862500 1.800400 1.376100
v  3.867400 1.497800 1.678800
v  3.932400 1.457900 1.718700
v  3.956800 1.442900 1.733600
v  3.986300 1.442900 1.733600
v  3.935900 2.771300 0.849200
v  3.935900 2.707300 1.003700
v  3.935900 2.698900 1.024000
v  3.916600 2.692800 1.038700
v  3.820300 2.610900 1.236400
v  3.857100 2.673900 1.084200
v  3.859100 2.549900 1.383700
v  3.930300 2.533200 1.424100
v  3.946300 2.529400 1.433200
v  3.946300 2.522400 1.450100
v  3.946300 2.423700 1.688300
v  3.932300 2.418000 1.702000
v  3.825600 2.307000 1.970000
v  3.862500 2.389900 1.770000
v  3.867400 2.226100 2.165400
v  3.932400 2.204500 2.217600
v  3.956800 2.196400 2.237100
v  3.986300 2.196400 2.237100
v  3.935900 3.085200 0.911600
v  3.935900 3.085200 1.078900
v  3.935900 3.085200 1.100800
v  3.916600 3.085200 1.116800
v  3.820300 3.085200 1.330800
v  3.857100 3.085200 1.166000
v  3.859100 3.085200 1.490200
v  3.930300 3.085200 1.533900
v  3.946300 3.085200 1.543700
v  3.946300 3.085200 1.562100
v  3.946300 3.085200 1.819900
v  3.932300 3.085200 1.834700
v  3.825600 3.085200 2.124800
v  3.862500 3.085200 1.908300
v  3.867400 3.085200 2.336300
v  3.932400 3.085200 2.392700
v  3.956800 3.085200 2.413900
v  3.986300 3.085200 2.413900
v  3.935900 3.399100 0.849200
v  3.935900 3.463100 1.003700
v  3.935900 3.471500 1.024000
v  3.916600 3.477600 1.038700
v  3.820300 3.559500 1.236400
v  3.857100 3.496400 1.084200
v  3.859100 3.620500 1.383700
v  3.930300 3.637200 1.424100
v  3.946300 3.641000 1.433200
v  3.946300 3.648000 1.450100
v  3.946300 3.746600 1.688300
v  3.932300 3.752300 1.702000
v  3.825600 3.863300 1.970000
v  3.862500 3.780500 1.770000
v  3.867400 3.944300 2.165400
v  3.932400 3.965900 2.217600
v  3.956800 3.974000 2.237100
v  3.986300 3.974000 2.237100
v  3.935900 3.665200 0.671400
v  3.935900 3.783500 0.789700
v  3.935900 3.799000 0.805200
v  3.916600 3.810200 0.816500
v  3.820300 3.961600 0.967800
v  3.857100 3.845100 0.851300
v  3.859100 4.074300 1.080500
v  3.930300 4.105200 1.111400
v  3.946300 4.112100 1.118300
v  3.946300 4.125100 1.131300
v  3.946300 4.307400 1.313600
v  3.932300 4.317900 1.324100
v  3.825600 4.523000 1.529200
v  3.862500 4.369900 1.376100
v  3.867400 4.672600 1.678800
v  3.932400 4.712500 1.718700
v  3.956800 4.727400 1.733600
v  3.986300 4.727400 1.733600
v  3.935900 3.843000 0.405300
v  3.935900 3.997500 0.469300
v  3.935900 4.017800 0.477700
v  3.916600 4.032500 0.483800
v  3.820300 4.230200 0.565700
v  3.857100 4.078000 0.502600
v  3.859100 4.377500 0.626700
v  3.930300 4.417900 0.643400
v  3.946300 4.427000 0.647200
v  3.946300 4.443900 0.654200
v  3.946300 4.682100 0.752900
v  3.932300 4.695800 0.758500
v  3.825600 4.963800 0.869500
v  3.862500 4.763800 0.786700
v  3.867400 5.159200 0.950500
v  3.932400 5.211300 0.972100
v  3.956800 5.230900 0.980200
v  3.986300 5.230900 0.980200
v  3.820300 4.321400 0.107200
v  3.857100 4.156700 0.107200
v  3.859100 4.480800 0.107200
v  3.825600 5.115400 0.107200
v  3.862500 4.898900 0.107200
v  3.867400 5.327000 0.107200
v  -3.101000 0.814700 0.545900
v  -3.335200 0.820400 0.676600
v  -3.339600 0.820000 0.664400
v  -3.110300 0.813800 0.536400
v  -2.952600 0.809500 0.336200
v  -2.965000 0.808400 0.331100
v  -4.151500 0.815500 0.107200
v  -4.138800 0.816600 0.107200
v  -4.082000 0.818300 0.343800
v  -4.093400 0.817200 0.349200
v  -3.944200 0.820700 0.541900
v  -3.935900 0.821400 0.532500
v  -3.818100 0.822400 0.626600
v  -3.812500 0.822900 0.615400
v  -3.594100 0.823200 0.681300
v  -3.593100 0.823300 0.668900
v  -3.100200 0.823800 0.546300
v  -3.334000 0.831000 0.677200
v  -2.952100 0.817700 0.336400
v  -4.091100 0.833100 0.349600
v  -4.149100 0.831800 0.107200
v  -3.942000 0.835500 0.542500
v  -3.816200 0.836300 0.627200
v  -3.592400 0.835500 0.682000
v  -3.176600 0.807800 0.467900
v  -3.371100 0.817100 0.576200
v  -3.053400 0.800400 0.294200
v  -4.047800 0.824800 0.107200
v  -4.000300 0.825600 0.305000
v  -3.876500 0.826800 0.464600
v  -3.771900 0.826600 0.534800
v  -3.585900 0.823900 0.580100
v  0.194900 4.808100 1.166600
v  0.606700 4.808100 1.084700
v  0.955800 4.808100 0.851400
v  1.189000 4.808100 0.502400
v  1.263300 4.801600 0.107200
v  -0.216800 4.808100 1.084700
v  -0.565900 4.808100 0.851400
v  -0.799100 4.808100 0.502400
v  -3.090600 0.931900 0.551000
v  -3.319700 0.957200 0.684000
v  -2.945700 0.914700 0.338700
v  -4.063700 1.022000 0.353800
v  -4.120900 1.025800 0.107200
v  -3.916900 1.011400 0.549400
v  -3.793100 1.001600 0.635000
v  -3.573300 0.982300 0.689700
v  3.840500 2.042400 0.107200
v  3.531800 2.748900 1.035500
v  3.531800 2.383700 0.815700
v  3.531800 2.155400 0.478600
v  3.531800 3.977800 0.525500
v  3.531800 3.730000 0.843200
v  3.531800 3.523000 0.978000
v  3.531800 3.160300 1.056500
v  3.531800 2.079100 0.107200
v  4.180700 0.765800 0.107200
v  4.180700 0.939500 0.980200
v  4.180700 1.442900 1.733600
v  4.180700 2.196400 2.237100
v  4.180700 3.085200 2.413900
v  4.180700 3.974000 2.237100
v  4.180700 4.727400 1.733600
v  4.180700 5.230900 0.980200
v  3.946300 1.505800 0.745600
v  3.946300 1.378800 0.107200
v  3.946300 1.876400 1.300200
v  3.946300 2.431000 1.670800
v  3.946300 3.085200 1.800900
v  3.946300 3.739400 1.670800
v  3.946300 4.294000 1.300200
v  3.946300 4.664600 0.745600
v  3.862500 1.271400 0.107200
v  3.857100 2.013700 0.107200
v  1.218700 4.739700 0.107200
v  1.218700 4.898500 0.107200
v  1.143700 4.898500 0.484400
v  1.143700 4.739700 0.484400
v  0.921100 4.739700 0.817500
v  0.921100 4.898500 0.817500
v  0.587900 4.739700 1.040100
v  0.587900 4.898500 1.040100
v  0.194900 4.739700 1.118300
v  0.194900 4.898500 1.118300
v  -0.198000 4.739700 1.040100
v  -0.198000 4.898500 1.040100
v  -0.531200 4.739700 0.817500
v  -0.531200 4.898500 0.817500
v  -0.753800 4.739700 0.484400
v  -0.753800 4.898500 0.484400
v  1.218700 4.912600 0.107200
v  1.242400 4.916700 0.107200
v  1.165600 4.916700 0.493400
v  1.143700 4.912600 0.484400
v  0.921100 4.912600 0.817500
v  0.937800 4.916700 0.834300
v  0.587900 4.912600 1.040100
v  0.597000 4.916700 1.062000
v  0.194900 4.912600 1.118300
v  0.194900 4.916700 1.142000
v  -0.198000 4.912600 1.040100
v  -0.207100 4.916700 1.062000
v  -0.531200 4.912600 0.817500
v  -0.548000 4.916700 0.834300
v  -0.753800 4.912600 0.484400
v  -0.775700 4.916700 0.493400
v  1.376500 4.939600 0.107200
v  1.376500 4.954000 0.107200
v  1.289400 4.954000 0.544700
v  1.289400 4.939600 0.544700
v  1.032600 4.939600 0.929100
v  1.032600 4.954000 0.929100
v  0.648300 4.939600 1.185900
v  0.648300 4.954000 1.185900
v  0.194900 4.939600 1.276100
v  0.194900 4.954000 1.276100
v  -0.258400 4.939600 1.185900
v  -0.258400 4.954000 1.185900
v  -0.642800 4.939600 0.929100
v  -0.642800 4.954000 0.929100
v  -0.899600 4.939600 0.544700
v  -0.899600 4.954000 0.544700
v  1.353600 4.935700 0.107200
v  1.268300 4.935700 0.536000
v  1.016500 4.935700 0.912900
v  0.639600 4.935700 1.164800
v  0.194900 4.935700 1.253200
v  -0.249700 4.935700 1.164800
v  -0.626600 4.935700 0.912900
v  -0.878400 4.935700 0.536000
v  1.376500 5.103900 0.107200
v  1.289400 5.103900 0.544700
v  1.032600 5.103900 0.929100
v  0.648300 5.103900 1.185900
v  0.194900 5.103900 1.276100
v  -0.258400 5.103900 1.185900
v  -0.642800 5.103900 0.929100
v  -0.899600 5.103900 0.544700
v  1.376500 5.122300 0.107200
v  1.289400 5.122300 0.544700
v  1.032600 5.122300 0.929100
v  0.648300 5.122300 1.185900
v  0.194900 5.122300 1.276100
v  -0.258400 5.122300 1.185900
v  -0.642800 5.122300 0.929100
v  -0.899600 5.122300 0.544700
v  1.276600 5.122300 0.539400
v  1.022800 5.122300 0.919200
v  0.643000 5.122300 1.173000
v  0.194900 5.122300 1.262100
v  -0.253100 5.122300 1.173000
v  -0.632900 5.122300 0.919200
v  -0.886700 5.122300 0.539400
v  -0.972700 5.122300 0.107200
v  -0.986600 5.122300 0.107200
v  0.907600 5.122300 0.386600
v  0.740400 5.122300 0.636800
v  0.490100 5.122300 0.804100
v  0.194900 5.122300 0.862800
v  -0.100300 5.122300 0.804100
v  -0.350500 5.122300 0.636800
v  -0.517700 5.122300 0.386600
v  -0.573300 5.122300 0.107200
v  0.860200 5.368300 0.107200
v  0.860200 5.773800 0.107200
v  0.809600 5.773800 0.361500
v  0.809600 5.368300 0.361500
v  0.665400 5.368300 0.577400
v  0.665400 5.773800 0.577400
v  0.449600 5.368300 0.721600
v  0.449600 5.773800 0.721600
v  0.194900 5.368300 0.772200
v  0.194900 5.773800 0.772200
v  -0.059700 5.368300 0.721600
v  -0.059700 5.773800 0.721600
v  -0.275500 5.368300 0.577400
v  -0.275500 5.773800 0.577400
v  -0.419700 5.368300 0.361500
v  -0.419700 5.773800 0.361500
v  0.860200 6.140300 0.107200
v  0.837000 6.140300 0.107200
v  0.788200 6.140300 0.352600
v  0.809600 6.140300 0.361500
v  0.665400 6.140300 0.577400
v  0.649000 6.140300 0.560900
v  0.449600 6.140300 0.721600
v  0.440700 6.140300 0.700100
v  0.194900 6.140300 0.772200
v  0.194900 6.140300 0.749000
v  -0.059700 6.140300 0.721600
v  -0.050800 6.140300 0.700100
v  -0.275500 6.140300 0.577400
v  -0.259100 6.140300 0.560900
v  -0.419700 6.140300 0.361500
v  -0.398300 6.140300 0.352600
v  0.683500 6.140300 0.309300
v  0.656200 6.085900 0.298000
v  0.548000 6.085900 0.459900
v  0.568800 6.140300 0.480800
v  0.386000 6.085900 0.568100
v  0.397300 6.140300 0.595400
v  0.194900 6.085900 0.606100
v  0.194900 6.140300 0.635700
v  0.003900 6.085900 0.568100
v  -0.007400 6.140300 0.595400
v  -0.158100 6.085900 0.459900
v  -0.179000 6.140300 0.480800
v  -0.266300 6.085900 0.298000
v  -0.293600 6.140300 0.309300
v  -0.304200 6.085900 0.107200
v  -0.333800 6.140300 0.107200
v  0.627700 6.085900 0.286200
v  0.526200 6.085900 0.438100
v  0.374200 6.085900 0.539700
v  0.194900 6.085900 0.575300
v  0.015700 6.085900 0.539700
v  -0.136300 6.085900 0.438100
v  -0.237800 6.085900 0.286200
v  -0.273400 6.085900 0.107200
v  0.627700 6.340400 0.286200
v  0.526200 6.340400 0.438100
v  0.374200 6.340400 0.539700
v  0.194900 6.340400 0.575300
v  0.015700 6.340400 0.539700
v  -0.136300 6.340400 0.438100
v  -0.237800 6.340400 0.286200
v  -0.273400 6.340400 0.107200
v  0.506200 6.200900 0.107200
v  0.506200 6.723800 0.107200
v  0.482200 6.723800 0.227900
v  0.482200 6.200900 0.227900
v  0.413600 6.200900 0.330600
v  0.413600 6.723800 0.330600
v  0.310900 6.200900 0.399200
v  0.310900 6.723800 0.399200
v  0.189800 6.200900 0.423300
v  0.189800 6.723800 0.423300
v  0.068700 6.200900 0.399200
v  0.068700 6.723800 0.399200
v  -0.034000 6.200900 0.330600
v  -0.034000 6.723800 0.330600
v  -0.102600 6.200900 0.227900
v  -0.102600 6.723800 0.227900
v  0.577000 7.503200 0.107200
v  0.547400 7.651600 0.107200
v  0.547400 7.651600 0.560600
v  0.577000 7.503200 0.560600
v  0.463400 7.777300 0.107200
v  0.463400 7.777300 0.560600
v  0.337600 7.861400 0.107200
v  0.337600 7.861400 0.560600
v  0.189200 7.890900 0.107200
v  0.189200 7.890900 0.560600
v  0.040900 7.861400 0.107200
v  0.040900 7.861400 0.560600
v  -0.084900 7.777300 0.107200
v  -0.084900 7.777300 0.560600
v  -0.169000 7.651600 0.107200
v  -0.169000 7.651600 0.560600
v  -0.198500 7.503200 0.107200
v  -0.198500 7.503200 0.560600
v  -0.169000 7.354800 0.107200
v  -0.169000 7.354800 0.560600
v  -0.084900 7.229000 0.107200
v  -0.084900 7.229000 0.560600
v  0.040900 7.145000 0.107200
v  0.040900 7.145000 0.560600
v  0.189200 7.115500 0.107200
v  0.189200 7.115500 0.560600
v  0.337600 7.145000 0.107200
v  0.337600 7.145000 0.560600
v  0.463400 7.229000 0.107200
v  0.463400 7.229000 0.560600
v  0.547400 7.354800 0.107200
v  0.547400 7.354800 0.560600
v  0.570000 7.503200 0.572200
v  0.577000 7.503200 0.572200
v  0.547400 7.651600 0.572200
v  0.541000 7.648900 0.572200
v  0.463400 7.777300 0.572200
v  0.458500 7.772400 0.572200
v  0.337600 7.861400 0.572200
v  0.334900 7.854900 0.572200
v  0.189200 7.890900 0.572200
v  0.189200 7.883900 0.572200
v  0.040900 7.861400 0.572200
v  0.043500 7.854900 0.572200
v  -0.084900 7.777300 0.572200
v  -0.080000 7.772400 0.572200
v  -0.169000 7.651600 0.572200
v  -0.162500 7.648900 0.572200
v  -0.198500 7.503200 0.572200
v  -0.191500 7.503200 0.572200
v  -0.169000 7.354800 0.572200
v  -0.162500 7.357500 0.572200
v  -0.084900 7.229000 0.572200
v  -0.080000 7.234000 0.572200
v  0.040900 7.145000 0.572200
v  0.043500 7.151400 0.572200
v  0.189200 7.115500 0.572200
v  0.189200 7.122400 0.572200
v  0.337600 7.145000 0.572200
v  0.334900 7.151400 0.572200
v  0.463400 7.229000 0.572200
v  0.458500 7.234000 0.572200
v  0.547400 7.354800 0.572200
v  0.541000 7.357500 0.572200
v  0.466200 7.503200 0.582200
v  0.465100 7.503200 0.572200
v  0.444100 7.608800 0.572200
v  0.445100 7.609200 0.582200
v  0.384300 7.698300 0.572200
v  0.385000 7.699000 0.582200
v  0.294800 7.758100 0.572200
v  0.295200 7.759000 0.582200
v  0.189200 7.779100 0.572200
v  0.189200 7.780100 0.582200
v  0.083600 7.758100 0.572200
v  0.083300 7.759000 0.582200
v  -0.005900 7.698300 0.572200
v  -0.006600 7.699000 0.582200
v  -0.065700 7.608800 0.572200
v  -0.066600 7.609200 0.582200
v  -0.086700 7.503200 0.572200
v  -0.087700 7.503200 0.582200
v  -0.065700 7.397600 0.572200
v  -0.066600 7.397200 0.582200
v  -0.005900 7.308100 0.572200
v  -0.006600 7.307400 0.582200
v  0.083600 7.248300 0.572200
v  0.083300 7.247300 0.582200
v  0.189200 7.227300 0.572200
v  0.189200 7.226300 0.582200
v  0.294800 7.248300 0.572200
v  0.295200 7.247300 0.582200
v  0.384300 7.308100 0.572200
v  0.385000 7.307400 0.582200
v  0.444100 7.397600 0.572200
v  0.445100 7.397200 0.582200
v  0.605300 7.503200 1.974800
v  0.573600 7.662400 1.974800
v  0.538600 7.647900 2.012000
v  0.567400 7.503200 2.012000
v  0.483400 7.797400 1.974800
v  0.456600 7.770600 2.012000
v  0.348500 7.887600 1.974800
v  0.333900 7.852600 2.012000
v  0.189200 7.919300 1.974800
v  0.189200 7.881300 2.012000
v  0.030000 7.887600 1.974800
v  0.044500 7.852600 2.012000
v  -0.105000 7.797400 1.974800
v  -0.078200 7.770600 2.012000
v  -0.195200 7.662400 1.974800
v  -0.160200 7.647900 2.012000
v  -0.226800 7.503200 1.974800
v  -0.188900 7.503200 2.012000
v  -0.195200 7.344000 1.974800
v  -0.160200 7.358500 2.012000
v  -0.105000 7.209000 1.974800
v  -0.078200 7.235800 2.012000
v  0.030000 7.118800 1.974800
v  0.044500 7.153800 2.012000
v  0.189200 7.087100 1.974800
v  0.189200 7.125000 2.012000
v  0.348500 7.118800 1.974800
v  0.333900 7.153800 2.012000
v  0.483400 7.209000 1.974800
v  0.456600 7.235800 2.012000
v  0.573600 7.344000 1.974800
v  0.538600 7.358500 2.012000
v  0.086200 7.400200 2.035800
v  -0.005400 7.399200 2.034700
v  0.010700 7.324600 2.034700
v  0.085200 7.308600 2.034700
v  0.189200 7.398900 2.035800
v  0.189200 7.301300 2.034700
v  0.292200 7.400200 2.035800
v  0.293200 7.308600 2.034700
v  0.383800 7.399200 2.034700
v  0.367800 7.324600 2.034700
v  0.084900 7.503200 2.035800
v  -0.012700 7.503200 2.034700
v  0.189200 7.503200 2.035800
v  0.293500 7.503200 2.035800
v  0.391100 7.503200 2.034700
v  0.086200 7.606200 2.035800
v  -0.005400 7.607200 2.034700
v  0.189200 7.607500 2.035800
v  0.292200 7.606200 2.035800
v  0.383800 7.607200 2.034700
v  0.085200 7.697800 2.034700
v  0.010700 7.681700 2.034700
v  0.189200 7.705100 2.034700
v  0.293200 7.697800 2.034700
v  0.367800 7.681700 2.034700
v  -0.103000 7.503200 2.026700
v  -0.084700 7.380700 2.026700
v  -0.030600 7.283300 2.026700
v  0.066800 7.229200 2.026700
v  0.189200 7.211000 2.026700
v  0.311700 7.229200 2.026700
v  0.409100 7.283300 2.026700
v  0.463200 7.380700 2.026700
v  0.481400 7.503200 2.026700
v  0.463200 7.625600 2.026700
v  0.409100 7.723000 2.026700
v  0.311700 7.777100 2.026700
v  0.189200 7.795400 2.026700
v  0.066800 7.777100 2.026700
v  -0.030600 7.723000 2.026700
v  -0.084700 7.625600 2.026700
v  0.597400 7.503200 1.896000
v  0.566400 7.659400 1.896000
v  0.477900 7.791800 1.896000
v  0.345400 7.880300 1.896000
v  0.189200 7.911400 1.896000
v  0.033000 7.880300 1.896000
v  -0.099400 7.791800 1.896000
v  -0.187900 7.659400 1.896000
v  -0.219000 7.503200 1.896000
v  -0.187900 7.347000 1.896000
v  -0.099400 7.214500 1.896000
v  0.033000 7.126100 1.896000
v  0.189200 7.095000 1.896000
v  0.345400 7.126100 1.896000
v  0.477900 7.214500 1.896000
v  0.566400 7.347000 1.896000
v  0.584800 7.503200 1.769400
v  0.537900 7.503200 1.300700
v  0.511400 7.636600 1.300700
v  0.554700 7.654500 1.769400
v  0.435800 7.749800 1.300700
v  0.468900 7.782900 1.769400
v  0.322700 7.825300 1.300700
v  0.340600 7.868600 1.769400
v  0.189200 7.851900 1.300700
v  0.189200 7.898700 1.769400
v  0.055800 7.825300 1.300700
v  0.037900 7.868600 1.769400
v  -0.057300 7.749800 1.300700
v  -0.090500 7.782900 1.769400
v  -0.132900 7.636600 1.300700
v  -0.176200 7.654500 1.769400
v  -0.159500 7.503200 1.300700
v  -0.206300 7.503200 1.769400
v  -0.132900 7.369700 1.300700
v  -0.176200 7.351800 1.769400
v  -0.057300 7.256600 1.300700
v  -0.090500 7.223500 1.769400
v  0.055800 7.181000 1.300700
v  0.037900 7.137700 1.769400
v  0.189200 7.154500 1.300700
v  0.189200 7.107600 1.769400
v  0.322700 7.181000 1.300700
v  0.340600 7.137700 1.769400
v  0.435800 7.256600 1.300700
v  0.468900 7.223500 1.769400
v  0.511400 7.369700 1.300700
v  0.554700 7.351800 1.769400
v  0.809600 6.034900 0.361500
v  0.860200 6.034900 0.107200
v  0.860200 6.123500 0.107200
v  0.809600 6.123500 0.361500
v  0.665400 6.123500 0.577400
v  0.665400 6.034900 0.577400
v  0.449600 6.123500 0.721600
v  0.449600 6.034900 0.721600
v  0.194900 6.123500 0.772200
v  0.194900 6.034900 0.772200
v  -0.059700 6.123500 0.721600
v  -0.059700 6.034900 0.721600
v  -0.275500 6.123500 0.577400
v  -0.275500 6.034900 0.577400
v  -0.419700 6.123500 0.361500
v  -0.419700 6.034900 0.361500
v  0.723600 6.140300 0.107200
v  0.482200 7.049200 0.227900
v  0.506200 7.049200 0.107200
v  0.506200 7.319700 0.107200
v  0.482200 7.319700 0.227900
v  0.413600 7.319700 0.330600
v  0.413600 7.049200 0.330600
v  0.310900 7.319700 0.399200
v  0.310900 7.049200 0.399200
v  0.189800 7.319700 0.423300
v  0.189800 7.049200 0.423300
v  0.068700 7.319700 0.399200
v  0.068700 7.049200 0.399200
v  -0.034000 7.319700 0.330600
v  -0.034000 7.049200 0.330600
v  -0.102600 7.319700 0.227900
v  -0.102600 7.049200 0.227900
v  0.476200 7.503200 0.572200
v  0.454300 7.613000 0.572200
v  0.392100 7.706100 0.572200
v  0.299000 7.768300 0.572200
v  0.189200 7.790100 0.572200
v  0.079400 7.768300 0.572200
v  -0.013700 7.706100 0.572200
v  -0.075900 7.613000 0.572200
v  -0.097700 7.503200 0.572200
v  -0.075900 7.393400 0.572200
v  -0.013700 7.300300 0.572200
v  0.079400 7.238100 0.572200
v  0.189200 7.216200 0.572200
v  0.299000 7.238100 0.572200
v  0.392100 7.300300 0.572200
v  0.454300 7.393400 0.572200
v  -1.900500 2.101400 0.107200
v  4.180700 3.085400 0.107200
v  4.180700 5.404500 0.107200
v  -0.470300 5.368300 0.107200
v  -0.470300 5.773800 0.107200
v  -0.470300 6.140300 0.107200
v  -0.447100 6.140300 0.107200
v  0.694100 6.085900 0.107200
v  0.663300 6.085900 0.107200
v  0.663300 6.340400 0.107200
v  -0.126600 6.200900 0.107200
v  -0.126600 6.723800 0.107200
v  -0.470300 6.034900 0.107200
v  -0.470300 6.123500 0.107200
v  -0.126600 7.049200 0.107200
v  -0.126600 7.319700 0.107200
v  -0.682500 5.126900 0.107200
v  -0.682600 5.185200 0.107200
v  -0.530400 5.557700 0.107200
v  -0.512300 5.557700 0.107200
v  -0.493500 5.546700 0.107200
v  -0.493500 5.530500 0.107200
v  -0.503500 5.557700 0.107200
v  1.072300 5.185900 0.107200
v  -0.683200 5.461000 0.107200
v  1.072500 5.126900 0.107200
v  -0.493500 5.456500 0.107200
v  1.743500 3.946300 0.107200
v  2.397200 3.877800 0.107200
v  3.192700 3.838200 0.107200
v  1.590600 4.012300 0.107200
v  -0.383400 1.626300 0.107200
v  -0.723600 1.717600 0.107200
v  -0.981500 1.885000 0.107200
v  -1.132400 2.067700 0.107200
v  -1.088800 4.132600 0.107200
v  -0.988100 4.508500 0.107200
v  -1.033000 4.808100 0.107200
v  -1.022700 4.808100 0.107200
v  -1.275700 2.190400 0.107200
v  -1.522500 2.206700 0.107200
v  3.192700 2.326500 0.107200
v  -2.685700 1.735100 0.107200
v  -2.833200 3.507500 0.107200
v  -2.864900 1.486400 0.107200
v  -2.908200 1.207100 0.107200
v  -1.029100 4.781600 0.107200
v  3.265000 3.834600 0.107200
v  3.306300 3.872200 0.107200
v  3.570700 4.113300 0.107200
v  3.628600 4.113300 0.107200
v  3.894300 2.135600 0.107200
v  3.820300 1.848900 0.107200
v  3.825600 1.054900 0.107200
v  3.935900 3.902300 0.107200
v  3.935900 4.069500 0.107200
v  3.935900 4.091500 0.107200
v  3.916600 4.107400 0.107200
v  3.930300 4.524500 0.107200
v  3.946300 4.534400 0.107200
v  3.946300 4.552700 0.107200
v  3.946300 4.810500 0.107200
v  3.932300 4.825400 0.107200
v  3.932400 5.383400 0.107200
v  3.956800 5.404500 0.107200
v  3.986300 5.404500 0.107200
v  -2.905600 0.808400 0.107200
v  -3.013600 0.797800 0.107200
v  -0.873500 4.801600 0.107200
v  -2.898200 0.908800 0.107200
v  3.531800 4.077800 0.107200
v  3.946300 4.791600 0.107200
v  -0.828800 4.739700 0.107200
v  -0.828800 4.898500 0.107200
v  -0.828800 4.912600 0.107200
v  -0.852500 4.916700 0.107200
v  -0.986600 4.939600 0.107200
v  -0.986600 4.954000 0.107200
v  -0.963700 4.935700 0.107200
v  -0.986600 5.103900 0.107200
v  1.362500 5.122300 0.107200
v  0.963200 5.122300 0.107200
v  0.453000 6.340400 0.213900
v  0.392400 6.340400 0.304500
v  0.301800 6.340400 0.365100
v  0.194900 6.340400 0.386300
v  0.088100 6.340400 0.365100
v  -0.002500 6.340400 0.304500
v  -0.063100 6.340400 0.213900
v  -0.084300 6.340400 0.107200
v  0.474200 6.340400 0.107200
v  1.070000 5.529900 -0.003300
v  1.070200 5.463300 -0.003400
v  0.546500 5.126900 -0.685500
v  0.537100 5.184000 -0.690800
v  0.608400 5.185600 -0.650900
v  0.608400 5.126900 -0.650900
v  -0.064700 5.126900 -0.743100
v  -0.064800 5.182500 -0.743200
v  0.171800 5.171900 -0.879000
v  0.171900 5.126900 -0.878900
v  0.191100 5.126900 -0.879200
v  0.191000 5.171900 -0.879300
v  0.395800 5.178700 -0.769800
v  0.405700 5.126900 -0.764200
v  0.850700 5.126900 -0.515400
v  0.850600 5.181900 -0.515500
v  1.051500 5.172600 -0.398100
v  1.051600 5.126900 -0.398000
v  1.068800 5.126900 -0.165000
v  1.061400 5.126900 -0.381500
v  1.061300 5.172600 -0.381700
v  1.068600 5.181600 -0.164800
v  1.046100 5.467200 -0.374000
v  1.052400 5.526900 -0.162600
v  1.061800 5.517100 -0.162800
v  1.055600 5.455300 -0.379600
v  0.190300 5.462700 -0.863200
v  0.333400 5.508100 -0.787500
v  0.334500 5.496900 -0.797600
v  0.190200 5.450700 -0.874200
v  -0.661200 5.461500 -0.366600
v  -0.458400 5.524600 -0.492000
v  -0.462900 5.517200 -0.500100
v  -0.670900 5.449600 -0.371900
v  -0.668800 5.544200 0.036400
v  -0.678100 5.539000 0.035200
v  -0.670300 5.461500 -0.350400
v  -0.679900 5.449700 -0.355800
v  -0.680300 5.516200 -0.122500
v  -0.671100 5.523500 -0.123700
v  -0.193100 5.538200 -0.660900
v  -0.341400 5.535900 -0.572500
v  -0.334000 5.541400 -0.566100
v  -0.188400 5.543400 -0.652800
v  0.171700 5.462300 -0.862800
v  0.171600 5.450500 -0.873800
v  -0.063300 5.521200 -0.738200
v  -0.061200 5.528300 -0.728600
v  0.599100 5.546100 -0.638600
v  0.606400 5.540900 -0.645300
v  0.478400 5.531400 -0.716900
v  0.473200 5.538800 -0.709100
v  1.036600 5.467100 -0.389900
v  1.046200 5.455200 -0.395500
v  0.848700 5.518300 -0.509900
v  0.844600 5.526500 -0.501500
v  1.063700 5.542500 -0.004100
v  1.054300 5.549800 -0.004900
v  1.067900 5.502600 -0.163600
v  1.068100 5.440500 -0.163800
v  0.723400 5.126900 -0.586500
v  0.723500 5.185000 -0.586500
v  0.492600 5.454100 -0.716000
v  0.348900 5.424100 -0.796300
v  0.337600 5.482900 -0.802700
v  0.482000 5.518800 -0.722000
v  -0.198100 5.126900 -0.663600
v  -0.198200 5.185200 -0.663800
v  0.721900 5.538900 -0.580700
v  0.715500 5.546700 -0.573500
v  1.060900 5.440700 -0.382600
v  0.190200 5.436100 -0.880300
v  -0.466100 5.504500 -0.505300
v  -0.676200 5.435000 -0.374800
v  -0.684300 5.526300 0.035600
v  -0.686400 5.503100 -0.118500
v  -0.685200 5.435000 -0.358700
v  -0.199000 5.527100 -0.664600
v  -0.344900 5.524500 -0.577700
v  -0.065400 5.508600 -0.744100
v  0.171600 5.436000 -0.879900
v  0.608900 5.529800 -0.651000
v  0.850200 5.504500 -0.516100
v  1.051400 5.440600 -0.398600
v  0.724100 5.526000 -0.586600
v  -0.344000 5.126900 -0.576700
v  -0.344100 5.184800 -0.576900
v  -0.344700 5.458800 -0.577500
v  -0.466000 5.442100 -0.505200
v  -0.676000 5.384100 -0.374800
v  -0.685100 5.384100 -0.358500
v  -0.686200 5.440900 -0.118600
v  -0.684200 5.460300 0.035600
v  0.120200 5.557800 -0.640800
v  0.117200 5.531800 -0.722600
v  -0.015400 5.548200 -0.666100
v  -0.002700 5.557600 -0.600700
v  -0.166300 5.551900 -0.590800
v  -0.142400 5.557300 -0.541100
v  -0.298600 5.551300 -0.508200
v  -0.272100 5.557100 -0.458500
v  -0.422300 5.547100 -0.414000
v  -0.372600 5.557100 -0.363300
v  -0.518500 5.531300 -0.330300
v  -0.582300 5.546900 -0.116900
v  -0.594200 5.552200 0.043800
v  -0.532100 5.557600 0.045200
v  -0.510400 5.557300 -0.095600
v  -0.563100 5.531400 -0.247900
v  0.967400 5.549000 -0.151600
v  0.982900 5.554800 0.012900
v  0.945400 5.533900 -0.276500
v  0.800300 5.548600 -0.432800
v  0.898700 5.533900 -0.353600
v  0.680600 5.553500 -0.519500
v  0.208300 5.531900 -0.732600
v  0.315900 5.543400 -0.699000
v  0.445000 5.551200 -0.648000
v  0.539900 5.559100 -0.545800
v  0.564400 5.553100 -0.589400
v  0.424700 5.558700 -0.595300
v  0.190300 5.385000 -0.880100
v  0.171600 5.384900 -0.879800
v  1.061000 5.388900 -0.382500
v  1.051500 5.388800 -0.398500
v  0.198700 5.558000 -0.646000
v  -0.448300 5.557100 -0.279400
v  -0.481900 5.557200 -0.211100
v  0.922700 5.561400 0.019400
v  0.898900 5.561000 -0.129500
v  0.867500 5.560700 -0.240300
v  0.749900 5.560000 -0.386300
v  0.828500 5.560400 -0.305400
v  0.647300 5.559600 -0.475700
v  0.302900 5.558300 -0.627400
v  -0.256000 5.557100 -0.444700
v  -0.144000 5.557300 -0.517500
v  0.525500 5.559100 -0.526300
v  0.627400 5.559500 -0.461000
v  -0.345900 5.557100 -0.357300
v  -0.024900 5.557500 -0.568000
v  0.189200 5.558000 -0.611900
v  0.299000 5.558300 -0.601200
v  0.415400 5.558700 -0.572800
v  0.719600 5.559900 -0.378400
v  0.841700 5.560700 -0.208000
v  0.878000 5.561000 -0.099900
v  0.902500 5.561400 0.027500
v  0.089700 5.557700 -0.601100
v  -0.416500 5.557100 -0.269000
v  -0.513500 5.557600 0.053700
v  -0.492800 5.557300 -0.071200
v  0.793400 5.560300 -0.292900
v  -0.460100 5.557200 -0.182000
v  -0.239800 5.546100 -0.430800
v  -0.239800 5.529900 -0.430800
v  -0.145500 5.530000 -0.495100
v  -0.145500 5.546200 -0.495100
v  0.512100 5.548100 -0.507900
v  0.512100 5.531900 -0.507900
v  0.608800 5.532300 -0.447400
v  0.608800 5.548500 -0.447400
v  -0.322200 5.546100 -0.351900
v  -0.322200 5.529900 -0.351900
v  -0.041900 5.530200 -0.543000
v  -0.041900 5.546400 -0.543000
v  0.181700 5.546900 -0.584800
v  0.181700 5.530700 -0.584800
v  0.295500 5.531100 -0.577500
v  0.295500 5.547300 -0.577500
v  0.406700 5.547700 -0.551700
v  0.406700 5.531500 -0.551700
v  0.694200 5.532700 -0.371700
v  0.694200 5.548900 -0.371700
v  0.822300 5.549700 -0.183800
v  0.822300 5.533500 -0.183800
v  0.861500 5.533900 -0.076600
v  0.861500 5.550100 -0.076600
v  0.882400 5.534200 0.035600
v  0.882400 5.550400 0.035600
v  0.068100 5.530500 -0.573100
v  0.068100 5.546600 -0.573100
v  -0.390500 5.546100 -0.260500
v  -0.390500 5.529900 -0.260500
v  -0.494400 5.546600 0.062400
v  -0.494400 5.530400 0.062400
v  -0.477800 5.530200 -0.050500
v  -0.477800 5.546300 -0.050500
v  0.766000 5.533100 -0.283100
v  0.766000 5.549300 -0.283100
v  -0.442900 5.530000 -0.159100
v  -0.442900 5.546200 -0.159100
v  -0.248100 5.557100 -0.438000
v  -0.144800 5.557200 -0.506100
v  0.518600 5.559000 -0.516800
v  0.617600 5.559500 -0.453900
v  -0.332900 5.557100 -0.354300
v  -0.035700 5.557400 -0.552000
v  0.184600 5.557900 -0.595300
v  0.297200 5.558300 -0.588400
v  0.410900 5.558700 -0.561900
v  0.704900 5.559900 -0.374500
v  0.829200 5.560700 -0.192400
v  0.867800 5.561000 -0.085600
v  0.892600 5.561400 0.031500
v  0.074800 5.557700 -0.581800
v  -0.401000 5.557100 -0.263900
v  -0.504400 5.557600 0.057800
v  -0.484300 5.557300 -0.059400
v  0.776400 5.560300 -0.286800
v  -0.449500 5.557200 -0.167900
v  0.608800 5.463200 -0.651000
v  -0.065300 5.445500 -0.743900
v  0.850300 5.442100 -0.515900
v  1.070800 5.185600 -0.003700
v  0.724000 5.460100 -0.586600
v  -0.198800 5.460900 -0.664400
v  -0.465700 5.181900 -0.504400
v  -0.675200 5.171800 -0.374400
v  -0.684500 5.171800 -0.357700
v  -0.685700 5.181700 -0.119000
v  -0.683600 5.185100 0.035300
v  1.071000 5.126900 -0.003800
v  -0.465600 5.126900 -0.504200
v  -0.675000 5.126900 -0.374300
v  -0.684400 5.126900 -0.357500
v  -0.685500 5.126900 -0.119000
v  -0.683400 5.126900 0.035300
v  -0.239800 5.455900 -0.430800
v  -0.145500 5.456000 -0.495100
v  0.512100 5.457900 -0.507900
v  0.608800 5.458300 -0.447400
v  -0.322200 5.455900 -0.351900
v  -0.041900 5.456200 -0.543000
v  0.181700 5.456700 -0.584800
v  0.295500 5.457100 -0.577500
v  0.406700 5.457500 -0.551700
v  0.694200 5.458700 -0.371700
v  0.822300 5.459500 -0.183800
v  0.861500 5.459900 -0.076600
v  0.882400 5.460200 0.035600
v  0.068100 5.456400 -0.573100
v  -0.390500 5.455900 -0.260500
v  -0.494400 5.456400 0.062400
v  -0.477800 5.456100 -0.050500
v  0.766000 5.459100 -0.283100
v  -0.442900 5.456000 -0.159100
v  0.194900 1.625700 -0.448400
v  0.417500 1.626300 -0.413400
v  0.194900 1.738100 -0.798000
v  0.547700 1.738100 -0.727800
v  0.194900 1.973500 -1.052600
v  0.645200 1.971500 -0.939100
v  0.194900 2.310300 -1.148000
v  0.706200 2.311500 -1.061500
v  0.194900 2.685000 -1.206800
v  0.699400 2.686500 -1.106400
v  0.194900 3.037500 -1.265800
v  0.726800 3.037500 -1.160000
v  0.194900 3.443700 -1.217000
v  0.708100 3.443700 -1.114900
v  0.194900 3.876300 -1.163400
v  0.687600 3.876300 -1.065400
v  0.194900 4.424600 -1.111400
v  0.667700 4.424600 -1.017400
v  0.194900 4.808100 -1.097000
v  0.662200 4.808100 -1.004100
v  0.666100 4.808100 -1.013700
v  0.194900 4.808100 -1.107400
v  0.606200 1.626300 -0.287400
v  0.846800 1.737100 -0.516000
v  1.042200 1.956000 -0.691700
v  1.194200 2.305800 -0.727600
v  1.149400 2.713000 -0.915700
v  1.177600 3.094200 -0.964300
v  1.143100 3.519600 -0.889900
v  1.105200 3.814100 -0.671400
v  1.047100 4.402100 -0.674600
v  1.058300 4.808100 -0.739400
v  1.065600 4.808100 -0.746800
v  0.732200 1.626300 -0.098800
v  1.046600 1.724200 -0.226700
v  1.288000 1.902300 -0.294600
v  1.447300 2.123100 -0.321300
v  1.286800 4.473600 -0.345400
v  1.384200 4.058000 -0.337900
v  1.322900 4.808100 -0.343300
v  1.332500 4.808100 -0.347300
v  1.250800 4.694200 0.107200
v  1.181100 4.689000 -0.284600
v  1.259100 4.689000 0.107200
v  1.490600 2.775000 -0.741800
v  1.537300 2.452600 -0.572700
v  1.634300 2.265000 -0.247700
v  1.534300 3.923100 -0.294200
v  1.414200 3.706400 -0.558900
v  1.436300 3.501500 -0.741800
v  1.455700 3.129100 -0.817300
v  2.397200 2.819000 -0.629600
v  2.397200 2.527800 -0.454300
v  1.906000 2.524900 -0.475900
v  1.862600 2.810200 -0.644300
v  2.397200 2.345700 -0.185600
v  1.934600 2.334500 -0.202300
v  2.397200 3.798900 -0.223000
v  2.397200 3.601300 -0.476300
v  1.743500 3.645400 -0.528500
v  1.743500 3.860200 -0.253200
v  2.397200 3.436200 -0.583700
v  1.743500 3.466000 -0.645300
v  2.397200 3.147000 -0.646300
v  1.797100 3.151500 -0.713300
v  3.192700 2.832900 -0.591700
v  3.192700 2.556300 -0.425300
v  3.192700 2.383400 -0.170000
v  3.192700 3.763400 -0.205600
v  3.192700 3.575800 -0.446100
v  3.192700 3.419000 -0.548200
v  3.192700 3.144400 -0.607600
v  -0.027600 1.626300 -0.413400
v  -0.157800 1.738100 -0.727800
v  -0.255300 1.971500 -0.939100
v  -0.316300 2.311500 -1.061500
v  -0.309500 2.686500 -1.106400
v  -0.336900 3.037500 -1.160000
v  -0.318200 3.443700 -1.114900
v  -0.297700 3.876300 -1.065400
v  -0.277800 4.424600 -1.017400
v  -0.276200 4.808100 -1.013700
v  -0.272300 4.808100 -1.004100
v  -0.216300 1.626300 -0.287400
v  -0.456900 1.737100 -0.516000
v  -0.652300 1.956000 -0.691700
v  -0.804400 2.305800 -0.727600
v  -0.759500 2.713000 -0.915700
v  -0.787700 3.094200 -0.964300
v  -0.753200 3.519600 -0.889900
v  -0.715300 3.814100 -0.671400
v  -0.657200 4.402100 -0.674600
v  -0.675700 4.808100 -0.746800
v  -0.668400 4.808100 -0.739400
v  -0.342400 1.626300 -0.098800
v  -0.656700 1.724200 -0.226700
v  -0.898100 1.902300 -0.294600
v  -1.057400 2.123100 -0.321300
v  -0.994300 4.058000 -0.337900
v  -0.896900 4.473600 -0.345400
v  -0.942600 4.808100 -0.347300
v  -0.933000 4.808100 -0.343300
v  -1.144800 2.441100 -0.571400
v  -1.103100 2.763600 -0.740600
v  -1.238700 2.253400 -0.246900
v  -1.024300 3.706400 -0.558900
v  -1.144400 3.923100 -0.294200
v  -1.046500 3.501500 -0.741800
v  -1.065800 3.129100 -0.817300
v  -1.502000 2.455800 -0.468700
v  -1.964300 2.343000 -0.433300
v  -2.044700 2.637400 -0.610500
v  -1.479400 2.753200 -0.638200
v  -1.512500 2.265200 -0.197600
v  -1.916100 2.161000 -0.172200
v  -1.353600 3.860200 -0.253200
v  -2.344900 3.656200 -0.227100
v  -1.353600 3.645400 -0.528500
v  -2.280700 3.447200 -0.478900
v  -1.353600 3.466000 -0.645300
v  -2.228500 3.274000 -0.582300
v  -1.412000 3.146400 -0.713300
v  -2.140100 2.973500 -0.636300
v  -2.576300 2.103600 -0.400300
v  -2.834000 1.889100 -0.382100
v  -3.013200 2.074700 -0.535900
v  -2.726400 2.333300 -0.562500
v  -2.483400 1.960900 -0.155900
v  -2.722300 1.773100 -0.146900
v  -3.244700 3.118900 -0.197200
v  -3.619400 2.700400 -0.180500
v  -3.138500 2.958900 -0.429900
v  -3.496800 2.574100 -0.402600
v  -3.050500 2.825900 -0.527300
v  -3.394500 2.468600 -0.496600
v  -2.897600 2.594100 -0.581500
v  -3.215600 2.283900 -0.551000
v  -3.031400 1.600800 -0.365200
v  -3.089000 1.276400 -0.350500
v  -3.304900 1.358100 -0.489900
v  -3.231100 1.737800 -0.511300
v  -2.376200 2.510400 -0.587400
v  -2.257300 2.241200 -0.415500
v  -2.906000 1.514600 -0.138400
v  -2.952900 1.224300 -0.131200
v  -2.185000 2.075200 -0.162400
v  -3.894300 2.190500 -0.165300
v  -4.013200 1.617600 -0.151900
v  -3.761600 2.100200 -0.377600
v  -3.872600 1.567100 -0.355600
v  -2.797600 3.431700 -0.212300
v  -2.709600 3.242600 -0.454100
v  -3.650400 2.024400 -0.468500
v  -3.754300 1.524300 -0.443800
v  -2.637100 3.085800 -0.553900
v  -3.454500 1.890700 -0.523000
v  -3.545100 1.447500 -0.498400
v  -2.512500 2.813000 -0.606200
v  0.194900 4.774200 -1.107800
v  0.666300 4.774200 -1.014000
v  1.064000 4.772200 -0.740400
v  1.328500 4.778600 -0.347100
v  -0.276400 4.774200 -1.014000
v  -0.674100 4.772200 -0.740400
v  -0.938600 4.778600 -0.347100
v  3.265000 2.558900 -0.422600
v  3.265000 2.834100 -0.588300
v  3.306300 2.821000 -0.624200
v  3.306300 2.531800 -0.450300
v  3.306300 2.351000 -0.183400
v  3.265000 2.386800 -0.168600
v  3.265000 3.760200 -0.204000
v  3.306300 3.793900 -0.220500
v  3.306300 3.597700 -0.472100
v  3.265000 3.573500 -0.443400
v  3.306300 3.433800 -0.578700
v  3.265000 3.417500 -0.544900
v  3.306300 3.146600 -0.640900
v  3.265000 3.144100 -0.604100
v  3.570700 2.736500 -0.855000
v  3.628600 2.736500 -0.855000
v  3.628600 2.358100 -0.627300
v  3.570700 2.358100 -0.627300
v  3.628600 2.121600 -0.278100
v  3.570700 2.121600 -0.278100
v  3.570700 4.009600 -0.326700
v  3.628600 4.009600 -0.326700
v  3.628600 3.752900 -0.655800
v  3.570700 3.752900 -0.655800
v  3.628600 3.538400 -0.795400
v  3.570700 3.538400 -0.795400
v  3.628600 3.162600 -0.876700
v  3.570700 3.162600 -0.876700
v  3.840500 2.358100 -0.627300
v  3.840500 2.736500 -0.855000
v  3.894300 2.768100 -0.768700
v  3.894300 2.423000 -0.561100
v  3.840500 2.121600 -0.278100
v  3.894300 2.207400 -0.242700
v  3.894300 3.928900 -0.287000
v  3.840500 4.009600 -0.326700
v  3.840500 3.752900 -0.655800
v  3.894300 3.694800 -0.587100
v  3.840500 3.538400 -0.795400
v  3.894300 3.499300 -0.714400
v  3.840500 3.162600 -0.876700
v  3.894300 3.156600 -0.788500
v  3.935900 2.327400 -0.190800
v  3.935900 2.172800 -0.254800
v  3.935900 2.152600 -0.263200
v  3.916600 2.137800 -0.269300
v  3.859100 1.792800 -0.412200
v  3.930300 1.752500 -0.428900
v  3.946300 1.743400 -0.432700
v  3.946300 1.726400 -0.439700
v  3.946300 1.488300 -0.538400
v  3.932300 1.474500 -0.544100
v  3.867400 1.011100 -0.736000
v  3.932400 0.959000 -0.757600
v  3.956800 0.939500 -0.765700
v  3.986300 0.939500 -0.765700
v  3.935900 2.505200 -0.456900
v  3.935900 2.386900 -0.575200
v  3.935900 2.371400 -0.590700
v  3.916600 2.360100 -0.602000
v  3.857100 2.092300 -0.288200
v  3.857100 2.325300 -0.636800
v  3.820300 2.208800 -0.753300
v  3.820300 1.940100 -0.351200
v  3.859100 2.096100 -0.866000
v  3.930300 2.065200 -0.896900
v  3.946300 2.058200 -0.903900
v  3.946300 2.045200 -0.916900
v  3.946300 1.862900 -1.099100
v  3.932300 1.852400 -1.109600
v  3.862500 1.406600 -0.572200
v  3.862500 1.800400 -1.161700
v  3.825600 1.647400 -1.314700
v  3.825600 1.206600 -0.655100
v  3.867400 1.497800 -1.464300
v  3.932400 1.457900 -1.504200
v  3.956800 1.442900 -1.519200
v  3.986300 1.442900 -1.519200
v  3.935900 2.771300 -0.634700
v  3.935900 2.707300 -0.789200
v  3.935900 2.698900 -0.809500
v  3.916600 2.692800 -0.824300
v  3.857100 2.673900 -0.869800
v  3.820300 2.610900 -1.022000
v  3.859100 2.549900 -1.169200
v  3.930300 2.533200 -1.209600
v  3.946300 2.529400 -1.218700
v  3.946300 2.522400 -1.235700
v  3.946300 2.423700 -1.473800
v  3.932300 2.418000 -1.487600
v  3.862500 2.389900 -1.555500
v  3.825600 2.307000 -1.755500
v  3.867400 2.226100 -1.951000
v  3.932400 2.204500 -2.003100
v  3.956800 2.196400 -2.022600
v  3.986300 2.196400 -2.022600
v  3.935900 3.085200 -0.697200
v  3.935900 3.085200 -0.864400
v  3.935900 3.085200 -0.886400
v  3.916600 3.085200 -0.902300
v  3.857100 3.085200 -0.951600
v  3.820300 3.085200 -1.116300
v  3.859100 3.085200 -1.275700
v  3.930300 3.085200 -1.319400
v  3.946300 3.085200 -1.329200
v  3.946300 3.085200 -1.347600
v  3.946300 3.085200 -1.605400
v  3.932300 3.085200 -1.620300
v  3.862500 3.085200 -1.693800
v  3.825600 3.085200 -1.910300
v  3.867400 3.085200 -2.121900
v  3.932400 3.085200 -2.178300
v  3.956800 3.085200 -2.199400
v  3.986300 3.085200 -2.199400
v  3.935900 3.399100 -0.634700
v  3.935900 3.463100 -0.789200
v  3.935900 3.471500 -0.809500
v  3.916600 3.477600 -0.824300
v  3.857100 3.496400 -0.869800
v  3.820300 3.559500 -1.022000
v  3.859100 3.620500 -1.169200
v  3.930300 3.637200 -1.209600
v  3.946300 3.641000 -1.218700
v  3.946300 3.648000 -1.235700
v  3.946300 3.746600 -1.473800
v  3.932300 3.752300 -1.487600
v  3.862500 3.780500 -1.555500
v  3.825600 3.863300 -1.755500
v  3.867400 3.944300 -1.951000
v  3.932400 3.965900 -2.003100
v  3.956800 3.974000 -2.022600
v  3.986300 3.974000 -2.022600
v  3.935900 3.665200 -0.456900
v  3.935900 3.783500 -0.575200
v  3.935900 3.799000 -0.590700
v  3.916600 3.810200 -0.602000
v  3.857100 3.845100 -0.636800
v  3.820300 3.961600 -0.753300
v  3.859100 4.074300 -0.866000
v  3.930300 4.105200 -0.896900
v  3.946300 4.112100 -0.903900
v  3.946300 4.125100 -0.916900
v  3.946300 4.307400 -1.099100
v  3.932300 4.317900 -1.109600
v  3.862500 4.369900 -1.161700
v  3.825600 4.523000 -1.314700
v  3.867400 4.672600 -1.464300
v  3.932400 4.712500 -1.504200
v  3.956800 4.727400 -1.519200
v  3.986300 4.727400 -1.519200
v  3.935900 3.843000 -0.190800
v  3.935900 3.997500 -0.254800
v  3.935900 4.017800 -0.263200
v  3.916600 4.032500 -0.269300
v  3.857100 4.078000 -0.288200
v  3.820300 4.230200 -0.351200
v  3.859100 4.377500 -0.412200
v  3.930300 4.417900 -0.428900
v  3.946300 4.427000 -0.432700
v  3.946300 4.443900 -0.439700
v  3.946300 4.682100 -0.538400
v  3.932300 4.695800 -0.544100
v  3.862500 4.763800 -0.572200
v  3.825600 4.963800 -0.655100
v  3.867400 5.159200 -0.736000
v  3.932400 5.211300 -0.757600
v  3.956800 5.230900 -0.765700
v  3.986300 5.230900 -0.765700
v  -3.101000 0.814700 -0.331500
v  -3.110300 0.813800 -0.321900
v  -3.339600 0.820000 -0.449900
v  -3.335200 0.820400 -0.462200
v  -2.952600 0.809500 -0.121700
v  -2.965000 0.808400 -0.116600
v  -4.093400 0.817200 -0.134700
v  -4.082000 0.818300 -0.129300
v  -3.944200 0.820700 -0.327500
v  -3.935900 0.821400 -0.318000
v  -3.818100 0.822400 -0.412100
v  -3.812500 0.822900 -0.400900
v  -3.594100 0.823200 -0.466900
v  -3.593100 0.823300 -0.454500
v  -3.334000 0.831000 -0.462700
v  -3.100200 0.823800 -0.331800
v  -2.952100 0.817700 -0.121900
v  -4.091100 0.833100 -0.135100
v  -3.942000 0.835500 -0.328000
v  -3.816200 0.836300 -0.412800
v  -3.592400 0.835500 -0.467500
v  -3.176600 0.807800 -0.253500
v  -3.371100 0.817100 -0.361800
v  -3.053400 0.800400 -0.079700
v  -4.000300 0.825600 -0.090500
v  -3.876500 0.826800 -0.250200
v  -3.771900 0.826600 -0.320300
v  -3.585900 0.823900 -0.365600
v  0.194900 4.808100 -0.952100
v  0.606700 4.808100 -0.870200
v  0.955800 4.808100 -0.637000
v  1.189000 4.808100 -0.287900
v  -0.216800 4.808100 -0.870200
v  -0.565900 4.808100 -0.637000
v  -0.799100 4.808100 -0.287900
v  1.181100 4.699400 -0.284600
v  -3.319700 0.957200 -0.469500
v  -3.090600 0.931900 -0.336500
v  -2.945700 0.914700 -0.124200
v  -4.063700 1.022000 -0.139300
v  -3.916900 1.011400 -0.334900
v  -3.793100 1.001600 -0.420500
v  -3.573300 0.982300 -0.475200
v  3.531800 2.383700 -0.601200
v  3.531800 2.748900 -0.821000
v  3.531800 2.155400 -0.264100
v  3.531800 3.730000 -0.628800
v  3.531800 3.977800 -0.311000
v  3.531800 3.523000 -0.763500
v  3.531800 3.160300 -0.842000
v  4.180700 0.939500 -0.765700
v  4.180700 1.442900 -1.519200
v  4.180700 2.196400 -2.022600
v  4.180700 3.085200 -2.199400
v  4.180700 3.974000 -2.022600
v  4.180700 4.727400 -1.519200
v  4.180700 5.230900 -0.765700
v  3.946300 1.505800 -0.531100
v  3.946300 1.876400 -1.085700
v  3.946300 2.431000 -1.456300
v  3.946300 3.085200 -1.586400
v  3.946300 3.739400 -1.456300
v  3.946300 4.294000 -1.085700
v  3.946300 4.664600 -0.531100
v  1.143700 4.739700 -0.269900
v  1.143700 4.898500 -0.269900
v  0.921100 4.739700 -0.603000
v  0.921100 4.898500 -0.603000
v  0.587900 4.739700 -0.825600
v  0.587900 4.898500 -0.825600
v  0.194900 4.739700 -0.903800
v  0.194900 4.898500 -0.903800
v  -0.198000 4.739700 -0.825600
v  -0.198000 4.898500 -0.825600
v  -0.531200 4.739700 -0.603000
v  -0.531200 4.898500 -0.603000
v  -0.753800 4.739700 -0.269900
v  -0.753800 4.898500 -0.269900
v  1.143700 4.912600 -0.269900
v  1.165600 4.916700 -0.279000
v  0.921100 4.912600 -0.603000
v  0.937800 4.916700 -0.619800
v  0.587900 4.912600 -0.825600
v  0.597000 4.916700 -0.847600
v  0.194900 4.912600 -0.903800
v  0.194900 4.916700 -0.927500
v  -0.198000 4.912600 -0.825600
v  -0.207100 4.916700 -0.847600
v  -0.531200 4.912600 -0.603000
v  -0.548000 4.916700 -0.619800
v  -0.753800 4.912600 -0.269900
v  -0.775700 4.916700 -0.279000
v  1.289400 4.939600 -0.330300
v  1.289400 4.954000 -0.330300
v  1.032600 4.939600 -0.714600
v  1.032600 4.954000 -0.714600
v  0.648300 4.939600 -0.971400
v  0.648300 4.954000 -0.971400
v  0.194900 4.939600 -1.061600
v  0.194900 4.954000 -1.061600
v  -0.258400 4.939600 -0.971400
v  -0.258400 4.954000 -0.971400
v  -0.642800 4.939600 -0.714600
v  -0.642800 4.954000 -0.714600
v  -0.899600 4.939600 -0.330300
v  -0.899600 4.954000 -0.330300
v  1.268300 4.935700 -0.321500
v  1.016500 4.935700 -0.698400
v  0.639600 4.935700 -0.950300
v  0.194900 4.935700 -1.038700
v  -0.249700 4.935700 -0.950300
v  -0.626600 4.935700 -0.698400
v  -0.878400 4.935700 -0.321500
v  1.289400 5.103900 -0.330300
v  1.032600 5.103900 -0.714600
v  0.648300 5.103900 -0.971400
v  0.194900 5.103900 -1.061600
v  -0.258400 5.103900 -0.971400
v  -0.642800 5.103900 -0.714600
v  -0.899600 5.103900 -0.330300
v  1.289400 5.122300 -0.330300
v  1.032600 5.122300 -0.714600
v  0.648300 5.122300 -0.971400
v  0.194900 5.122300 -1.061600
v  -0.258400 5.122300 -0.971400
v  -0.642800 5.122300 -0.714600
v  -0.899600 5.122300 -0.330300
v  1.022800 5.122300 -0.704800
v  1.276600 5.122300 -0.324900
v  0.643000 5.122300 -0.958500
v  0.194900 5.122300 -1.047700
v  -0.253100 5.122300 -0.958500
v  -0.632900 5.122300 -0.704800
v  -0.886700 5.122300 -0.324900
v  0.740400 5.122300 -0.422400
v  0.907600 5.122300 -0.172100
v  0.490100 5.122300 -0.589600
v  0.194900 5.122300 -0.648300
v  -0.100300 5.122300 -0.589600
v  -0.350500 5.122300 -0.422400
v  -0.517700 5.122300 -0.172100
v  0.809600 5.368300 -0.147000
v  0.809600 5.773800 -0.147000
v  0.665400 5.368300 -0.362900
v  0.665400 5.773800 -0.362900
v  0.449600 5.368300 -0.507100
v  0.449600 5.773800 -0.507100
v  0.194900 5.368300 -0.557800
v  0.194900 5.773800 -0.557800
v  -0.059700 5.368300 -0.507100
v  -0.059700 5.773800 -0.507100
v  -0.275500 5.368300 -0.362900
v  -0.275500 5.773800 -0.362900
v  -0.419700 5.368300 -0.147000
v  -0.419700 5.773800 -0.147000
v  0.809600 6.140300 -0.147000
v  0.788200 6.140300 -0.138200
v  0.665400 6.140300 -0.362900
v  0.649000 6.140300 -0.346500
v  0.449600 6.140300 -0.507100
v  0.440700 6.140300 -0.485700
v  0.194900 6.140300 -0.557800
v  0.194900 6.140300 -0.534500
v  -0.059700 6.140300 -0.507100
v  -0.050800 6.140300 -0.485700
v  -0.275500 6.140300 -0.362900
v  -0.259100 6.140300 -0.346500
v  -0.419700 6.140300 -0.147000
v  -0.398300 6.140300 -0.138200
v  0.683500 6.140300 -0.094800
v  0.568800 6.140300 -0.266300
v  0.548000 6.085900 -0.245400
v  0.656200 6.085900 -0.083500
v  0.397300 6.140300 -0.381000
v  0.386000 6.085900 -0.353700
v  0.194900 6.140300 -0.421200
v  0.194900 6.085900 -0.391700
v  -0.007400 6.140300 -0.381000
v  0.003900 6.085900 -0.353700
v  -0.179000 6.140300 -0.266300
v  -0.158100 6.085900 -0.245400
v  -0.293600 6.140300 -0.094800
v  -0.266300 6.085900 -0.083500
v  0.526200 6.085900 -0.223600
v  0.627700 6.085900 -0.071700
v  0.374200 6.085900 -0.325200
v  0.194900 6.085900 -0.360800
v  0.015700 6.085900 -0.325200
v  -0.136300 6.085900 -0.223600
v  -0.237800 6.085900 -0.071700
v  0.526200 6.340400 -0.223600
v  0.627700 6.340400 -0.071700
v  0.374200 6.340400 -0.325200
v  0.194900 6.340400 -0.360800
v  0.015700 6.340400 -0.325200
v  -0.136300 6.340400 -0.223600
v  -0.237800 6.340400 -0.071700
v  0.482200 6.200900 -0.013500
v  0.482200 6.723800 -0.013500
v  0.413600 6.200900 -0.116100
v  0.413600 6.723800 -0.116100
v  0.310900 6.200900 -0.184700
v  0.310900 6.723800 -0.184700
v  0.189800 6.200900 -0.208800
v  0.189800 6.723800 -0.208800
v  0.068700 6.200900 -0.184700
v  0.068700 6.723800 -0.184700
v  -0.034000 6.200900 -0.116100
v  -0.034000 6.723800 -0.116100
v  -0.102600 6.200900 -0.013500
v  -0.102600 6.723800 -0.013500
v  0.577000 7.503200 -0.346100
v  0.547400 7.651600 -0.346100
v  0.463400 7.777300 -0.346100
v  0.337600 7.861400 -0.346100
v  0.189200 7.890900 -0.346100
v  0.040900 7.861400 -0.346100
v  -0.084900 7.777300 -0.346100
v  -0.169000 7.651600 -0.346100
v  -0.198500 7.503200 -0.346100
v  -0.169000 7.354800 -0.346100
v  -0.084900 7.229000 -0.346100
v  0.040900 7.145000 -0.346100
v  0.189200 7.115500 -0.346100
v  0.337600 7.145000 -0.346100
v  0.463400 7.229000 -0.346100
v  0.547400 7.354800 -0.346100
v  0.570000 7.503200 -0.357700
v  0.541000 7.648900 -0.357700
v  0.547400 7.651600 -0.357700
v  0.577000 7.503200 -0.357700
v  0.458500 7.772400 -0.357700
v  0.463400 7.777300 -0.357700
v  0.334900 7.854900 -0.357700
v  0.337600 7.861400 -0.357700
v  0.189200 7.883900 -0.357700
v  0.189200 7.890900 -0.357700
v  0.043500 7.854900 -0.357700
v  0.040900 7.861400 -0.357700
v  -0.080000 7.772400 -0.357700
v  -0.084900 7.777300 -0.357700
v  -0.162500 7.648900 -0.357700
v  -0.169000 7.651600 -0.357700
v  -0.191500 7.503200 -0.357700
v  -0.198500 7.503200 -0.357700
v  -0.162500 7.357500 -0.357700
v  -0.169000 7.354800 -0.357700
v  -0.080000 7.234000 -0.357700
v  -0.084900 7.229000 -0.357700
v  0.043500 7.151400 -0.357700
v  0.040900 7.145000 -0.357700
v  0.189200 7.122400 -0.357700
v  0.189200 7.115500 -0.357700
v  0.334900 7.151400 -0.357700
v  0.337600 7.145000 -0.357700
v  0.458500 7.234000 -0.357700
v  0.463400 7.229000 -0.357700
v  0.541000 7.357500 -0.357700
v  0.547400 7.354800 -0.357700
v  0.466200 7.503200 -0.367700
v  0.445100 7.609200 -0.367700
v  0.444100 7.608800 -0.357700
v  0.465100 7.503200 -0.357700
v  0.385000 7.699000 -0.367700
v  0.384300 7.698300 -0.357700
v  0.295200 7.759000 -0.367700
v  0.294800 7.758100 -0.357700
v  0.189200 7.780100 -0.367700
v  0.189200 7.779100 -0.357700
v  0.083300 7.759000 -0.367700
v  0.083600 7.758100 -0.357700
v  -0.006600 7.699000 -0.367700
v  -0.005900 7.698300 -0.357700
v  -0.066600 7.609200 -0.367700
v  -0.065700 7.608800 -0.357700
v  -0.087700 7.503200 -0.367700
v  -0.086700 7.503200 -0.357700
v  -0.066600 7.397200 -0.367700
v  -0.065700 7.397600 -0.357700
v  -0.006600 7.307400 -0.367700
v  -0.005900 7.308100 -0.357700
v  0.083300 7.247300 -0.367700
v  0.083600 7.248300 -0.357700
v  0.189200 7.226300 -0.367700
v  0.189200 7.227300 -0.357700
v  0.295200 7.247300 -0.367700
v  0.294800 7.248300 -0.357700
v  0.385000 7.307400 -0.367700
v  0.384300 7.308100 -0.357700
v  0.445100 7.397200 -0.367700
v  0.444100 7.397600 -0.357700
v  0.605300 7.503200 -1.760300
v  0.567400 7.503200 -1.797500
v  0.538600 7.647900 -1.797500
v  0.573600 7.662400 -1.760300
v  0.456600 7.770600 -1.797500
v  0.483400 7.797400 -1.760300
v  0.333900 7.852600 -1.797500
v  0.348500 7.887600 -1.760300
v  0.189200 7.881300 -1.797500
v  0.189200 7.919300 -1.760300
v  0.044500 7.852600 -1.797500
v  0.030000 7.887600 -1.760300
v  -0.078200 7.770600 -1.797500
v  -0.105000 7.797400 -1.760300
v  -0.160200 7.647900 -1.797500
v  -0.195200 7.662400 -1.760300
v  -0.188900 7.503200 -1.797500
v  -0.226800 7.503200 -1.760300
v  -0.160200 7.358500 -1.797500
v  -0.195200 7.344000 -1.760300
v  -0.078200 7.235800 -1.797500
v  -0.105000 7.209000 -1.760300
v  0.044500 7.153800 -1.797500
v  0.030000 7.118800 -1.760300
v  0.189200 7.125000 -1.797500
v  0.189200 7.087100 -1.760300
v  0.333900 7.153800 -1.797500
v  0.348500 7.118800 -1.760300
v  0.456600 7.235800 -1.797500
v  0.483400 7.209000 -1.760300
v  0.538600 7.358500 -1.797500
v  0.573600 7.344000 -1.760300
v  0.086200 7.400200 -1.821300
v  0.085200 7.308600 -1.820200
v  0.010700 7.324600 -1.820200
v  -0.005400 7.399200 -1.820200
v  0.189200 7.398900 -1.821300
v  0.189200 7.301300 -1.820200
v  0.292200 7.400200 -1.821300
v  0.293200 7.308600 -1.820200
v  0.383800 7.399200 -1.820200
v  0.367800 7.324600 -1.820200
v  0.084900 7.503200 -1.821300
v  -0.012700 7.503200 -1.820200
v  0.189200 7.503200 -1.821300
v  0.293500 7.503200 -1.821300
v  0.391100 7.503200 -1.820200
v  0.086200 7.606200 -1.821300
v  -0.005400 7.607200 -1.820200
v  0.189200 7.607500 -1.821300
v  0.292200 7.606200 -1.821300
v  0.383800 7.607200 -1.820200
v  0.085200 7.697800 -1.820200
v  0.010700 7.681700 -1.820200
v  0.189200 7.705100 -1.820200
v  0.293200 7.697800 -1.820200
v  0.367800 7.681700 -1.820200
v  -0.103000 7.503200 -1.812300
v  -0.084700 7.380700 -1.812300
v  -0.030600 7.283300 -1.812300
v  0.066800 7.229200 -1.812300
v  0.189200 7.211000 -1.812300
v  0.311700 7.229200 -1.812300
v  0.409100 7.283300 -1.812300
v  0.463200 7.380700 -1.812300
v  0.481400 7.503200 -1.812300
v  0.463200 7.625600 -1.812300
v  0.409100 7.723000 -1.812300
v  0.311700 7.777100 -1.812300
v  0.189200 7.795400 -1.812300
v  0.066800 7.777100 -1.812300
v  -0.030600 7.723000 -1.812300
v  -0.084700 7.625600 -1.812300
v  0.566400 7.659400 -1.681500
v  0.597400 7.503200 -1.681500
v  0.477900 7.791800 -1.681500
v  0.345400 7.880300 -1.681500
v  0.189200 7.911400 -1.681500
v  0.033000 7.880300 -1.681500
v  -0.099400 7.791800 -1.681500
v  -0.187900 7.659400 -1.681500
v  -0.219000 7.503200 -1.681500
v  -0.187900 7.347000 -1.681500
v  -0.099400 7.214500 -1.681500
v  0.033000 7.126100 -1.681500
v  0.189200 7.095000 -1.681500
v  0.345400 7.126100 -1.681500
v  0.477900 7.214500 -1.681500
v  0.566400 7.347000 -1.681500
v  0.584800 7.503200 -1.554900
v  0.554700 7.654500 -1.554900
v  0.511400 7.636600 -1.086200
v  0.537900 7.503200 -1.086200
v  0.468900 7.782900 -1.554900
v  0.435800 7.749800 -1.086200
v  0.340600 7.868600 -1.554900
v  0.322700 7.825300 -1.086200
v  0.189200 7.898700 -1.554900
v  0.189200 7.851900 -1.086200
v  0.037900 7.868600 -1.554900
v  0.055800 7.825300 -1.086200
v  -0.090500 7.782900 -1.554900
v  -0.057300 7.749800 -1.086200
v  -0.176200 7.654500 -1.554900
v  -0.132900 7.636600 -1.086200
v  -0.206300 7.503200 -1.554900
v  -0.159500 7.503200 -1.086200
v  -0.176200 7.351800 -1.554900
v  -0.132900 7.369700 -1.086200
v  -0.090500 7.223500 -1.554900
v  -0.057300 7.256600 -1.086200
v  0.037900 7.137700 -1.554900
v  0.055800 7.181000 -1.086200
v  0.189200 7.107600 -1.554900
v  0.189200 7.154500 -1.086200
v  0.340600 7.137700 -1.554900
v  0.322700 7.181000 -1.086200
v  0.468900 7.223500 -1.554900
v  0.435800 7.256600 -1.086200
v  0.554700 7.351800 -1.554900
v  0.511400 7.369700 -1.086200
v  0.809600 6.034900 -0.147000
v  0.809600 6.123500 -0.147000
v  0.665400 6.123500 -0.362900
v  0.665400 6.034900 -0.362900
v  0.449600 6.123500 -0.507100
v  0.449600 6.034900 -0.507100
v  0.194900 6.123500 -0.557800
v  0.194900 6.034900 -0.557800
v  -0.059700 6.123500 -0.507100
v  -0.059700 6.034900 -0.507100
v  -0.275500 6.123500 -0.362900
v  -0.275500 6.034900 -0.362900
v  -0.419700 6.123500 -0.147000
v  -0.419700 6.034900 -0.147000
v  0.482200 7.049200 -0.013500
v  0.482200 7.319700 -0.013500
v  0.413600 7.319700 -0.116100
v  0.413600 7.049200 -0.116100
v  0.310900 7.319700 -0.184700
v  0.310900 7.049200 -0.184700
v  0.189800 7.319700 -0.208800
v  0.189800 7.049200 -0.208800
v  0.068700 7.319700 -0.184700
v  0.068700 7.049200 -0.184700
v  -0.034000 7.319700 -0.116100
v  -0.034000 7.049200 -0.116100
v  -0.102600 7.319700 -0.013500
v  -0.102600 7.049200 -0.013500
v  0.454300 7.613000 -0.357700
v  0.476200 7.503200 -0.357700
v  0.392100 7.706100 -0.357700
v  0.299000 7.768300 -0.357700
v  0.189200 7.790100 -0.357700
v  0.079400 7.768300 -0.357700
v  -0.013700 7.706100 -0.357700
v  -0.075900 7.613000 -0.357700
v  -0.097700 7.503200 -0.357700
v  -0.075900 7.393400 -0.357700
v  -0.013700 7.300300 -0.357700
v  0.079400 7.238100 -0.357700
v  0.189200 7.216200 -0.357700
v  0.299000 7.238100 -0.357700
v  0.392100 7.300300 -0.357700
v  0.454300 7.393400 -0.357700
v  0.392400 6.340400 -0.090000
v  0.453000 6.340400 0.000600
v  0.301800 6.340400 -0.150600
v  0.194900 6.340400 -0.171800
v  0.088100 6.340400 -0.150600
v  -0.002500 6.340400 -0.090000
v  -0.063100 6.340400 0.000600
v  -3.371100 1.063100 0.576200
v  -3.176600 1.053800 0.467900
v  -3.053400 1.046400 0.294200
v  -4.047800 1.070800 0.107200
v  -4.000300 1.071600 0.305000
v  -3.876500 1.072800 0.464600
v  -3.771900 1.072600 0.534800
v  -3.585900 1.069900 0.580100
v  -3.013600 1.043800 0.107200
v  -3.176600 1.053800 -0.253500
v  -3.371100 1.063100 -0.361800
v  -3.053400 1.046400 -0.079700
v  -4.000300 1.071600 -0.090500
v  -3.876500 1.072800 -0.250200
v  -3.771900 1.072600 -0.320300
v  -3.585900 1.069900 -0.365600
v  0.606700 4.631900 1.084700
v  0.194900 4.631900 1.166600
v  0.955800 4.631900 0.851400
v  1.189000 4.631900 0.502400
v  1.263300 4.625400 0.107200
v  -0.216800 4.631900 1.084700
v  -0.565900 4.631900 0.851400
v  -0.799100 4.631900 0.502400
v  -0.873500 4.625400 0.107200
v  0.194900 4.631900 -0.952100
v  0.606700 4.631900 -0.870200
v  0.955800 4.631900 -0.637000
v  1.189000 4.631900 -0.287900
v  -0.216800 4.631900 -0.870200
v  -0.565900 4.631900 -0.637000
v  -0.799100 4.631900 -0.287900
v  1.259100 4.689000 0.107200
v  1.250800 4.694200 0.107200
# 2318 vertices

vn 0.999998 0.002083 -0.000000
vn 0.964332 0.264694 -0.000000
vn 0.970289 0.239710 0.032842
vn 0.999905 0.002627 0.013552
vn 0.488332 -0.000610 0.872658
vn 0.488112 -0.000772 0.872781
vn 0.488059 -0.000515 0.872810
vn 0.488260 0.000000 0.872698
vn -0.265026 -0.003531 0.964235
vn -0.504867 -0.003544 0.863190
vn -0.504716 -0.003963 0.863276
vn -0.262530 -0.002728 0.964920
vn 0.479980 -0.002933 0.877275
vn 0.235053 -0.003725 0.971976
vn 0.237902 -0.003097 0.971284
vn 0.481129 -0.002772 0.876645
vn 0.704345 -0.000652 0.709857
vn 0.496140 -0.000960 0.868242
vn 0.496205 -0.000685 0.868205
vn 0.704808 -0.000010 0.709398
vn 0.959720 0.000903 0.280957
vn 0.959766 0.001486 0.280796
vn 0.999711 0.003631 0.023771
vn 0.999717 0.002756 0.023621
vn 0.822432 0.551280 0.140338
vn 0.496773 0.849937 0.175565
vn 0.559616 0.783220 0.270917
vn 0.802104 0.514444 0.303275
vn 0.279616 0.536374 0.796315
vn 0.105865 0.814869 0.569896
vn 0.038455 0.773207 0.632987
vn 0.130754 0.513875 0.847842
vn -0.508294 0.620435 0.597241
vn -0.356679 0.881256 0.310109
vn -0.509274 0.783815 0.355350
vn -0.662148 0.512435 0.546782
vn -0.713336 0.700822 0.000004
vn -0.718198 0.694580 0.041841
vn -0.308920 0.950176 0.041651
vn -0.297438 0.954741 -0.000000
vn -0.787909 0.603129 0.124235
vn -0.811811 0.512563 0.279720
vn -0.567054 0.783835 0.253085
vn -0.453247 0.876713 0.161060
vn -0.213272 0.944660 0.249264
vn -0.406572 0.704966 0.581138
vn -0.328941 0.710811 0.621728
vn -0.136233 0.947633 0.288845
vn -0.273238 0.649983 0.709128
vn -0.174570 0.514642 0.839446
vn -0.089623 0.776353 0.623894
vn -0.101276 0.892564 0.439400
vn 0.307951 0.629318 0.713530
vn 0.330009 0.706682 0.625855
vn 0.126298 0.949733 0.286455
vn 0.129998 0.902970 0.409567
vn 0.502863 0.583471 0.637723
vn 0.646058 0.512338 0.565790
vn 0.499198 0.783063 0.370962
vn 0.375005 0.864055 0.335827
vn 0.340867 0.940112 -0.000003
vn 0.364608 0.929420 0.056921
vn 0.769707 0.635715 0.058458
vn 0.741267 0.671210 -0.000004
vn 0.999905 0.002627 0.013552
vn 0.970289 0.239710 0.032842
vn 0.975924 0.206647 0.069784
vn 0.999727 0.002671 0.023221
vn 0.496140 -0.000960 0.868242
vn 0.488203 -0.000903 0.872729
vn 0.488272 -0.000712 0.872691
vn 0.496205 -0.000685 0.868205
vn 0.423186 0.197306 0.884299
vn 0.478499 -0.002129 0.878086
vn 0.488029 -0.001330 0.872826
vn 0.444433 0.235421 0.864324
vn -0.504867 -0.003544 0.863190
vn -0.511840 -0.002825 0.859076
vn -0.511789 -0.002533 0.859107
vn -0.504716 -0.003963 0.863276
vn 0.769707 0.635715 0.058458
vn 0.364608 0.929420 0.056921
vn 0.496773 0.849937 0.175565
vn 0.822432 0.551280 0.140338
vn 0.307951 0.629318 0.713530
vn 0.129998 0.902970 0.409567
vn 0.105865 0.814869 0.569896
vn 0.279616 0.536374 0.796315
vn -0.406572 0.704966 0.581138
vn -0.213272 0.944660 0.249264
vn -0.356679 0.881256 0.310109
vn -0.508294 0.620435 0.597241
vn -0.453247 0.876713 0.161060
vn -0.308920 0.950176 0.041651
vn -0.718198 0.694580 0.041841
vn -0.787909 0.603129 0.124235
vn -0.101276 0.892564 0.439400
vn -0.136233 0.947633 0.288845
vn -0.328941 0.710811 0.621728
vn -0.273238 0.649983 0.709128
vn 0.375005 0.864055 0.335827
vn 0.229349 0.920345 0.316803
vn 0.425944 0.621550 0.657455
vn 0.502863 0.583471 0.637723
vn 0.802104 0.514444 0.303275
vn 0.937632 0.174276 0.300788
vn 0.975924 0.206647 0.069784
vn 0.822432 0.551280 0.140338
vn 0.130754 0.513875 0.847842
vn 0.202173 0.172315 0.964071
vn 0.423186 0.197306 0.884299
vn 0.279616 0.536374 0.796315
vn -0.662148 0.512435 0.546782
vn -0.729209 0.169353 0.663003
vn -0.547209 0.227734 0.805419
vn -0.508294 0.620435 0.597241
vn -0.971519 0.236962 0.000003
vn -0.972545 0.232646 0.005676
vn -0.718198 0.694580 0.041841
vn -0.713336 0.700822 0.000004
vn -0.811811 0.512563 0.279720
vn -0.787909 0.603129 0.124235
vn -0.976804 0.210526 0.039144
vn -0.946464 0.169987 0.274427
vn -0.406572 0.704966 0.581138
vn -0.511936 0.255226 0.820232
vn -0.485370 0.256757 0.835758
vn -0.328941 0.710811 0.621728
vn -0.174570 0.514642 0.839446
vn -0.273238 0.649983 0.709128
vn -0.450175 0.232722 0.862081
vn -0.241172 0.172046 0.955110
vn 0.307951 0.629318 0.713530
vn 0.444433 0.235421 0.864324
vn 0.466965 0.258629 0.845609
vn 0.330009 0.706682 0.625855
vn 0.646058 0.512338 0.565790
vn 0.502863 0.583471 0.637723
vn 0.522506 0.208522 0.826744
vn 0.709352 0.172496 0.683422
vn 0.741267 0.671210 -0.000004
vn 0.769707 0.635715 0.058458
vn 0.970289 0.239710 0.032842
vn 0.964332 0.264694 -0.000000
vn 0.970289 0.239710 0.032842
vn 0.769707 0.635715 0.058458
vn 0.822432 0.551280 0.140338
vn 0.975924 0.206647 0.069784
vn 0.444433 0.235421 0.864324
vn 0.307951 0.629318 0.713530
vn 0.279616 0.536374 0.796315
vn 0.423186 0.197306 0.884299
vn -0.511936 0.255226 0.820232
vn -0.406572 0.704966 0.581138
vn -0.508294 0.620435 0.597241
vn -0.547209 0.227734 0.805419
vn -0.972545 0.232646 0.005676
vn -0.976804 0.210526 0.039144
vn -0.787909 0.603129 0.124235
vn -0.718198 0.694580 0.041841
vn -0.485370 0.256757 0.835758
vn -0.450175 0.232722 0.862081
vn -0.273238 0.649983 0.709128
vn -0.328941 0.710811 0.621728
vn 0.491028 0.227072 0.841029
vn 0.522506 0.208522 0.826744
vn 0.502863 0.583471 0.637723
vn 0.425944 0.621550 0.657455
vn -0.511840 -0.002825 0.859076
vn -0.511676 -0.002773 0.859174
vn -0.511695 -0.002565 0.859164
vn -0.511789 -0.002533 0.859107
vn -0.511956 -0.003715 0.859003
vn -0.511936 0.255226 0.820232
vn -0.547209 0.227734 0.805419
vn -0.519475 -0.003330 0.854479
vn -0.519475 -0.003330 0.854479
vn -0.547209 0.227734 0.805419
vn -0.729209 0.169353 0.663003
vn -0.722218 -0.003882 0.691654
vn -0.999986 -0.002605 -0.004639
vn -0.966930 -0.003259 0.255023
vn -0.946464 0.169987 0.274427
vn -0.976804 0.210526 0.039144
vn -0.999904 -0.001955 -0.013739
vn -0.999986 -0.002605 -0.004639
vn -0.976804 0.210526 0.039144
vn -0.972545 0.232646 0.005676
vn -0.032523 0.975729 0.216553
vn -0.020257 0.927778 0.372581
vn -0.012791 0.988429 0.151142
vn -0.027485 0.997375 0.066989
vn -0.023932 0.998508 0.049079
vn -0.049702 0.993413 0.103248
vn -0.032523 0.975729 0.216553
vn -0.027485 0.997375 0.066989
vn -0.100448 0.990241 0.096609
vn -0.049702 0.993413 0.103248
vn -0.023932 0.998508 0.049079
vn -0.039783 0.998276 0.043164
vn -0.187619 0.973106 0.133659
vn -0.100448 0.990241 0.096609
vn -0.039783 0.998276 0.043164
vn -0.051311 0.997429 0.050024
vn -0.323671 0.932016 0.163045
vn -0.509274 0.783815 0.355350
vn -0.356679 0.881256 0.310109
vn -0.187619 0.973106 0.133659
vn -0.048759 0.998758 0.010260
vn -0.095460 0.995243 0.019438
vn -0.188850 0.977759 0.091232
vn -0.068897 0.997512 0.014950
vn -0.302222 0.935460 0.183239
vn -0.188850 0.977759 0.091232
vn -0.453247 0.876713 0.161060
vn -0.567054 0.783835 0.253085
vn 0.192118 0.976046 0.102104
vn 0.496773 0.849937 0.175565
vn 0.364608 0.929420 0.056921
vn 0.084631 0.996171 0.021924
vn 0.301062 0.932404 0.199959
vn 0.559616 0.783220 0.270917
vn 0.496773 0.849937 0.175565
vn 0.192118 0.976046 0.102104
vn 0.316761 0.932025 0.176048
vn 0.186451 0.973869 0.129671
vn 0.375005 0.864055 0.335827
vn 0.499198 0.783063 0.370962
vn 0.186451 0.973869 0.129671
vn 0.071711 0.994049 0.081998
vn 0.229349 0.920345 0.316803
vn 0.375005 0.864055 0.335827
vn -0.027377 0.925493 0.377775
vn 0.038455 0.773207 0.632987
vn 0.105865 0.814869 0.569896
vn 0.013335 0.958453 0.284939
vn 0.013335 0.958453 0.284939
vn 0.105865 0.814869 0.569896
vn 0.129998 0.902970 0.409567
vn 0.039187 0.986473 0.159172
vn 0.039187 0.986473 0.159172
vn 0.046201 0.992299 0.114925
vn 0.026179 0.997945 0.058478
vn 0.019369 0.997601 0.066461
vn 0.071711 0.994049 0.081998
vn 0.046201 0.992299 0.114925
vn 0.126298 0.949733 0.286455
vn 0.229349 0.920345 0.316803
vn 0.229349 0.920345 0.316803
vn 0.126298 0.949733 0.286455
vn 0.330009 0.706682 0.625855
vn 0.425944 0.621550 0.657455
vn 0.330009 0.706682 0.625855
vn 0.466965 0.258629 0.845609
vn 0.491028 0.227072 0.841029
vn 0.425944 0.621550 0.657455
vn 0.488272 -0.000712 0.872691
vn 0.488203 -0.000903 0.872729
vn 0.488332 -0.000610 0.872658
vn 0.488260 0.000000 0.872698
vn -0.267988 -0.003717 0.963415
vn 0.230403 -0.003101 0.973090
vn 0.202173 0.172315 0.964071
vn -0.241172 0.172046 0.955110
vn 0.705169 -0.000324 0.709039
vn 0.960201 0.000644 0.279309
vn 0.937632 0.174276 0.300788
vn 0.709352 0.172496 0.683422
vn 0.499198 0.783063 0.370962
vn 0.646058 0.512338 0.565790
vn 0.802104 0.514444 0.303275
vn 0.559616 0.783220 0.270917
vn -0.662148 0.512435 0.546782
vn -0.509274 0.783815 0.355350
vn -0.567054 0.783835 0.253085
vn -0.811811 0.512563 0.279720
vn 0.130754 0.513875 0.847842
vn 0.038455 0.773207 0.632987
vn -0.089623 0.776353 0.623894
vn -0.174570 0.514642 0.839446
vn 0.646058 0.512338 0.565790
vn 0.709352 0.172496 0.683422
vn 0.937632 0.174276 0.300788
vn 0.802104 0.514444 0.303275
vn -0.174570 0.514642 0.839446
vn -0.241172 0.172046 0.955110
vn 0.202173 0.172315 0.964071
vn 0.130754 0.513875 0.847842
vn -0.729209 0.169353 0.663003
vn -0.662148 0.512435 0.546782
vn -0.811811 0.512563 0.279720
vn -0.946464 0.169987 0.274427
vn -0.966930 -0.003259 0.255023
vn -0.722218 -0.003882 0.691654
vn -0.729209 0.169353 0.663003
vn -0.946464 0.169987 0.274427
vn -0.323671 0.932016 0.163045
vn -0.302222 0.935460 0.183239
vn -0.567054 0.783835 0.253085
vn -0.509274 0.783815 0.355350
vn 0.301062 0.932404 0.199959
vn 0.316761 0.932025 0.176048
vn 0.499198 0.783063 0.370962
vn 0.559616 0.783220 0.270917
vn -0.020257 0.927778 0.372581
vn -0.027377 0.925493 0.377775
vn -0.007854 0.988526 0.150846
vn -0.012791 0.988429 0.151142
vn -0.101276 0.892564 0.439400
vn -0.089623 0.776353 0.623894
vn -0.020257 0.927778 0.372581
vn -0.032523 0.975729 0.216553
vn -0.136233 0.947633 0.288845
vn -0.101276 0.892564 0.439400
vn -0.032523 0.975729 0.216553
vn -0.049702 0.993413 0.103248
vn -0.213272 0.944660 0.249264
vn -0.136233 0.947633 0.288845
vn -0.049702 0.993413 0.103248
vn -0.100448 0.990241 0.096609
vn -0.356679 0.881256 0.310109
vn -0.213272 0.944660 0.249264
vn -0.100448 0.990241 0.096609
vn -0.187619 0.973106 0.133659
vn -0.187619 0.973106 0.133659
vn -0.051311 0.997429 0.050024
vn -0.126865 0.989637 0.067255
vn -0.323671 0.932016 0.163045
vn -0.308920 0.950176 0.041651
vn -0.453247 0.876713 0.161060
vn -0.188850 0.977759 0.091232
vn -0.095460 0.995243 0.019438
vn -0.297438 0.954741 -0.000000
vn -0.308920 0.950176 0.041651
vn -0.095460 0.995243 0.019438
vn -0.095508 0.995429 -0.000000
vn -0.120846 0.990651 0.063297
vn -0.068897 0.997512 0.014950
vn -0.188850 0.977759 0.091232
vn -0.302222 0.935460 0.183239
vn 0.086721 0.996233 -0.000000
vn 0.053197 0.998584 -0.000001
vn 0.059567 0.998151 0.012120
vn 0.084631 0.996171 0.021924
vn 0.059567 0.998151 0.012120
vn 0.082290 0.996398 0.020476
vn 0.192118 0.976046 0.102104
vn 0.084631 0.996171 0.021924
vn 0.192118 0.976046 0.102104
vn 0.082290 0.996398 0.020476
vn 0.128825 0.988662 0.077149
vn 0.301062 0.932404 0.199959
vn 0.124567 0.988964 0.080201
vn 0.055134 0.996471 0.063288
vn 0.186451 0.973869 0.129671
vn 0.316761 0.932025 0.176048
vn 0.186451 0.973869 0.129671
vn 0.055134 0.996471 0.063288
vn 0.037335 0.998168 0.047621
vn 0.071711 0.994049 0.081998
vn 0.013335 0.958453 0.284939
vn 0.012664 0.995080 0.098260
vn -0.007854 0.988526 0.150846
vn -0.027377 0.925493 0.377775
vn 0.039187 0.986473 0.159172
vn 0.019369 0.997601 0.066461
vn 0.012664 0.995080 0.098260
vn 0.013335 0.958453 0.284939
vn 0.129998 0.902970 0.409567
vn 0.126298 0.949733 0.286455
vn 0.046201 0.992299 0.114925
vn 0.039187 0.986473 0.159172
vn 0.037335 0.998168 0.047621
vn 0.026179 0.997945 0.058478
vn 0.046201 0.992299 0.114925
vn 0.071711 0.994049 0.081998
vn -0.126865 0.989637 0.067255
vn -0.120846 0.990651 0.063297
vn -0.302222 0.935460 0.183239
vn -0.323671 0.932016 0.163045
vn 0.128825 0.988662 0.077149
vn 0.124567 0.988964 0.080201
vn 0.316761 0.932025 0.176048
vn 0.301062 0.932404 0.199959
vn -0.089623 0.776353 0.623894
vn 0.038455 0.773207 0.632987
vn -0.027377 0.925493 0.377775
vn -0.020257 0.927778 0.372581
vn 0.000345 0.999991 -0.004140
vn -0.000359 1.000000 -0.000578
vn -0.039783 0.998276 0.043164
vn -0.023932 0.998508 0.049079
vn -0.003402 0.999993 0.001253
vn -0.004730 0.999988 -0.001388
vn 0.026179 0.997945 0.058478
vn 0.037335 0.998168 0.047621
vn 0.000000 1.000000 -0.000000
vn -0.051311 0.997429 0.050024
vn -0.039783 0.998276 0.043164
vn -0.000359 1.000000 -0.000578
vn -0.001004 0.999993 -0.003715
vn 0.000345 0.999991 -0.004140
vn -0.023932 0.998508 0.049079
vn -0.027485 0.997375 0.066989
vn -0.003042 0.999995 0.000473
vn -0.002940 0.999994 -0.001981
vn -0.007854 0.988526 0.150846
vn 0.012664 0.995080 0.098260
vn -0.004730 0.999988 -0.001388
vn -0.002957 0.999995 0.001056
vn 0.019369 0.997601 0.066461
vn 0.026179 0.997945 0.058478
vn -0.002350 0.999995 0.002213
vn -0.003402 0.999993 0.001253
vn 0.037335 0.998168 0.047621
vn 0.055134 0.996471 0.063288
vn -0.002827 0.999993 0.002320
vn 0.128825 0.988662 0.077149
vn 0.082290 0.996398 0.020476
vn -0.002863 0.999994 0.002086
vn -0.002863 0.999994 0.002086
vn 0.082290 0.996398 0.020476
vn 0.059567 0.998151 0.012120
vn -0.001095 0.999996 0.002708
vn -0.002957 0.999995 0.001056
vn -0.003042 0.999995 0.000473
vn 0.012664 0.995080 0.098260
vn 0.019369 0.997601 0.066461
vn -0.001799 0.999998 -0.000162
vn -0.001004 0.999993 -0.003715
vn -0.027485 0.997375 0.066989
vn -0.012791 0.988429 0.151142
vn 0.000213 1.000000 0.000521
vn -0.126865 0.989637 0.067255
vn -0.051311 0.997429 0.050024
vn 0.000000 1.000000 -0.000000
vn 0.001654 0.999998 0.001235
vn 0.000907 0.999998 0.002026
vn -0.048759 0.998758 0.010260
vn -0.068897 0.997512 0.014950
vn -0.002519 0.999993 0.002814
vn -0.002350 0.999995 0.002213
vn 0.055134 0.996471 0.063288
vn 0.124567 0.988964 0.080201
vn -0.001095 0.999996 0.002708
vn 0.059567 0.998151 0.012120
vn 0.053197 0.998584 -0.000001
vn -0.000042 1.000000 -0.000002
vn 0.000852 0.999999 0.000658
vn 0.001654 0.999998 0.001235
vn -0.068897 0.997512 0.014950
vn -0.120846 0.990651 0.063297
vn -0.002519 0.999993 0.002814
vn 0.124567 0.988964 0.080201
vn 0.128825 0.988662 0.077149
vn -0.002827 0.999993 0.002320
vn 0.000213 1.000000 0.000521
vn 0.000852 0.999999 0.000658
vn -0.120846 0.990651 0.063297
vn -0.126865 0.989637 0.067255
vn -0.002940 0.999994 -0.001981
vn -0.001799 0.999998 -0.000162
vn -0.012791 0.988429 0.151142
vn -0.007854 0.988526 0.150846
vn 0.492856 0.000000 -0.870111
vn 0.629630 0.000000 -0.776895
vn 0.581069 0.384304 -0.717404
vn 0.466407 0.345798 -0.814180
vn -0.598963 0.000000 -0.800777
vn -0.458963 0.000000 -0.888456
vn -0.422406 0.387963 -0.819181
vn -0.553053 0.378730 -0.742089
vn 0.629630 0.000000 -0.776895
vn 0.748883 0.000000 -0.662702
vn 0.694433 0.355100 -0.625833
vn 0.581069 0.384304 -0.717404
vn 0.343005 0.000000 -0.939333
vn 0.492856 0.000000 -0.870111
vn 0.466407 0.345798 -0.814180
vn 0.334609 0.266615 -0.903855
vn -0.145069 0.000000 -0.989422
vn 0.019287 0.000000 -0.999814
vn 0.025810 0.375828 -0.926330
vn -0.134460 0.390435 -0.910759
vn -0.458963 0.000000 -0.888456
vn -0.305929 0.000000 -0.952054
vn -0.282407 0.388043 -0.877308
vn -0.422406 0.387963 -0.819181
vn -0.722531 0.000000 -0.691339
vn -0.598963 0.000000 -0.800777
vn -0.553053 0.378730 -0.742089
vn -0.671807 0.359358 -0.647717
vn -0.964470 0.000000 -0.264191
vn -0.907548 0.000000 -0.419949
vn -0.850240 0.361037 -0.383072
vn -0.915897 0.323253 -0.237992
vn -0.994818 0.000000 -0.101668
vn -0.964470 0.000000 -0.264191
vn -0.915897 0.323253 -0.237992
vn -0.922743 0.374922 -0.089325
vn -0.305929 0.000000 -0.952054
vn -0.145069 0.000000 -0.989422
vn -0.134460 0.390435 -0.910759
vn -0.282407 0.388043 -0.877308
vn 0.183801 0.000000 -0.982964
vn 0.343005 0.000000 -0.939333
vn 0.334609 0.266615 -0.903855
vn 0.187353 0.285673 -0.939835
vn 0.748883 0.000000 -0.662702
vn 0.847595 0.000000 -0.530643
vn 0.782171 0.382045 -0.492188
vn 0.694433 0.355100 -0.625833
vn 0.974016 0.000000 -0.226481
vn 0.998018 0.000000 -0.062931
vn 0.926641 0.372294 -0.052290
vn 0.922537 0.324447 -0.208950
vn -0.826266 0.000000 -0.563280
vn -0.722531 0.000000 -0.691339
vn -0.671807 0.359358 -0.647717
vn -0.761821 0.381971 -0.523189
vn -0.994818 0.000000 -0.101668
vn -0.922743 0.374922 -0.089325
vn -0.941130 0.338046 0.000012
vn -1.000000 0.000000 0.000014
vn 0.923398 0.000000 -0.383843
vn 0.974016 0.000000 -0.226481
vn 0.922537 0.324447 -0.208950
vn 0.868021 0.351005 -0.351190
vn -0.907548 0.000000 -0.419949
vn -0.826266 0.000000 -0.563280
vn -0.761821 0.381971 -0.523189
vn -0.850240 0.361037 -0.383072
vn 0.847595 0.000000 -0.530643
vn 0.923398 0.000000 -0.383843
vn 0.868021 0.351005 -0.351190
vn 0.782171 0.382045 -0.492188
vn 0.019287 0.000000 -0.999814
vn 0.183801 0.000000 -0.982964
vn 0.187353 0.285673 -0.939835
vn 0.025810 0.375828 -0.926330
vn 0.466407 0.345798 -0.814180
vn 0.581069 0.384304 -0.717404
vn 0.234409 0.930291 -0.282155
vn 0.190511 0.912697 -0.361510
vn -0.553053 0.378730 -0.742089
vn -0.422406 0.387963 -0.819181
vn -0.175573 0.928580 -0.326977
vn -0.231498 0.926863 -0.295522
vn 0.581069 0.384304 -0.717404
vn 0.694433 0.355100 -0.625833
vn 0.299153 0.919101 -0.256439
vn 0.234409 0.930291 -0.282155
vn 0.334609 0.266615 -0.903855
vn 0.466407 0.345798 -0.814180
vn 0.190511 0.912697 -0.361510
vn 0.143006 0.880209 -0.452529
vn -0.134460 0.390435 -0.910759
vn 0.025810 0.375828 -0.926330
vn 0.003985 0.927147 -0.374677
vn -0.055744 0.931177 -0.360281
vn -0.422406 0.387963 -0.819181
vn -0.282407 0.388043 -0.877308
vn -0.116481 0.930199 -0.348083
vn -0.175573 0.928580 -0.326977
vn -0.671807 0.359358 -0.647717
vn -0.553053 0.378730 -0.742089
vn -0.231498 0.926863 -0.295522
vn -0.290973 0.920210 -0.261817
vn -0.915897 0.323253 -0.237992
vn -0.850240 0.361037 -0.383072
vn -0.353726 0.920591 -0.165503
vn -0.403242 0.907550 -0.117253
vn -0.922743 0.374922 -0.089325
vn -0.915897 0.323253 -0.237992
vn -0.403242 0.907550 -0.117253
vn -0.367127 0.929285 -0.040594
vn -0.282407 0.388043 -0.877308
vn -0.134460 0.390435 -0.910759
vn -0.055744 0.931177 -0.360281
vn -0.116481 0.930199 -0.348083
vn 0.187353 0.285673 -0.939835
vn 0.334609 0.266615 -0.903855
vn 0.143006 0.880209 -0.452529
vn 0.067625 0.894509 -0.441906
vn 0.694433 0.355100 -0.625833
vn 0.782171 0.382045 -0.492188
vn 0.316113 0.929178 -0.191574
vn 0.299153 0.919101 -0.256439
vn 0.922537 0.324447 -0.208950
vn 0.926641 0.372294 -0.052290
vn 0.379252 0.924891 -0.027300
vn 0.409877 0.905772 -0.107601
vn -0.761821 0.381971 -0.523189
vn -0.671807 0.359358 -0.647717
vn -0.290973 0.920210 -0.261817
vn -0.309850 0.928769 -0.203422
vn -0.922743 0.374922 -0.089325
vn -0.367127 0.929285 -0.040594
vn -0.423676 0.905814 0.000003
vn -0.941130 0.338046 0.000012
vn 0.868021 0.351005 -0.351190
vn 0.922537 0.324447 -0.208950
vn 0.409877 0.905772 -0.107601
vn 0.363495 0.918126 -0.157851
vn -0.850240 0.361037 -0.383072
vn -0.761821 0.381971 -0.523189
vn -0.309850 0.928769 -0.203422
vn -0.353726 0.920591 -0.165503
vn 0.782171 0.382045 -0.492188
vn 0.868021 0.351005 -0.351190
vn 0.363495 0.918126 -0.157851
vn 0.316113 0.929178 -0.191574
vn 0.025810 0.375828 -0.926330
vn 0.187353 0.285673 -0.939835
vn 0.067625 0.894509 -0.441906
vn 0.003985 0.927147 -0.374677
vn 0.466965 0.258629 0.845609
vn 0.444433 0.235421 0.864324
vn 0.488029 -0.001330 0.872826
vn 0.488121 -0.000827 0.872775
vn -0.241172 0.172046 0.955110
vn -0.450175 0.232722 0.862081
vn -0.504935 -0.002734 0.863153
vn -0.267988 -0.003717 0.963415
vn 0.478499 -0.002129 0.878086
vn 0.423186 0.197306 0.884299
vn 0.202173 0.172315 0.964071
vn 0.230403 -0.003101 0.973090
vn 0.709352 0.172496 0.683422
vn 0.522506 0.208522 0.826744
vn 0.495970 -0.000741 0.868339
vn 0.705169 -0.000324 0.709039
vn 0.999727 0.002671 0.023221
vn 0.975924 0.206647 0.069784
vn 0.937632 0.174276 0.300788
vn 0.960201 0.000644 0.279309
vn 0.999727 0.002671 0.023221
vn 0.999717 0.002756 0.023621
vn 0.999904 0.002768 0.013596
vn 0.999905 0.002627 0.013552
vn 0.522506 0.208522 0.826744
vn 0.491028 0.227072 0.841029
vn 0.488172 -0.000827 0.872747
vn 0.495970 -0.000741 0.868339
vn 0.479980 -0.002933 0.877275
vn 0.488112 -0.000772 0.872781
vn 0.488029 -0.001330 0.872826
vn 0.478499 -0.002129 0.878086
vn -0.450175 0.232722 0.862081
vn -0.485370 0.256757 0.835758
vn -0.511672 -0.003611 0.859173
vn -0.504935 -0.002734 0.863153
vn -0.511672 -0.003611 0.859173
vn -0.485370 0.256757 0.835758
vn -0.511936 0.255226 0.820232
vn -0.511956 -0.003715 0.859003
vn -0.519475 -0.003330 0.854479
vn -0.519433 -0.003400 0.854504
vn -0.511676 -0.002773 0.859174
vn -0.511956 -0.003715 0.859003
vn -0.722218 -0.003882 0.691654
vn -0.723522 -0.004309 0.690288
vn -0.519433 -0.003400 0.854504
vn -0.519475 -0.003330 0.854479
vn -0.999986 -0.002888 -0.004483
vn -0.967242 -0.003701 0.253828
vn -0.966930 -0.003259 0.255023
vn -0.999986 -0.002605 -0.004639
vn -0.999905 -0.002591 -0.013554
vn -0.999986 -0.002888 -0.004483
vn -0.999986 -0.002605 -0.004639
vn -0.999904 -0.001955 -0.013739
vn 0.491028 0.227072 0.841029
vn 0.466965 0.258629 0.845609
vn 0.488121 -0.000827 0.872775
vn 0.488172 -0.000827 0.872747
vn -0.267988 -0.003717 0.963415
vn -0.265026 -0.003531 0.964235
vn 0.235053 -0.003725 0.971976
vn 0.230403 -0.003101 0.973090
vn 0.705169 -0.000324 0.709039
vn 0.704345 -0.000652 0.709857
vn 0.959720 0.000903 0.280957
vn 0.960201 0.000644 0.279309
vn -0.966930 -0.003259 0.255023
vn -0.967242 -0.003701 0.253828
vn -0.723522 -0.004309 0.690288
vn -0.722218 -0.003882 0.691654
vn 0.488121 -0.000827 0.872775
vn 0.488029 -0.001330 0.872826
vn 0.488112 -0.000772 0.872781
vn 0.488332 -0.000610 0.872658
vn -0.267988 -0.003717 0.963415
vn -0.504935 -0.002734 0.863153
vn -0.504867 -0.003544 0.863190
vn -0.265026 -0.003531 0.964235
vn 0.478499 -0.002129 0.878086
vn 0.230403 -0.003101 0.973090
vn 0.235053 -0.003725 0.971976
vn 0.479980 -0.002933 0.877275
vn 0.705169 -0.000324 0.709039
vn 0.495970 -0.000741 0.868339
vn 0.496140 -0.000960 0.868242
vn 0.704345 -0.000652 0.709857
vn 0.999717 0.002756 0.023621
vn 0.999727 0.002671 0.023221
vn 0.960201 0.000644 0.279309
vn 0.959720 0.000903 0.280957
vn 0.495970 -0.000741 0.868339
vn 0.488172 -0.000827 0.872747
vn 0.488203 -0.000903 0.872729
vn 0.496140 -0.000960 0.868242
vn -0.504935 -0.002734 0.863153
vn -0.511672 -0.003611 0.859173
vn -0.511840 -0.002825 0.859076
vn -0.504867 -0.003544 0.863190
vn -0.511840 -0.002825 0.859076
vn -0.511672 -0.003611 0.859173
vn -0.511956 -0.003715 0.859003
vn -0.511676 -0.002773 0.859174
vn 0.488172 -0.000827 0.872747
vn 0.488121 -0.000827 0.872775
vn 0.488332 -0.000610 0.872658
vn 0.488203 -0.000903 0.872729
vn 0.999717 0.002756 0.023621
vn 0.999711 0.003631 0.023771
vn 0.999901 0.003453 0.013622
vn 0.999904 0.002768 0.013596
vn 0.481129 -0.002772 0.876645
vn 0.488059 -0.000515 0.872810
vn 0.488112 -0.000772 0.872781
vn 0.479980 -0.002933 0.877275
vn -0.519433 -0.003400 0.854504
vn -0.519632 -0.004063 0.854381
vn -0.511695 -0.002565 0.859164
vn -0.511676 -0.002773 0.859174
vn -0.723522 -0.004309 0.690288
vn -0.722887 -0.004430 0.690952
vn -0.519632 -0.004063 0.854381
vn -0.519433 -0.003400 0.854504
vn -0.999984 -0.003575 -0.004372
vn -0.967209 -0.003284 0.253960
vn -0.967242 -0.003701 0.253828
vn -0.999986 -0.002888 -0.004483
vn -0.999908 -0.003482 -0.013084
vn -0.999984 -0.003575 -0.004372
vn -0.999986 -0.002888 -0.004483
vn -0.999905 -0.002591 -0.013554
vn -0.265026 -0.003531 0.964235
vn -0.262530 -0.002728 0.964920
vn 0.237902 -0.003097 0.971284
vn 0.235053 -0.003725 0.971976
vn 0.704345 -0.000652 0.709857
vn 0.704808 -0.000010 0.709398
vn 0.959766 0.001486 0.280796
vn 0.959720 0.000903 0.280957
vn -0.967242 -0.003701 0.253828
vn -0.967209 -0.003284 0.253960
vn -0.722887 -0.004430 0.690952
vn -0.723522 -0.004309 0.690288
vn 0.190511 0.912697 -0.361510
vn 0.234409 0.930291 -0.282155
vn -0.000359 1.000000 -0.000578
vn 0.000345 0.999991 -0.004140
vn -0.231498 0.926863 -0.295522
vn -0.175573 0.928580 -0.326977
vn -0.004730 0.999988 -0.001388
vn -0.003402 0.999993 0.001253
vn -0.000359 1.000000 -0.000578
vn 0.234409 0.930291 -0.282155
vn 0.299153 0.919101 -0.256439
vn 0.000000 1.000000 -0.000000
vn 0.143006 0.880209 -0.452529
vn 0.190511 0.912697 -0.361510
vn 0.000345 0.999991 -0.004140
vn -0.001004 0.999993 -0.003715
vn -0.055744 0.931177 -0.360281
vn 0.003985 0.927147 -0.374677
vn -0.002940 0.999994 -0.001981
vn -0.003042 0.999995 0.000473
vn -0.175573 0.928580 -0.326977
vn -0.116481 0.930199 -0.348083
vn -0.002957 0.999995 0.001056
vn -0.004730 0.999988 -0.001388
vn -0.290973 0.920210 -0.261817
vn -0.231498 0.926863 -0.295522
vn -0.003402 0.999993 0.001253
vn -0.002350 0.999995 0.002213
vn -0.002863 0.999994 0.002086
vn -0.403242 0.907550 -0.117253
vn -0.353726 0.920591 -0.165503
vn -0.002827 0.999993 0.002320
vn -0.001095 0.999996 0.002708
vn -0.367127 0.929285 -0.040594
vn -0.403242 0.907550 -0.117253
vn -0.002863 0.999994 0.002086
vn -0.116481 0.930199 -0.348083
vn -0.055744 0.931177 -0.360281
vn -0.003042 0.999995 0.000473
vn -0.002957 0.999995 0.001056
vn 0.067625 0.894509 -0.441906
vn 0.143006 0.880209 -0.452529
vn -0.001004 0.999993 -0.003715
vn -0.001799 0.999998 -0.000162
vn 0.000000 1.000000 -0.000000
vn 0.299153 0.919101 -0.256439
vn 0.316113 0.929178 -0.191574
vn 0.000213 1.000000 0.000521
vn 0.409877 0.905772 -0.107601
vn 0.379252 0.924891 -0.027300
vn 0.000907 0.999998 0.002026
vn 0.001654 0.999998 0.001235
vn -0.309850 0.928769 -0.203422
vn -0.290973 0.920210 -0.261817
vn -0.002350 0.999995 0.002213
vn -0.002519 0.999993 0.002814
vn -0.367127 0.929285 -0.040594
vn -0.001095 0.999996 0.002708
vn -0.000042 1.000000 -0.000002
vn -0.423676 0.905814 0.000003
vn 0.363495 0.918126 -0.157851
vn 0.409877 0.905772 -0.107601
vn 0.001654 0.999998 0.001235
vn 0.000852 0.999999 0.000658
vn -0.002827 0.999993 0.002320
vn -0.353726 0.920591 -0.165503
vn -0.309850 0.928769 -0.203422
vn -0.002519 0.999993 0.002814
vn 0.316113 0.929178 -0.191574
vn 0.363495 0.918126 -0.157851
vn 0.000852 0.999999 0.000658
vn 0.000213 1.000000 0.000521
vn 0.003985 0.927147 -0.374677
vn 0.067625 0.894509 -0.441906
vn -0.001799 0.999998 -0.000162
vn -0.002940 0.999994 -0.001981
vn 0.492856 0.000000 -0.870111
vn 0.492916 0.000000 -0.870077
vn 0.629648 0.000000 -0.776880
vn 0.629630 0.000000 -0.776895
vn -0.598963 0.000000 -0.800777
vn -0.598815 0.000000 -0.800887
vn -0.458798 0.000000 -0.888541
vn -0.458963 0.000000 -0.888456
vn 0.629630 0.000000 -0.776895
vn 0.629648 0.000000 -0.776880
vn 0.748883 0.000000 -0.662702
vn 0.748883 0.000000 -0.662702
vn 0.343005 0.000000 -0.939333
vn 0.343092 0.000000 -0.939302
vn 0.492916 0.000000 -0.870077
vn 0.492856 0.000000 -0.870111
vn -0.145069 0.000000 -0.989422
vn -0.144887 0.000000 -0.989448
vn 0.019448 0.000000 -0.999811
vn 0.019287 0.000000 -0.999814
vn -0.458963 0.000000 -0.888456
vn -0.458798 0.000000 -0.888541
vn -0.305752 0.000000 -0.952111
vn -0.305929 0.000000 -0.952054
vn -0.722531 0.000000 -0.691339
vn -0.722402 0.000000 -0.691473
vn -0.598815 0.000000 -0.800887
vn -0.598963 0.000000 -0.800777
vn -0.964470 0.000000 -0.264191
vn -0.964427 0.000000 -0.264348
vn -0.907470 0.000000 -0.420117
vn -0.907548 0.000000 -0.419949
vn -0.994818 0.000000 -0.101668
vn -0.994804 0.000000 -0.101809
vn -0.964427 0.000000 -0.264348
vn -0.964470 0.000000 -0.264191
vn -0.305929 0.000000 -0.952054
vn -0.305752 0.000000 -0.952111
vn -0.144887 0.000000 -0.989448
vn -0.145069 0.000000 -0.989422
vn 0.183801 0.000000 -0.982964
vn 0.183915 0.000000 -0.982942
vn 0.343092 0.000000 -0.939302
vn 0.343005 0.000000 -0.939333
vn 0.748883 0.000000 -0.662702
vn 0.748883 0.000000 -0.662702
vn 0.847583 0.000000 -0.530662
vn 0.847595 0.000000 -0.530643
vn 0.974016 0.000000 -0.226481
vn 0.973995 0.000000 -0.226570
vn 0.998010 0.000000 -0.063059
vn 0.998018 0.000000 -0.062931
vn -0.826266 0.000000 -0.563280
vn -0.826163 0.000000 -0.563431
vn -0.722402 0.000000 -0.691473
vn -0.722531 0.000000 -0.691339
vn -1.000000 0.000000 0.000014
vn -0.994804 0.000000 -0.101809
vn -0.994818 0.000000 -0.101668
vn -1.000000 0.000000 0.000014
vn 0.923398 0.000000 -0.383843
vn 0.923381 0.000000 -0.383886
vn 0.973995 0.000000 -0.226570
vn 0.974016 0.000000 -0.226481
vn -0.907548 0.000000 -0.419949
vn -0.907470 0.000000 -0.420117
vn -0.826163 0.000000 -0.563431
vn -0.826266 0.000000 -0.563280
vn 0.847595 0.000000 -0.530643
vn 0.847583 0.000000 -0.530662
vn 0.923381 0.000000 -0.383886
vn 0.923398 0.000000 -0.383843
vn 0.019287 0.000000 -0.999814
vn 0.019448 0.000000 -0.999811
vn 0.183915 0.000000 -0.982942
vn 0.183801 0.000000 -0.982964
vn -0.000017 -0.979558 0.201161
vn -0.077236 -0.978275 0.192384
vn 0.000189 -1.000000 -0.000006
vn 0.075915 -0.978439 0.192078
vn 0.212580 -0.837670 0.503108
vn -0.000014 -0.846831 0.531862
vn -0.000017 -0.979558 0.201161
vn 0.075915 -0.978439 0.192078
vn 0.320497 -0.549671 0.771455
vn -0.000020 -0.522612 0.852571
vn -0.000014 -0.846831 0.531862
vn 0.212580 -0.837670 0.503108
vn 0.342877 -0.248024 0.906046
vn -0.000016 -0.205064 0.978749
vn -0.000020 -0.522612 0.852571
vn 0.320497 -0.549671 0.771455
vn 0.290757 -0.139180 0.946620
vn -0.000018 -0.160310 0.987067
vn -0.000016 -0.205064 0.978749
vn 0.342877 -0.248024 0.906046
vn 0.308325 -0.021667 0.951034
vn -0.000018 -0.022726 0.999742
vn -0.000018 -0.160310 0.987067
vn 0.290757 -0.139180 0.946620
vn 0.354244 0.162349 0.920953
vn -0.000019 0.121083 0.992642
vn -0.000018 -0.022726 0.999742
vn 0.308325 -0.021667 0.951034
vn 0.458040 0.104535 0.882764
vn -0.000019 0.108893 0.994053
vn -0.000019 0.121083 0.992642
vn 0.354244 0.162349 0.920953
vn 0.458040 0.104535 0.882764
vn 0.431463 0.033072 0.901524
vn -0.000014 0.052794 0.998605
vn -0.000019 0.108893 0.994053
vn 0.000000 1.000000 -0.000000
vn 0.000000 1.000000 -0.000000
vn 0.000000 1.000000 -0.000000
vn 0.000000 1.000000 -0.000000
vn 0.000189 -1.000000 -0.000006
vn 0.166855 -0.983305 0.072596
vn 0.138056 -0.979488 0.146781
vn 0.075915 -0.978439 0.192078
vn 0.138056 -0.979488 0.146781
vn 0.336187 -0.860462 0.382863
vn 0.212580 -0.837670 0.503108
vn 0.075915 -0.978439 0.192078
vn 0.336187 -0.860462 0.382863
vn 0.534774 -0.569464 0.624281
vn 0.320497 -0.549671 0.771455
vn 0.212580 -0.837670 0.503108
vn 0.534774 -0.569464 0.624281
vn 0.566908 -0.375471 0.733237
vn 0.342877 -0.248024 0.906046
vn 0.320497 -0.549671 0.771455
vn 0.458025 -0.212167 0.863249
vn 0.290757 -0.139180 0.946620
vn 0.342877 -0.248024 0.906046
vn 0.566908 -0.375471 0.733237
vn 0.427784 0.021069 0.903635
vn 0.308325 -0.021667 0.951034
vn 0.290757 -0.139180 0.946620
vn 0.458025 -0.212167 0.863249
vn 0.392775 0.411580 0.822393
vn 0.354244 0.162349 0.920953
vn 0.308325 -0.021667 0.951034
vn 0.427784 0.021069 0.903635
vn 0.584632 0.327722 0.742162
vn 0.458040 0.104535 0.882764
vn 0.354244 0.162349 0.920953
vn 0.392775 0.411580 0.822393
vn 0.737164 -0.017839 0.675479
vn 0.431463 0.033072 0.901524
vn 0.458040 0.104535 0.882764
vn 0.584632 0.327722 0.742162
vn 0.000000 1.000000 -0.000000
vn 0.000000 1.000000 -0.000000
vn 0.000000 1.000000 -0.000000
vn 0.000000 1.000000 -0.000000
vn 0.410715 -0.888712 0.203725
vn 0.336187 -0.860462 0.382863
vn 0.138056 -0.979488 0.146781
vn 0.166855 -0.983305 0.072596
vn 0.647278 -0.694921 0.313235
vn 0.534774 -0.569464 0.624281
vn 0.336187 -0.860462 0.382863
vn 0.410715 -0.888712 0.203725
vn 0.684604 -0.601913 0.411118
vn 0.566908 -0.375471 0.733237
vn 0.534774 -0.569464 0.624281
vn 0.647278 -0.694921 0.313235
vn 0.769847 0.374329 0.516926
vn 0.908617 0.033850 0.416256
vn 0.737164 -0.017839 0.675479
vn 0.584632 0.327722 0.742162
vn 0.000000 1.000000 -0.000000
vn -0.001221 0.999995 -0.002995
vn 0.000000 1.000000 -0.000000
vn 0.000000 1.000000 -0.000000
vn 0.000189 -1.000000 -0.000006
vn 0.166852 -0.983305 -0.072603
vn 0.174065 -0.984734 -0.000009
vn 0.166855 -0.983305 0.072596
vn 0.431156 -0.902278 -0.000009
vn 0.410715 -0.888712 0.203725
vn 0.166855 -0.983305 0.072596
vn 0.174065 -0.984734 -0.000009
vn 0.431156 -0.902278 -0.000009
vn 0.680368 -0.732870 -0.000009
vn 0.647278 -0.694921 0.313235
vn 0.410715 -0.888712 0.203725
vn 0.684604 -0.601913 0.411118
vn 0.647278 -0.694921 0.313235
vn 0.680368 -0.732870 -0.000009
vn 0.718188 -0.695849 -0.000026
vn 0.880445 0.474149 -0.000019
vn 0.998738 0.050222 -0.000022
vn 0.908617 0.033850 0.416256
vn 0.769847 0.374329 0.516926
vn -0.019049 0.999819 0.000000
vn -0.001221 0.999995 -0.002995
vn 0.000000 1.000000 -0.000000
vn 0.000000 1.000000 -0.000000
vn 0.566908 -0.375471 0.733237
vn 0.439921 -0.540927 0.716845
vn 0.383401 -0.268442 0.883709
vn 0.458025 -0.212167 0.863249
vn 0.684604 -0.601913 0.411118
vn 0.475839 -0.789966 0.386692
vn 0.439921 -0.540927 0.716845
vn 0.566908 -0.375471 0.733237
vn 0.718188 -0.695849 -0.000026
vn 0.472943 -0.881093 -0.000030
vn 0.475839 -0.789966 0.386692
vn 0.684604 -0.601913 0.411118
vn 0.346802 0.613680 0.709313
vn 0.498256 0.722804 0.478847
vn 0.769847 0.374329 0.516926
vn 0.584632 0.327722 0.742162
vn 0.392775 0.411580 0.822393
vn 0.352896 0.441361 0.825024
vn 0.346802 0.613680 0.709313
vn 0.584632 0.327722 0.742162
vn 0.381625 0.029387 0.923850
vn 0.352896 0.441361 0.825024
vn 0.392775 0.411580 0.822393
vn 0.427784 0.021069 0.903635
vn 0.383401 -0.268442 0.883709
vn 0.381625 0.029387 0.923850
vn 0.427784 0.021069 0.903635
vn 0.458025 -0.212167 0.863249
vn 0.170446 -0.661365 0.730441
vn 0.045196 -0.687314 0.724953
vn 0.042120 -0.290290 0.956011
vn 0.176268 -0.312699 0.933354
vn 0.150204 -0.908667 0.389568
vn 0.042132 -0.921800 0.385370
vn 0.045196 -0.687314 0.724953
vn 0.170446 -0.661365 0.730441
vn 0.141726 -0.989906 -0.000031
vn 0.036511 -0.999333 -0.000033
vn 0.042132 -0.921800 0.385370
vn 0.150204 -0.908667 0.389568
vn 0.180967 0.666173 0.723508
vn 0.076983 0.674258 0.734473
vn 0.077100 0.898442 0.432270
vn 0.229564 0.875652 0.424893
vn 0.219706 0.393851 0.892531
vn 0.078563 0.384634 0.919720
vn 0.076983 0.674258 0.734473
vn 0.180967 0.666173 0.723508
vn 0.207933 0.040881 0.977288
vn 0.066853 0.068953 0.995377
vn 0.078563 0.384634 0.919720
vn 0.219706 0.393851 0.892531
vn 0.176268 -0.312699 0.933354
vn 0.042120 -0.290290 0.956011
vn 0.066853 0.068953 0.995377
vn 0.207933 0.040881 0.977288
vn 0.050959 -0.686995 0.724873
vn 0.050754 -0.291700 0.955162
vn 0.042120 -0.290290 0.956011
vn 0.045196 -0.687314 0.724953
vn 0.051008 -0.920278 0.387926
vn 0.050959 -0.686995 0.724873
vn 0.045196 -0.687314 0.724953
vn 0.042132 -0.921800 0.385370
vn 0.049279 0.675564 0.735653
vn 0.049238 0.900046 0.433003
vn 0.077100 0.898442 0.432270
vn 0.076983 0.674258 0.734473
vn 0.049716 0.384286 0.921874
vn 0.049279 0.675564 0.735653
vn 0.076983 0.674258 0.734473
vn 0.078563 0.384634 0.919720
vn 0.048635 0.080921 0.995533
vn 0.049716 0.384286 0.921874
vn 0.078563 0.384634 0.919720
vn 0.066853 0.068953 0.995377
vn 0.050754 -0.291700 0.955162
vn 0.048635 0.080921 0.995533
vn 0.066853 0.068953 0.995377
vn 0.042120 -0.290290 0.956011
vn 0.176268 -0.312699 0.933354
vn 0.383401 -0.268442 0.883709
vn 0.439921 -0.540927 0.716845
vn 0.170446 -0.661365 0.730441
vn 0.170446 -0.661365 0.730441
vn 0.439921 -0.540927 0.716845
vn 0.475839 -0.789966 0.386692
vn 0.150204 -0.908667 0.389568
vn 0.180967 0.666173 0.723508
vn 0.229564 0.875652 0.424893
vn 0.498256 0.722804 0.478847
vn 0.346802 0.613680 0.709313
vn 0.180967 0.666173 0.723508
vn 0.346802 0.613680 0.709313
vn 0.352896 0.441361 0.825024
vn 0.219706 0.393851 0.892531
vn 0.207933 0.040881 0.977288
vn 0.219706 0.393851 0.892531
vn 0.352896 0.441361 0.825024
vn 0.381625 0.029387 0.923850
vn 0.176268 -0.312699 0.933354
vn 0.207933 0.040881 0.977288
vn 0.381625 0.029387 0.923850
vn 0.383401 -0.268442 0.883709
vn -0.198437 -0.842758 0.500382
vn -0.077236 -0.978275 0.192384
vn -0.000017 -0.979558 0.201161
vn -0.000014 -0.846831 0.531862
vn -0.325540 -0.537431 0.777941
vn -0.198437 -0.842758 0.500382
vn -0.000014 -0.846831 0.531862
vn -0.000020 -0.522612 0.852571
vn -0.348047 -0.254350 0.902313
vn -0.325540 -0.537431 0.777941
vn -0.000020 -0.522612 0.852571
vn -0.000016 -0.205064 0.978749
vn -0.290775 -0.139180 0.946614
vn -0.348047 -0.254350 0.902313
vn -0.000016 -0.205064 0.978749
vn -0.000018 -0.160310 0.987067
vn -0.308342 -0.021667 0.951029
vn -0.290775 -0.139180 0.946614
vn -0.000018 -0.160310 0.987067
vn -0.000018 -0.022726 0.999742
vn -0.354261 0.162349 0.920946
vn -0.308342 -0.021667 0.951029
vn -0.000018 -0.022726 0.999742
vn -0.000019 0.121083 0.992642
vn -0.458057 0.104535 0.882755
vn -0.354261 0.162349 0.920946
vn -0.000019 0.121083 0.992642
vn -0.000019 0.108893 0.994053
vn -0.000014 0.052794 0.998605
vn -0.431488 0.033066 0.901513
vn -0.458057 0.104535 0.882755
vn -0.000019 0.108893 0.994053
vn 0.000000 1.000000 -0.000000
vn 0.000000 1.000000 -0.000000
vn 0.000000 1.000000 -0.000000
vn 0.000000 1.000000 -0.000000
vn -0.344542 -0.865850 0.362759
vn -0.146177 -0.978260 0.147105
vn -0.077236 -0.978275 0.192384
vn -0.198437 -0.842758 0.500382
vn -0.539241 -0.558795 0.630053
vn -0.344542 -0.865850 0.362759
vn -0.198437 -0.842758 0.500382
vn -0.325540 -0.537431 0.777941
vn -0.558710 -0.381272 0.736529
vn -0.539241 -0.558795 0.630053
vn -0.325540 -0.537431 0.777941
vn -0.348047 -0.254350 0.902313
vn -0.455071 -0.211919 0.864871
vn -0.558710 -0.381272 0.736529
vn -0.348047 -0.254350 0.902313
vn -0.290775 -0.139180 0.946614
vn -0.427166 0.021676 0.903913
vn -0.455071 -0.211919 0.864871
vn -0.290775 -0.139180 0.946614
vn -0.308342 -0.021667 0.951029
vn -0.392747 0.411584 0.822404
vn -0.427166 0.021676 0.903913
vn -0.308342 -0.021667 0.951029
vn -0.354261 0.162349 0.920946
vn -0.584632 0.327722 0.742162
vn -0.392747 0.411584 0.822404
vn -0.354261 0.162349 0.920946
vn -0.458057 0.104535 0.882755
vn -0.737164 -0.017839 0.675479
vn -0.584632 0.327722 0.742162
vn -0.458057 0.104535 0.882755
vn -0.431488 0.033066 0.901513
vn 0.000000 1.000000 -0.000000
vn 0.000000 1.000000 -0.000000
vn 0.000000 1.000000 -0.000000
vn 0.000000 1.000000 -0.000000
vn -0.344542 -0.865850 0.362759
vn -0.407776 -0.888331 0.211155
vn -0.172784 -0.981788 0.078988
vn -0.146177 -0.978260 0.147105
vn -0.539241 -0.558795 0.630053
vn -0.643735 -0.697143 0.315588
vn -0.407776 -0.888331 0.211155
vn -0.344542 -0.865850 0.362759
vn -0.679079 -0.607694 0.411777
vn -0.643735 -0.697143 0.315588
vn -0.539241 -0.558795 0.630053
vn -0.558710 -0.381272 0.736529
vn -0.737164 -0.017839 0.675479
vn -0.908617 0.033850 0.416256
vn -0.769847 0.374330 0.516926
vn -0.584632 0.327722 0.742162
vn 0.000000 1.000000 -0.000000
vn 0.000000 1.000000 -0.000000
vn 0.000000 1.000000 -0.000000
vn 0.000000 1.000000 -0.000000
vn -0.369516 -0.268513 0.889584
vn -0.406077 -0.555146 0.725888
vn -0.558710 -0.381272 0.736529
vn -0.455071 -0.211919 0.864871
vn -0.406077 -0.555146 0.725888
vn -0.401283 -0.827125 0.393492
vn -0.679079 -0.607694 0.411777
vn -0.558710 -0.381272 0.736529
vn -0.346796 0.613706 0.709294
vn -0.584632 0.327722 0.742162
vn -0.769847 0.374330 0.516926
vn -0.498256 0.722804 0.478847
vn -0.346796 0.613706 0.709294
vn -0.352752 0.441452 0.825037
vn -0.392747 0.411584 0.822404
vn -0.584632 0.327722 0.742162
vn -0.379737 0.032458 0.924525
vn -0.427166 0.021676 0.903913
vn -0.392747 0.411584 0.822404
vn -0.352752 0.441452 0.825037
vn -0.369516 -0.268513 0.889584
vn -0.455071 -0.211919 0.864871
vn -0.427166 0.021676 0.903913
vn -0.379737 0.032458 0.924525
vn 0.017125 -0.296596 0.954849
vn 0.146369 -0.655491 0.740884
vn -0.056905 -0.672157 0.738219
vn -0.119375 -0.323480 0.938675
vn 0.146369 -0.655491 0.740884
vn 0.240544 -0.882773 0.403547
vn 0.048935 -0.919228 0.390673
vn -0.056905 -0.672157 0.738219
vn -0.302715 0.837297 0.455298
vn -0.272555 0.867343 0.416449
vn -0.306829 0.951765 -0.000000
vn -0.326437 0.945219 -0.000000
vn -0.302715 0.837297 0.455298
vn -0.247498 0.596439 0.763548
vn -0.214148 0.663658 0.716728
vn -0.272555 0.867343 0.416449
vn -0.247498 0.596439 0.763548
vn -0.176935 0.314835 0.932509
vn -0.239046 0.397880 0.885747
vn -0.214148 0.663658 0.716728
vn -0.176935 0.314835 0.932509
vn -0.101144 0.026886 0.994508
vn -0.197732 0.055345 0.978692
vn -0.239046 0.397880 0.885747
vn 0.017125 -0.296596 0.954849
vn -0.119375 -0.323480 0.938675
vn -0.197732 0.055345 0.978692
vn -0.101144 0.026886 0.994508
vn -0.119375 -0.323480 0.938675
vn -0.056905 -0.672157 0.738219
vn -0.406077 -0.555146 0.725888
vn -0.369516 -0.268513 0.889584
vn -0.056905 -0.672157 0.738219
vn 0.048935 -0.919228 0.390673
vn -0.401283 -0.827125 0.393492
vn -0.406077 -0.555146 0.725888
vn -0.568364 0.822778 -0.000021
vn -0.306829 0.951765 -0.000000
vn -0.272555 0.867343 0.416449
vn -0.498256 0.722804 0.478847
vn -0.498256 0.722804 0.478847
vn -0.272555 0.867343 0.416449
vn -0.214148 0.663658 0.716728
vn -0.346796 0.613706 0.709294
vn -0.214148 0.663658 0.716728
vn -0.239046 0.397880 0.885747
vn -0.352752 0.441452 0.825037
vn -0.346796 0.613706 0.709294
vn -0.352752 0.441452 0.825037
vn -0.239046 0.397880 0.885747
vn -0.197732 0.055345 0.978692
vn -0.379737 0.032458 0.924525
vn -0.379737 0.032458 0.924525
vn -0.197732 0.055345 0.978692
vn -0.119375 -0.323480 0.938675
vn -0.369516 -0.268513 0.889584
vn 0.159752 -0.223018 0.961635
vn 0.470472 -0.482305 0.738944
vn 0.321118 -0.587597 0.742707
vn 0.102041 -0.259621 0.960304
vn 0.470472 -0.482305 0.738944
vn 0.656193 -0.640820 0.398448
vn 0.445140 -0.798325 0.405621
vn 0.321118 -0.587597 0.742707
vn -0.820302 0.571931 -0.000038
vn -0.745876 0.511864 0.426222
vn -0.603854 0.663808 0.441271
vn -0.667594 0.744525 -0.000038
vn -0.745876 0.511864 0.426222
vn -0.574899 0.374365 0.727559
vn -0.459825 0.482905 0.745227
vn -0.603854 0.663808 0.441271
vn -0.574899 0.374365 0.727559
vn -0.354082 0.196923 0.914247
vn -0.282447 0.258077 0.923916
vn -0.459825 0.482905 0.745227
vn -0.354082 0.196923 0.914247
vn -0.118044 0.008715 0.992970
vn -0.099005 0.024577 0.994783
vn -0.282447 0.258077 0.923916
vn -0.118044 0.008715 0.992970
vn 0.159752 -0.223018 0.961635
vn 0.102041 -0.259621 0.960304
vn -0.099005 0.024577 0.994783
vn 0.263397 -0.081642 0.961227
vn 0.686437 -0.094848 0.720977
vn 0.611005 -0.289011 0.736984
vn 0.212288 -0.151838 0.965339
vn 0.321118 -0.587597 0.742707
vn 0.205716 -0.642603 0.738066
vn 0.055094 -0.283601 0.957358
vn 0.102041 -0.259621 0.960304
vn 0.686437 -0.094848 0.720977
vn 0.923114 -0.074084 0.377323
vn 0.847611 -0.356802 0.392745
vn 0.611005 -0.289011 0.736984
vn 0.445140 -0.798325 0.405621
vn 0.290140 -0.866953 0.405229
vn 0.205716 -0.642603 0.738066
vn 0.321118 -0.587597 0.742707
vn -0.989531 0.144319 -0.000040
vn -0.906444 0.123411 0.403892
vn -0.860399 0.306676 0.407018
vn -0.939059 0.343755 -0.000038
vn -0.906444 0.123411 0.403892
vn -0.707871 0.075406 0.702305
vn -0.673722 0.219994 0.705479
vn -0.860399 0.306676 0.407018
vn -0.459825 0.482905 0.745227
vn -0.350195 0.543380 0.762956
vn -0.464209 0.758728 0.456993
vn -0.603854 0.663808 0.441271
vn -0.707871 0.075406 0.702305
vn -0.434532 0.018773 0.900461
vn -0.419870 0.107308 0.901218
vn -0.673722 0.219994 0.705479
vn -0.282447 0.258077 0.923916
vn -0.216491 0.283660 0.934167
vn -0.350195 0.543380 0.762956
vn -0.459825 0.482905 0.745227
vn -0.434532 0.018773 0.900461
vn -0.127494 -0.034830 0.991228
vn -0.134026 -0.011709 0.990909
vn -0.419870 0.107308 0.901218
vn -0.099005 0.024577 0.994783
vn -0.086334 0.026559 0.995912
vn -0.216491 0.283660 0.934167
vn -0.282447 0.258077 0.923916
vn -0.127494 -0.034830 0.991228
vn 0.263397 -0.081642 0.961227
vn 0.212288 -0.151838 0.965339
vn -0.134026 -0.011709 0.990909
vn 0.102041 -0.259621 0.960304
vn 0.055094 -0.283601 0.957358
vn -0.086334 0.026559 0.995912
vn -0.099005 0.024577 0.994783
vn 0.484284 -0.874911 -0.000000
vn 0.319242 -0.947673 -0.000000
vn 0.290140 -0.866953 0.405229
vn 0.445140 -0.798325 0.405621
vn 0.431463 0.033072 0.901524
vn 0.389009 0.010469 0.921174
vn -0.000033 0.009723 0.999953
vn -0.000014 0.052794 0.998605
vn 0.715734 -0.130949 0.685986
vn 0.389009 0.010469 0.921174
vn 0.431463 0.033072 0.901524
vn 0.737164 -0.017839 0.675479
vn 0.908617 0.033850 0.416256
vn 0.916554 -0.128512 0.378699
vn 0.715734 -0.130949 0.685986
vn 0.737164 -0.017839 0.675479
vn 0.998738 0.050222 -0.000022
vn 0.988883 -0.148693 -0.000021
vn 0.916554 -0.128512 0.378699
vn 0.908617 0.033850 0.416256
vn -0.000014 0.052794 0.998605
vn -0.000033 0.009723 0.999953
vn -0.386050 0.008297 0.922440
vn -0.431488 0.033066 0.901513
vn -0.431488 0.033066 0.901513
vn -0.386050 0.008297 0.922440
vn -0.717789 -0.132481 0.683540
vn -0.737164 -0.017839 0.675479
vn -0.717789 -0.132481 0.683540
vn -0.916503 -0.128189 0.378931
vn -0.908617 0.033850 0.416256
vn -0.737164 -0.017839 0.675479
vn -0.679915 -0.212974 0.701682
vn -0.361877 -0.269565 0.892401
vn -0.362341 -0.640423 0.677177
vn -0.683826 -0.501661 0.529828
vn -0.684230 -0.671958 0.283377
vn -0.683826 -0.501661 0.529828
vn -0.362341 -0.640423 0.677177
vn -0.360921 -0.859250 0.362526
vn -0.672070 0.501095 0.545185
vn -0.672510 0.666972 0.320747
vn -0.355184 0.842453 0.405113
vn -0.350374 0.634501 0.688946
vn -0.672196 0.284347 0.683592
vn -0.672070 0.501095 0.545185
vn -0.350374 0.634501 0.688946
vn -0.351456 0.358278 0.864937
vn -0.665927 0.060437 0.743565
vn -0.672196 0.284347 0.683592
vn -0.351456 0.358278 0.864937
vn -0.343417 0.076360 0.936074
vn -0.665927 0.060437 0.743565
vn -0.343417 0.076360 0.936074
vn -0.361877 -0.269565 0.892401
vn -0.679915 -0.212974 0.701682
vn -0.684230 -0.671958 0.283377
vn -0.360921 -0.859250 0.362526
vn -0.361749 -0.932275 -0.000034
vn -0.685124 -0.728426 -0.000025
vn 0.000000 -0.687904 0.725802
vn 0.000000 -0.291976 0.956426
vn -0.347744 -0.275512 0.896196
vn -0.352054 -0.644250 0.678970
vn 0.000000 -0.921454 0.388489
vn 0.000000 -0.687904 0.725802
vn -0.352054 -0.644250 0.678970
vn -0.353664 -0.861972 0.363216
vn 0.000000 0.676248 0.736674
vn 0.000000 0.901105 0.433602
vn -0.345757 0.845387 0.407151
vn -0.348977 0.633021 0.691013
vn 0.000000 0.384810 0.922996
vn 0.000000 0.676248 0.736674
vn -0.348977 0.633021 0.691013
vn -0.347416 0.362185 0.864942
vn 0.000000 0.080997 0.996714
vn 0.000000 0.384810 0.922996
vn -0.347416 0.362185 0.864942
vn -0.347122 0.075658 0.934763
vn 0.000000 -0.291976 0.956426
vn 0.000000 0.080997 0.996714
vn -0.347122 0.075658 0.934763
vn -0.347744 -0.275512 0.896196
vn 0.000000 -0.921454 0.388489
vn -0.353664 -0.861972 0.363216
vn -0.353881 -0.935291 -0.000023
vn 0.000000 -1.000000 -0.000026
vn 0.862778 -0.143324 0.484842
vn 0.862947 -0.150515 0.482356
vn 0.865065 -0.345670 0.363559
vn 0.865046 -0.344246 0.364952
vn 0.865046 -0.344246 0.364952
vn 0.865065 -0.345670 0.363559
vn 0.865269 -0.462079 0.194403
vn 0.865250 -0.461836 0.195062
vn 0.858829 0.512262 -0.000013
vn 0.858168 0.462407 0.222997
vn 0.903977 0.375018 0.205394
vn 0.858835 0.512253 -0.000017
vn 0.903977 0.375018 0.205394
vn 0.858168 0.462407 0.222997
vn 0.984363 0.105057 0.141396
vn 0.999265 0.038328 -0.000373
vn 0.984363 0.105057 0.141396
vn 0.857908 0.199956 0.473298
vn 0.989625 0.143645 0.002730
vn 0.999265 0.038328 -0.000373
vn 0.989625 0.143645 0.002730
vn 0.857908 0.199956 0.473298
vn 0.854219 0.041649 0.518242
vn 0.854247 0.042611 0.518118
vn 0.854247 0.042611 0.518118
vn 0.854219 0.041649 0.518242
vn 0.862947 -0.150515 0.482356
vn 0.862778 -0.143324 0.484842
vn -1.000000 0.000000 -0.000000
vn -1.000000 0.000000 -0.000000
vn -1.000000 0.000000 -0.000000
vn -1.000000 0.000000 -0.000000
vn -0.637892 0.711520 -0.294675
vn -0.638406 0.711072 -0.294643
vn -0.638234 0.769842 0.000021
vn -0.637697 0.770287 0.000020
vn -0.523646 -0.787117 0.325947
vn -0.522426 -0.787771 0.326324
vn -0.522241 -0.852798 -0.000016
vn -0.524325 -0.851518 -0.000015
vn -1.000000 0.000000 -0.000000
vn -1.000000 0.000000 -0.000000
vn -1.000000 0.000000 -0.000000
vn -1.000000 0.000000 -0.000000
vn -0.726761 0.634683 -0.262669
vn -0.913530 0.375688 -0.155954
vn -0.912844 0.408309 0.000000
vn -0.725988 0.687707 -0.000000
vn -0.654852 -0.698235 0.289200
vn -0.847485 -0.490416 0.203128
vn -0.847472 -0.530840 -0.000005
vn -0.655642 -0.755071 -0.000008
vn 0.000000 -0.923870 0.382706
vn -0.335734 -0.870235 0.360518
vn -0.336566 -0.941660 -0.000010
vn 0.000000 -1.000000 -0.000011
vn -1.000000 0.000000 -0.000000
vn -1.000000 0.000000 -0.000000
vn -1.000000 0.000000 -0.000000
vn -1.000000 0.000000 -0.000000
vn -0.637892 0.711520 -0.294675
vn -0.637548 0.544745 -0.544780
vn -0.637774 0.544615 -0.544646
vn -0.638406 0.711072 -0.294643
vn -0.999282 -0.026795 0.026796
vn -0.870694 0.347760 -0.347785
vn -0.870739 0.454331 -0.188140
vn -0.999283 -0.034981 0.014491
vn -0.971625 -0.167243 0.167256
vn -0.999282 -0.026795 0.026796
vn -0.999283 -0.034981 0.014491
vn -0.971640 -0.218462 0.090495
vn -0.523646 -0.787117 0.325947
vn -0.523283 -0.602414 0.602721
vn -0.523059 -0.602655 0.602674
vn -0.522426 -0.787771 0.326324
vn -1.000000 0.000000 -0.000000
vn -1.000000 0.000000 -0.000000
vn -1.000000 0.000000 -0.000000
vn -1.000000 0.000000 -0.000000
vn -0.726761 0.634683 -0.262669
vn -0.726357 0.486013 -0.486001
vn -0.913204 0.288149 -0.288147
vn -0.913530 0.375688 -0.155954
vn -0.999363 -0.025237 0.025240
vn -0.908618 0.295318 -0.295297
vn -0.908596 0.385868 -0.159870
vn -0.999363 -0.032960 0.013651
vn -0.847548 -0.375262 0.375288
vn -0.999363 -0.025237 0.025240
vn -0.999363 -0.032960 0.013651
vn -0.847485 -0.490416 0.203128
vn -0.654852 -0.698235 0.289200
vn -0.655181 -0.534101 0.534297
vn -0.847548 -0.375262 0.375288
vn -0.847485 -0.490416 0.203128
vn 0.000000 -0.923870 0.382706
vn 0.000000 -0.707117 0.707096
vn -0.336004 -0.666068 0.665924
vn -0.335734 -0.870235 0.360518
vn -1.000000 0.000000 -0.000000
vn -1.000000 0.000000 -0.000000
vn -1.000000 0.000000 -0.000000
vn -1.000000 0.000000 -0.000000
vn -0.637548 0.544745 -0.544780
vn -0.637066 0.294862 -0.712182
vn -0.636240 0.295076 -0.712831
vn -0.637774 0.544615 -0.544646
vn -0.999285 -0.014470 0.034943
vn -0.870795 0.188140 -0.454223
vn -0.870694 0.347760 -0.347785
vn -0.999282 -0.026795 0.026796
vn -0.971639 -0.090485 0.218474
vn -0.999285 -0.014470 0.034943
vn -0.999282 -0.026795 0.026796
vn -0.971625 -0.167243 0.167256
vn -0.523283 -0.602414 0.602721
vn -0.523990 -0.325819 0.786941
vn -0.523227 -0.326173 0.787302
vn -0.523059 -0.602655 0.602674
vn -1.000000 0.000000 -0.000000
vn -1.000000 0.000000 -0.000000
vn -1.000000 0.000000 -0.000000
vn -1.000000 0.000000 -0.000000
vn -0.726357 0.486013 -0.486001
vn -0.726335 0.263094 -0.634995
vn -0.913127 0.155949 -0.376668
vn -0.913204 0.288149 -0.288147
vn -0.999361 -0.013688 0.033031
vn -0.908675 0.159746 -0.385735
vn -0.908618 0.295318 -0.295297
vn -0.999363 -0.025237 0.025240
vn -0.847693 -0.203034 0.490095
vn -0.999361 -0.013688 0.033031
vn -0.999363 -0.025237 0.025240
vn -0.847548 -0.375262 0.375288
vn -0.655181 -0.534101 0.534297
vn -0.655113 -0.289100 0.698031
vn -0.847693 -0.203034 0.490095
vn -0.847548 -0.375262 0.375288
vn 0.000000 -0.707117 0.707096
vn 0.000000 -0.382698 0.923873
vn -0.335729 -0.360513 0.870239
vn -0.336004 -0.666068 0.665924
vn -1.000000 0.000000 -0.000000
vn -1.000000 0.000000 -0.000000
vn -1.000000 0.000000 -0.000000
vn -1.000000 0.000000 -0.000000
vn -0.637066 0.294862 -0.712182
vn -0.637685 0.000053 -0.770297
vn -0.638181 0.000087 -0.769887
vn -0.636240 0.295076 -0.712831
vn -0.999281 -0.000009 0.037911
vn -0.870682 0.000004 -0.491846
vn -0.870795 0.188140 -0.454223
vn -0.999285 -0.014470 0.034943
vn -0.971631 -0.000006 0.236502
vn -0.999281 -0.000009 0.037911
vn -0.999285 -0.014470 0.034943
vn -0.971639 -0.090485 0.218474
vn -0.523990 -0.325819 0.786941
vn -0.522693 -0.000016 0.852521
vn -0.523104 0.000016 0.852269
vn -0.523227 -0.326173 0.787302
vn -1.000000 0.000000 -0.000000
vn -1.000000 0.000000 -0.000000
vn -1.000000 0.000000 -0.000000
vn -1.000000 0.000000 -0.000000
vn -0.726335 0.263094 -0.634995
vn -0.725994 -0.000015 -0.687701
vn -0.912836 -0.000017 -0.408326
vn -0.913127 0.155949 -0.376668
vn -0.999361 -0.000001 0.035746
vn -0.908703 -0.000004 -0.417443
vn -0.908675 0.159746 -0.385735
vn -0.999361 -0.013688 0.033031
vn -0.847471 0.000024 0.530842
vn -0.999361 -0.000001 0.035746
vn -0.999361 -0.013688 0.033031
vn -0.847693 -0.203034 0.490095
vn -0.655113 -0.289100 0.698031
vn -0.655643 0.000037 0.755071
vn -0.847471 0.000024 0.530842
vn -0.847693 -0.203034 0.490095
vn 0.000000 -0.382698 0.923873
vn 0.000000 0.000000 1.000000
vn -0.336581 0.000017 0.941655
vn -0.335729 -0.360513 0.870239
vn -1.000000 0.000000 -0.000000
vn -1.000000 0.000000 -0.000000
vn -1.000000 0.000000 -0.000000
vn -1.000000 0.000000 -0.000000
vn -0.637685 0.000053 -0.770297
vn -0.636914 -0.295065 -0.712234
vn -0.636253 -0.295210 -0.712765
vn -0.638181 0.000087 -0.769887
vn -0.999284 0.014489 0.034960
vn -0.870715 -0.188151 -0.454372
vn -0.870682 0.000004 -0.491846
vn -0.999281 -0.000009 0.037911
vn -0.971639 0.090498 0.218467
vn -0.999284 0.014489 0.034960
vn -0.999281 -0.000009 0.037911
vn -0.971631 -0.000006 0.236502
vn -0.522693 -0.000016 0.852521
vn -0.523982 0.325875 0.786923
vn -0.523223 0.326151 0.787314
vn -0.523104 0.000016 0.852269
vn -1.000000 0.000000 -0.000000
vn -1.000000 0.000000 -0.000000
vn -1.000000 0.000000 -0.000000
vn -1.000000 0.000000 -0.000000
vn -0.725994 -0.000015 -0.687701
vn -0.726426 -0.263034 -0.634916
vn -0.913126 -0.155948 -0.376672
vn -0.912836 -0.000017 -0.408326
vn -0.999362 0.013666 0.033001
vn -0.908721 -0.159759 -0.385619
vn -0.908703 -0.000004 -0.417443
vn -0.999361 -0.000001 0.035746
vn -0.847697 0.202996 0.490104
vn -0.999362 0.013666 0.033001
vn -0.999361 -0.000001 0.035746
vn -0.847471 0.000024 0.530842
vn -0.655643 0.000037 0.755071
vn -0.655103 0.289071 0.698053
vn -0.847697 0.202996 0.490104
vn -0.847471 0.000024 0.530842
vn 0.000000 0.000000 1.000000
vn 0.000000 0.382727 0.923862
vn -0.335736 0.360521 0.870233
vn -0.336581 0.000017 0.941655
vn -1.000000 0.000000 -0.000000
vn -1.000000 0.000000 -0.000000
vn -1.000000 0.000000 -0.000000
vn -1.000000 0.000000 -0.000000
vn -0.636914 -0.295065 -0.712234
vn -0.637055 -0.544947 -0.545155
vn -0.636080 -0.545833 -0.545407
vn -0.636253 -0.295210 -0.712765
vn -0.999281 0.026802 0.026808
vn -0.870862 -0.347598 -0.347527
vn -0.870715 -0.188151 -0.454372
vn -0.999284 0.014489 0.034960
vn -0.971625 0.167243 0.167254
vn -0.999281 0.026802 0.026808
vn -0.999284 0.014489 0.034960
vn -0.971639 0.090498 0.218467
vn -0.523982 0.325875 0.786923
vn -0.521837 0.603164 0.603224
vn -0.523093 0.602655 0.602644
vn -0.523223 0.326151 0.787314
vn -1.000000 0.000000 -0.000000
vn -1.000000 0.000000 -0.000000
vn -1.000000 0.000000 -0.000000
vn -1.000000 0.000000 -0.000000
vn -0.726426 -0.263034 -0.634916
vn -0.726355 -0.485983 -0.486033
vn -0.913206 -0.288130 -0.288159
vn -0.913126 -0.155948 -0.376672
vn -0.999362 0.025254 0.025255
vn -0.908628 -0.295285 -0.295301
vn -0.908721 -0.159759 -0.385619
vn -0.999362 0.013666 0.033001
vn -0.847549 0.375286 0.375263
vn -0.999362 0.025254 0.025255
vn -0.999362 0.013666 0.033001
vn -0.847697 0.202996 0.490104
vn -0.655103 0.289071 0.698053
vn -0.654509 0.534612 0.534611
vn -0.847549 0.375286 0.375263
vn -0.847697 0.202996 0.490104
vn 0.000000 0.382727 0.923862
vn 0.000000 0.707107 0.707107
vn -0.335293 0.666169 0.666182
vn -0.335736 0.360521 0.870233
vn -1.000000 0.000000 -0.000000
vn -1.000000 0.000000 -0.000000
vn -1.000000 0.000000 -0.000000
vn -1.000000 0.000000 -0.000000
vn -0.637055 -0.544947 -0.545155
vn -0.636899 -0.712247 -0.295067
vn -0.636203 -0.712810 -0.295207
vn -0.636080 -0.545833 -0.545407
vn -0.999284 0.034962 0.014473
vn -0.870738 -0.454331 -0.188147
vn -0.870862 -0.347598 -0.347527
vn -0.999281 0.026802 0.026808
vn -0.971637 0.218481 0.090481
vn -0.999284 0.034962 0.014473
vn -0.999281 0.026802 0.026808
vn -0.971625 0.167243 0.167254
vn -0.521837 0.603164 0.603224
vn -0.524002 0.786942 0.325796
vn -0.523227 0.787320 0.326129
vn -0.523093 0.602655 0.602644
vn -1.000000 0.000000 -0.000000
vn -1.000000 0.000000 -0.000000
vn -1.000000 0.000000 -0.000000
vn -1.000000 0.000000 -0.000000
vn -0.726355 -0.485983 -0.486033
vn -0.726042 -0.635358 -0.263028
vn -0.912838 -0.377171 -0.156424
vn -0.913206 -0.288130 -0.288159
vn -0.999362 0.033008 0.013667
vn -0.908712 -0.385642 -0.159759
vn -0.908628 -0.295285 -0.295301
vn -0.999362 0.025254 0.025255
vn -0.847478 0.490427 0.203132
vn -0.999362 0.033008 0.013667
vn -0.999362 0.025254 0.025255
vn -0.847549 0.375286 0.375263
vn -0.654509 0.534612 0.534611
vn -0.655716 0.697520 0.288968
vn -0.847478 0.490427 0.203132
vn -0.847549 0.375286 0.375263
vn 0.000000 0.707107 0.707107
vn 0.000000 0.923874 0.382698
vn -0.336636 0.869962 0.360337
vn -0.335293 0.666169 0.666182
vn -0.870879 -0.491498 0.000002
vn -0.870738 -0.454331 -0.188147
vn -0.999284 0.034962 0.014473
vn -0.999284 0.037843 -0.000001
vn -0.999284 0.037843 -0.000001
vn -0.999284 0.034962 0.014473
vn -0.971637 0.218481 0.090481
vn -0.971630 0.236507 -0.000004
vn -0.908571 -0.417731 0.000004
vn -0.908712 -0.385642 -0.159759
vn -0.999362 0.033008 0.013667
vn -0.999363 0.035697 -0.000001
vn -0.999363 0.035697 -0.000001
vn -0.999362 0.033008 0.013667
vn -0.847478 0.490427 0.203132
vn -0.847479 0.530829 -0.000006
vn -0.009974 -0.999185 0.039116
vn 0.027527 -0.997344 0.067431
vn 0.029024 -0.997466 0.064953
vn -0.007426 -0.999344 0.035449
vn 0.027527 -0.997344 0.067431
vn 0.071148 -0.996362 0.046910
vn 0.069698 -0.996581 0.044360
vn 0.029024 -0.997466 0.064953
vn 0.080324 -0.996395 -0.027281
vn 0.082970 -0.996165 -0.027773
vn 0.086408 -0.996260 0.000002
vn 0.087762 -0.996141 0.000003
vn 0.080324 -0.996395 -0.027281
vn 0.046073 -0.998319 -0.035158
vn 0.047526 -0.998324 -0.033008
vn 0.082970 -0.996165 -0.027773
vn 0.046073 -0.998319 -0.035158
vn 0.021988 -0.999186 -0.033834
vn 0.022773 -0.999174 -0.033647
vn 0.047526 -0.998324 -0.033008
vn 0.021988 -0.999186 -0.033834
vn -0.010042 -0.999919 -0.007769
vn -0.004688 -0.999955 -0.008256
vn 0.022773 -0.999174 -0.033647
vn -0.009974 -0.999185 0.039116
vn -0.007426 -0.999344 0.035449
vn -0.004688 -0.999955 -0.008256
vn -0.010042 -0.999919 -0.007769
vn 0.257914 -0.082137 0.962670
vn 0.246520 -0.082581 0.965613
vn 0.662888 -0.091250 0.743137
vn 0.667605 -0.090894 0.738946
vn 0.667605 -0.090894 0.738946
vn 0.662888 -0.091250 0.743137
vn 0.915936 -0.065884 0.395878
vn 0.915069 -0.067866 0.397546
vn -0.989487 0.144621 -0.000046
vn -0.989330 0.145693 -0.000045
vn -0.901035 0.120023 0.416811
vn -0.895784 0.120117 0.427951
vn -0.895784 0.120117 0.427951
vn -0.901035 0.120023 0.416811
vn -0.692638 0.074009 0.717478
vn -0.682806 0.071694 0.727073
vn -0.682806 0.071694 0.727073
vn -0.692638 0.074009 0.717478
vn -0.419243 0.018408 0.907687
vn -0.405551 0.015956 0.913933
vn -0.405551 0.015956 0.913933
vn -0.419243 0.018408 0.907687
vn -0.122303 -0.039285 0.991715
vn -0.111633 -0.038550 0.993001
vn -0.111633 -0.038550 0.993001
vn -0.122303 -0.039285 0.991715
vn 0.246520 -0.082581 0.965613
vn 0.257914 -0.082137 0.962670
vn -0.009974 -0.999185 0.039116
vn -0.020224 -0.999200 0.034511
vn 0.016337 -0.997791 0.064396
vn 0.027527 -0.997344 0.067431
vn 0.027527 -0.997344 0.067431
vn 0.016337 -0.997791 0.064396
vn 0.065520 -0.996637 0.049222
vn 0.071148 -0.996362 0.046910
vn 0.088041 -0.996117 0.000004
vn 0.074258 -0.996887 -0.026492
vn 0.080324 -0.996395 -0.027281
vn 0.087762 -0.996141 0.000003
vn 0.074258 -0.996887 -0.026492
vn 0.042693 -0.998204 -0.042036
vn 0.046073 -0.998319 -0.035158
vn 0.080324 -0.996395 -0.027281
vn 0.046073 -0.998319 -0.035158
vn 0.042693 -0.998204 -0.042036
vn 0.018782 -0.999217 -0.034823
vn 0.021988 -0.999186 -0.033834
vn 0.018782 -0.999217 -0.034823
vn -0.022048 -0.999720 -0.008544
vn -0.010042 -0.999919 -0.007769
vn 0.021988 -0.999186 -0.033834
vn -0.010042 -0.999919 -0.007769
vn -0.022048 -0.999720 -0.008544
vn -0.020224 -0.999200 0.034511
vn -0.009974 -0.999185 0.039116
vn 0.389009 0.010469 0.921174
vn 0.388391 0.006079 0.921475
vn -0.000059 0.008873 0.999961
vn -0.000033 0.009723 0.999953
vn 0.715734 -0.130949 0.685986
vn 0.690557 -0.154409 0.706604
vn 0.388391 0.006079 0.921475
vn 0.389009 0.010469 0.921174
vn 0.916554 -0.128512 0.378699
vn 0.918461 -0.127074 0.374542
vn 0.690557 -0.154409 0.706604
vn 0.715734 -0.130949 0.685986
vn 0.988884 -0.148686 -0.000020
vn 0.918461 -0.127074 0.374542
vn 0.916554 -0.128512 0.378699
vn 0.988883 -0.148693 -0.000021
vn -0.000033 0.009723 0.999953
vn -0.000059 0.008873 0.999961
vn -0.382432 0.010408 0.923925
vn -0.386050 0.008297 0.922440
vn -0.386050 0.008297 0.922440
vn -0.382432 0.010408 0.923925
vn -0.695818 -0.150050 0.702369
vn -0.717789 -0.132481 0.683540
vn -0.717789 -0.132481 0.683540
vn -0.695818 -0.150050 0.702369
vn -0.918260 -0.127688 0.374826
vn -0.916503 -0.128189 0.378931
vn 0.000000 1.000000 -0.000000
vn 0.000000 1.000000 -0.000000
vn 0.000000 1.000000 -0.000000
vn 0.000000 1.000000 -0.000000
vn 0.000000 1.000000 -0.000000
vn 0.000000 1.000000 -0.000000
vn 0.000000 1.000000 -0.000000
vn 0.000000 1.000000 -0.000000
vn -0.001221 0.999995 -0.002995
vn 0.003165 0.999966 -0.007650
vn 0.000000 1.000000 -0.000000
vn 0.000000 1.000000 -0.000000
vn -0.034526 0.999404 0.000001
vn 0.003165 0.999966 -0.007650
vn -0.001221 0.999995 -0.002995
vn -0.019049 0.999819 0.000000
vn 0.000000 1.000000 -0.000000
vn 0.000000 1.000000 -0.000000
vn 0.000000 1.000000 -0.000000
vn 0.000000 1.000000 -0.000000
vn 0.000000 1.000000 -0.000000
vn 0.000000 1.000000 -0.000000
vn 0.000000 1.000000 -0.000000
vn 0.000000 1.000000 -0.000000
vn 0.000000 1.000000 -0.000000
vn 0.000000 1.000000 -0.000000
vn 0.004041 0.999989 -0.002286
vn 0.000000 1.000000 -0.000000
vn 0.271635 -0.064652 0.960226
vn 0.257914 -0.082137 0.962670
vn 0.667605 -0.090894 0.738946
vn 0.682928 -0.056875 0.728268
vn 0.667605 -0.090894 0.738946
vn 0.915069 -0.067866 0.397546
vn 0.920541 -0.028587 0.389598
vn 0.682928 -0.056875 0.728268
vn -0.993745 0.111672 -0.000045
vn -0.989487 0.144621 -0.000046
vn -0.895784 0.120117 0.427951
vn -0.901209 0.090464 0.423837
vn -0.901209 0.090464 0.423837
vn -0.895784 0.120117 0.427951
vn -0.682806 0.071694 0.727073
vn -0.689284 0.045726 0.723047
vn -0.689284 0.045726 0.723047
vn -0.682806 0.071694 0.727073
vn -0.405551 0.015956 0.913933
vn -0.409366 -0.000574 0.912370
vn -0.409366 -0.000574 0.912370
vn -0.405551 0.015956 0.913933
vn -0.111633 -0.038550 0.993001
vn -0.111302 -0.040386 0.992966
vn -0.111302 -0.040386 0.992966
vn -0.111633 -0.038550 0.993001
vn 0.257914 -0.082137 0.962670
vn 0.271635 -0.064652 0.960226
vn 0.000000 -0.687904 0.725802
vn 0.000000 -0.687904 0.725802
vn 0.000000 -0.291976 0.956426
vn 0.000000 -0.291976 0.956426
vn 0.000000 -0.921454 0.388489
vn 0.000000 -0.921454 0.388489
vn 0.000000 -0.687904 0.725802
vn 0.000000 -0.687904 0.725802
vn 0.000000 0.676248 0.736674
vn 0.000000 0.676248 0.736674
vn 0.000000 0.901105 0.433602
vn 0.000000 0.901105 0.433602
vn 0.000000 0.384810 0.922996
vn 0.000000 0.384810 0.922996
vn 0.000000 0.676248 0.736674
vn 0.000000 0.676248 0.736674
vn 0.000000 0.080997 0.996714
vn 0.000000 0.080997 0.996714
vn 0.000000 0.384810 0.922996
vn 0.000000 0.384810 0.922996
vn 0.000000 -0.291976 0.956426
vn 0.000000 -0.291976 0.956426
vn 0.000000 0.080997 0.996714
vn 0.000000 0.080997 0.996714
vn 0.000000 -1.000000 -0.000026
vn 0.000000 -0.921454 0.388489
vn 0.000000 -0.921454 0.388489
vn 0.000000 -1.000000 -0.000026
vn -0.684430 -0.501332 0.529359
vn -0.352054 -0.644250 0.678970
vn -0.347744 -0.275512 0.896196
vn -0.680412 -0.212995 0.701194
vn -0.684712 -0.671554 0.283170
vn -0.353664 -0.861972 0.363216
vn -0.352054 -0.644250 0.678970
vn -0.684430 -0.501332 0.529359
vn -0.673073 0.500481 0.544511
vn -0.348977 0.633021 0.691013
vn -0.345757 0.845387 0.407151
vn -0.673216 0.666388 0.320480
vn -0.672621 0.284252 0.683215
vn -0.347416 0.362185 0.864942
vn -0.348977 0.633021 0.691013
vn -0.673073 0.500481 0.544511
vn -0.347122 0.075658 0.934763
vn -0.347416 0.362185 0.864942
vn -0.672621 0.284252 0.683215
vn -0.666493 0.060482 0.743054
vn -0.680412 -0.212995 0.701194
vn -0.347744 -0.275512 0.896196
vn -0.347122 0.075658 0.934763
vn -0.666493 0.060482 0.743054
vn -0.353881 -0.935291 -0.000023
vn -0.353664 -0.861972 0.363216
vn -0.684712 -0.671554 0.283170
vn -0.685844 -0.727749 -0.000021
vn -0.683826 -0.501661 0.529828
vn -0.684430 -0.501332 0.529359
vn -0.680412 -0.212995 0.701194
vn -0.679915 -0.212974 0.701682
vn -0.684230 -0.671958 0.283377
vn -0.684712 -0.671554 0.283170
vn -0.684430 -0.501332 0.529359
vn -0.683826 -0.501661 0.529828
vn -0.672070 0.501095 0.545185
vn -0.673073 0.500481 0.544511
vn -0.673216 0.666388 0.320480
vn -0.672510 0.666972 0.320747
vn -0.672196 0.284347 0.683592
vn -0.672621 0.284252 0.683215
vn -0.673073 0.500481 0.544511
vn -0.672070 0.501095 0.545185
vn -0.666493 0.060482 0.743054
vn -0.672621 0.284252 0.683215
vn -0.672196 0.284347 0.683592
vn -0.665927 0.060437 0.743565
vn -0.679915 -0.212974 0.701682
vn -0.680412 -0.212995 0.701194
vn -0.666493 0.060482 0.743054
vn -0.665927 0.060437 0.743565
vn -0.685844 -0.727749 -0.000021
vn -0.684712 -0.671554 0.283170
vn -0.684230 -0.671958 0.283377
vn -0.685124 -0.728426 -0.000025
vn 0.050959 -0.686995 0.724873
vn -0.362341 -0.640423 0.677177
vn -0.361877 -0.269565 0.892401
vn 0.050754 -0.291700 0.955162
vn 0.051008 -0.920278 0.387926
vn -0.360921 -0.859250 0.362526
vn -0.362341 -0.640423 0.677177
vn 0.050959 -0.686995 0.724873
vn 0.049279 0.675564 0.735653
vn -0.350374 0.634501 0.688946
vn -0.355184 0.842453 0.405113
vn 0.049238 0.900046 0.433003
vn 0.049716 0.384286 0.921874
vn -0.351456 0.358278 0.864937
vn -0.350374 0.634501 0.688946
vn 0.049279 0.675564 0.735653
vn 0.048635 0.080921 0.995533
vn -0.343417 0.076360 0.936074
vn -0.351456 0.358278 0.864937
vn 0.049716 0.384286 0.921874
vn 0.050754 -0.291700 0.955162
vn -0.361877 -0.269565 0.892401
vn -0.343417 0.076360 0.936074
vn 0.048635 0.080921 0.995533
vn 0.000000 -1.000000 -0.000011
vn 0.000000 -0.923870 0.382706
vn 0.000000 -0.923870 0.382706
vn 0.000000 -1.000000 -0.000011
vn 0.000000 -0.923870 0.382706
vn 0.000000 -0.923870 0.382706
vn 0.000000 -0.707117 0.707096
vn 0.000000 -0.707117 0.707096
vn 0.000000 -0.707117 0.707096
vn 0.000000 -0.707117 0.707096
vn 0.000000 -0.382698 0.923873
vn 0.000000 -0.382698 0.923873
vn 0.000000 -0.382698 0.923873
vn 0.000000 -0.382698 0.923873
vn 0.000000 0.000000 1.000000
vn 0.000000 0.000000 1.000000
vn 0.000000 0.000000 1.000000
vn 0.000000 0.000000 1.000000
vn 0.000000 0.382727 0.923862
vn 0.000000 0.382727 0.923862
vn 0.000000 0.382727 0.923862
vn 0.000000 0.382727 0.923862
vn 0.000000 0.707107 0.707107
vn 0.000000 0.707107 0.707107
vn 0.000000 0.707107 0.707107
vn 0.000000 0.707107 0.707107
vn 0.000000 0.923874 0.382698
vn 0.000000 0.923874 0.382698
vn -0.336566 -0.941660 -0.000010
vn -0.335734 -0.870235 0.360518
vn -0.654852 -0.698235 0.289200
vn -0.655642 -0.755071 -0.000008
vn -0.654852 -0.698235 0.289200
vn -0.335734 -0.870235 0.360518
vn -0.336004 -0.666068 0.665924
vn -0.655181 -0.534101 0.534297
vn -0.655181 -0.534101 0.534297
vn -0.336004 -0.666068 0.665924
vn -0.335729 -0.360513 0.870239
vn -0.655113 -0.289100 0.698031
vn -0.655113 -0.289100 0.698031
vn -0.335729 -0.360513 0.870239
vn -0.336581 0.000017 0.941655
vn -0.655643 0.000037 0.755071
vn -0.655643 0.000037 0.755071
vn -0.336581 0.000017 0.941655
vn -0.335736 0.360521 0.870233
vn -0.655103 0.289071 0.698053
vn -0.655103 0.289071 0.698053
vn -0.335736 0.360521 0.870233
vn -0.335293 0.666169 0.666182
vn -0.654509 0.534612 0.534611
vn -0.654509 0.534612 0.534611
vn -0.335293 0.666169 0.666182
vn -0.336636 0.869962 0.360337
vn -0.655716 0.697520 0.288968
vn -0.912844 0.408309 0.000000
vn -0.913530 0.375688 -0.155954
vn -1.000000 0.000000 -0.000000
vn -1.000000 0.000000 -0.000000
vn -1.000000 0.000000 -0.000000
vn -0.913530 0.375688 -0.155954
vn -0.913204 0.288149 -0.288147
vn -1.000000 0.000000 -0.000000
vn -1.000000 0.000000 -0.000000
vn -0.913204 0.288149 -0.288147
vn -0.913127 0.155949 -0.376668
vn -1.000000 0.000000 -0.000000
vn -1.000000 0.000000 -0.000000
vn -0.913127 0.155949 -0.376668
vn -0.912836 -0.000017 -0.408326
vn -1.000000 0.000000 -0.000000
vn -1.000000 0.000000 -0.000000
vn -0.912836 -0.000017 -0.408326
vn -0.913126 -0.155948 -0.376672
vn -1.000000 0.000000 -0.000000
vn -1.000000 0.000000 -0.000000
vn -0.913126 -0.155948 -0.376672
vn -0.913206 -0.288130 -0.288159
vn -1.000000 0.000000 -0.000000
vn -1.000000 0.000000 -0.000000
vn -0.913206 -0.288130 -0.288159
vn -0.912838 -0.377171 -0.156424
vn -1.000000 0.000000 -0.000000
vn -1.000000 0.000000 -0.000000
vn -1.000000 0.000000 -0.000000
vn -1.000000 0.000000 -0.000000
vn -1.000000 0.000000 -0.000000
vn -1.000000 0.000000 -0.000000
vn -1.000000 0.000000 -0.000000
vn -1.000000 0.000000 -0.000000
vn -1.000000 0.000000 -0.000000
vn -1.000000 0.000000 -0.000000
vn -1.000000 0.000000 -0.000000
vn -1.000000 0.000000 -0.000000
vn -1.000000 0.000000 -0.000000
vn -1.000000 0.000000 -0.000000
vn -1.000000 0.000000 -0.000000
vn -1.000000 0.000000 -0.000000
vn -1.000000 0.000000 -0.000000
vn -1.000000 0.000000 -0.000000
vn -1.000000 0.000000 -0.000000
vn -1.000000 0.000000 -0.000000
vn -1.000000 0.000000 -0.000000
vn -1.000000 0.000000 -0.000000
vn -1.000000 0.000000 -0.000000
vn -1.000000 0.000000 -0.000000
vn -1.000000 0.000000 -0.000000
vn -1.000000 0.000000 -0.000000
vn -1.000000 0.000000 -0.000000
vn -1.000000 0.000000 -0.000000
vn -1.000000 0.000000 -0.000000
vn -0.908696 0.417457 0.000002
vn -0.908596 0.385868 -0.159870
vn -0.726761 0.634683 -0.262669
vn -0.725988 0.687707 -0.000000
vn -0.726761 0.634683 -0.262669
vn -0.908596 0.385868 -0.159870
vn -0.908618 0.295318 -0.295297
vn -0.726357 0.486013 -0.486001
vn -0.726357 0.486013 -0.486001
vn -0.908618 0.295318 -0.295297
vn -0.908675 0.159746 -0.385735
vn -0.726335 0.263094 -0.634995
vn -0.726335 0.263094 -0.634995
vn -0.908675 0.159746 -0.385735
vn -0.908703 -0.000004 -0.417443
vn -0.725994 -0.000015 -0.687701
vn -0.725994 -0.000015 -0.687701
vn -0.908703 -0.000004 -0.417443
vn -0.908721 -0.159759 -0.385619
vn -0.726426 -0.263034 -0.634916
vn -0.726426 -0.263034 -0.634916
vn -0.908721 -0.159759 -0.385619
vn -0.908628 -0.295285 -0.295301
vn -0.726355 -0.485983 -0.486033
vn -0.726355 -0.485983 -0.486033
vn -0.908628 -0.295285 -0.295301
vn -0.908712 -0.385642 -0.159759
vn -0.726042 -0.635358 -0.263028
vn -0.526126 -0.850407 -0.000014
vn -0.524687 -0.786437 0.325914
vn -0.523646 -0.787117 0.325947
vn -0.524325 -0.851518 -0.000015
vn -0.523646 -0.787117 0.325947
vn -0.524687 -0.786437 0.325914
vn -0.523442 -0.602782 0.602215
vn -0.523283 -0.602414 0.602721
vn -0.523283 -0.602414 0.602721
vn -0.523442 -0.602782 0.602215
vn -0.524664 -0.325877 0.786468
vn -0.523990 -0.325819 0.786941
vn -0.523990 -0.325819 0.786941
vn -0.524664 -0.325877 0.786468
vn -0.522334 -0.000038 0.852741
vn -0.522693 -0.000016 0.852521
vn -0.522693 -0.000016 0.852521
vn -0.522334 -0.000038 0.852741
vn -0.524662 0.325982 0.786426
vn -0.523982 0.325875 0.786923
vn -0.523982 0.325875 0.786923
vn -0.524662 0.325982 0.786426
vn -0.520738 0.603617 0.603720
vn -0.521837 0.603164 0.603224
vn -0.521837 0.603164 0.603224
vn -0.520738 0.603617 0.603720
vn -0.524660 0.786470 0.325878
vn -0.524002 0.786942 0.325796
vn -0.870679 0.491851 0.000007
vn -0.870739 0.454331 -0.188140
vn -0.637892 0.711520 -0.294675
vn -0.637697 0.770287 0.000020
vn -0.637892 0.711520 -0.294675
vn -0.870739 0.454331 -0.188140
vn -0.870694 0.347760 -0.347785
vn -0.637548 0.544745 -0.544780
vn -0.637548 0.544745 -0.544780
vn -0.870694 0.347760 -0.347785
vn -0.870795 0.188140 -0.454223
vn -0.637066 0.294862 -0.712182
vn -0.637066 0.294862 -0.712182
vn -0.870795 0.188140 -0.454223
vn -0.870682 0.000004 -0.491846
vn -0.637685 0.000053 -0.770297
vn -0.637685 0.000053 -0.770297
vn -0.870682 0.000004 -0.491846
vn -0.870715 -0.188151 -0.454372
vn -0.636914 -0.295065 -0.712234
vn -0.636914 -0.295065 -0.712234
vn -0.870715 -0.188151 -0.454372
vn -0.870862 -0.347598 -0.347527
vn -0.637055 -0.544947 -0.545155
vn -0.637055 -0.544947 -0.545155
vn -0.870862 -0.347598 -0.347527
vn -0.870738 -0.454331 -0.188147
vn -0.636899 -0.712247 -0.295067
vn -1.000000 0.000000 -0.000000
vn -1.000000 0.000000 -0.000000
vn -1.000000 0.000000 -0.000000
vn -1.000000 0.000000 -0.000000
vn -1.000000 0.000000 -0.000000
vn -1.000000 0.000000 -0.000000
vn -1.000000 0.000000 -0.000000
vn -1.000000 0.000000 -0.000000
vn -1.000000 0.000000 -0.000000
vn -1.000000 0.000000 -0.000000
vn -1.000000 0.000000 -0.000000
vn -1.000000 0.000000 -0.000000
vn -1.000000 0.000000 -0.000000
vn -1.000000 0.000000 -0.000000
vn -1.000000 0.000000 -0.000000
vn -1.000000 0.000000 -0.000000
vn -1.000000 0.000000 -0.000000
vn -1.000000 0.000000 -0.000000
vn -1.000000 0.000000 -0.000000
vn -1.000000 0.000000 -0.000000
vn -1.000000 0.000000 -0.000000
vn -1.000000 0.000000 -0.000000
vn -1.000000 0.000000 -0.000000
vn -1.000000 0.000000 -0.000000
vn -1.000000 0.000000 -0.000000
vn -1.000000 0.000000 -0.000000
vn -1.000000 0.000000 -0.000000
vn -1.000000 0.000000 -0.000000
vn 0.923882 0.000000 0.382677
vn 0.923882 0.000000 0.382677
vn 1.000000 0.000000 -0.000025
vn 1.000000 0.000000 -0.000025
vn 0.923882 0.000000 0.382677
vn 0.707058 0.000000 0.707156
vn 0.707058 0.000000 0.707156
vn 0.923882 0.000000 0.382677
vn 0.707058 0.000000 0.707156
vn 0.382679 0.000000 0.923881
vn 0.382679 0.000000 0.923881
vn 0.707058 0.000000 0.707156
vn 0.382679 0.000000 0.923881
vn -0.000024 0.000000 1.000000
vn -0.000024 0.000000 1.000000
vn 0.382679 0.000000 0.923881
vn -0.000024 0.000000 1.000000
vn -0.382701 0.000000 0.923872
vn -0.382701 0.000000 0.923872
vn -0.000024 0.000000 1.000000
vn -0.382701 0.000000 0.923872
vn -0.707058 0.000000 0.707156
vn -0.707058 0.000000 0.707156
vn -0.382701 0.000000 0.923872
vn -0.707058 0.000000 0.707156
vn -0.923882 0.000000 0.382677
vn -0.923882 0.000000 0.382677
vn -0.707058 0.000000 0.707156
vn 0.156510 -0.985549 0.064794
vn 0.157604 -0.985337 0.065357
vn 0.170458 -0.985365 -0.000000
vn 0.169315 -0.985562 -0.000000
vn 0.156510 -0.985549 0.064794
vn 0.119707 -0.985561 0.119753
vn 0.120638 -0.985350 0.120546
vn 0.157604 -0.985337 0.065357
vn 0.119707 -0.985561 0.119753
vn 0.064754 -0.985580 0.156329
vn 0.065168 -0.985383 0.157394
vn 0.120638 -0.985350 0.120546
vn 0.064754 -0.985580 0.156329
vn 0.000003 -0.985563 0.169310
vn -0.000007 -0.985365 0.170456
vn 0.065168 -0.985383 0.157394
vn 0.000003 -0.985563 0.169310
vn -0.064768 -0.985580 0.156323
vn -0.065165 -0.985383 0.157394
vn -0.000007 -0.985365 0.170456
vn -0.064768 -0.985580 0.156323
vn -0.119616 -0.985586 0.119633
vn -0.120230 -0.985435 0.120261
vn -0.065165 -0.985383 0.157394
vn -0.119616 -0.985586 0.119633
vn -0.156521 -0.985548 0.064781
vn -0.157602 -0.985339 0.065333
vn -0.120230 -0.985435 0.120261
vn 0.923864 0.000000 0.382721
vn 0.923864 0.000000 0.382721
vn 1.000000 0.000000 -0.000000
vn 1.000000 0.000000 -0.000000
vn 0.923864 0.000000 0.382721
vn 0.707149 0.000000 0.707064
vn 0.707149 0.000000 0.707064
vn 0.923864 0.000000 0.382721
vn 0.707149 0.000000 0.707064
vn 0.382712 0.000000 0.923868
vn 0.382712 0.000000 0.923868
vn 0.707149 0.000000 0.707064
vn 0.382712 0.000000 0.923868
vn -0.000021 0.000000 1.000000
vn -0.000021 0.000000 1.000000
vn 0.382712 0.000000 0.923868
vn -0.000021 0.000000 1.000000
vn -0.382676 0.000000 0.923883
vn -0.382676 0.000000 0.923883
vn -0.000021 0.000000 1.000000
vn -0.382676 0.000000 0.923883
vn -0.707107 0.000000 0.707107
vn -0.707107 0.000000 0.707107
vn -0.382676 0.000000 0.923883
vn -0.707107 0.000000 0.707107
vn -0.923906 0.000000 0.382619
vn -0.923906 0.000000 0.382619
vn -0.707107 0.000000 0.707107
vn 1.000000 0.000000 -0.000025
vn 0.923882 0.000000 0.382677
vn 0.923882 0.000000 0.382677
vn 1.000000 0.000000 -0.000025
vn 0.923882 0.000000 0.382677
vn 0.923882 0.000000 0.382677
vn 0.707058 0.000000 0.707156
vn 0.707058 0.000000 0.707156
vn 0.707058 0.000000 0.707156
vn 0.707058 0.000000 0.707156
vn 0.382679 0.000000 0.923881
vn 0.382679 0.000000 0.923881
vn 0.382679 0.000000 0.923881
vn 0.382679 0.000000 0.923881
vn -0.000024 0.000000 1.000000
vn -0.000024 0.000000 1.000000
vn -0.000024 0.000000 1.000000
vn -0.000024 0.000000 1.000000
vn -0.382701 0.000000 0.923872
vn -0.382701 0.000000 0.923872
vn -0.382701 0.000000 0.923872
vn -0.382701 0.000000 0.923872
vn -0.707058 0.000000 0.707156
vn -0.707058 0.000000 0.707156
vn -0.707058 0.000000 0.707156
vn -0.707058 0.000000 0.707156
vn -0.923882 0.000000 0.382677
vn -0.923882 0.000000 0.382677
vn 0.168128 -0.985765 -0.000003
vn 0.155605 -0.985712 0.064485
vn 0.156510 -0.985549 0.064794
vn 0.169315 -0.985562 -0.000000
vn 0.156510 -0.985549 0.064794
vn 0.155605 -0.985712 0.064485
vn 0.119084 -0.985727 0.119003
vn 0.119707 -0.985561 0.119753
vn 0.119707 -0.985561 0.119753
vn 0.119084 -0.985727 0.119003
vn 0.064463 -0.985722 0.155555
vn 0.064754 -0.985580 0.156329
vn 0.064754 -0.985580 0.156329
vn 0.064463 -0.985722 0.155555
vn -0.000007 -0.985766 0.168124
vn 0.000003 -0.985563 0.169310
vn 0.000003 -0.985563 0.169310
vn -0.000007 -0.985766 0.168124
vn -0.064456 -0.985722 0.155556
vn -0.064768 -0.985580 0.156323
vn -0.064768 -0.985580 0.156323
vn -0.064456 -0.985722 0.155556
vn -0.118874 -0.985769 0.118861
vn -0.119616 -0.985586 0.119633
vn -0.119616 -0.985586 0.119633
vn -0.118874 -0.985769 0.118861
vn -0.155263 -0.985775 0.064356
vn -0.156521 -0.985548 0.064781
vn 0.167906 -0.985803 -0.000003
vn 0.155627 -0.985712 0.064439
vn 0.155605 -0.985712 0.064485
vn 0.168128 -0.985765 -0.000003
vn 0.155605 -0.985712 0.064485
vn 0.155627 -0.985712 0.064439
vn 0.118990 -0.985732 0.119055
vn 0.119084 -0.985727 0.119003
vn 0.119084 -0.985727 0.119003
vn 0.118990 -0.985732 0.119055
vn 0.064441 -0.985713 0.155620
vn 0.064463 -0.985722 0.155555
vn 0.064463 -0.985722 0.155555
vn 0.064441 -0.985713 0.155620
vn -0.000014 -0.985804 0.167900
vn -0.000007 -0.985766 0.168124
vn -0.000007 -0.985766 0.168124
vn -0.000014 -0.985804 0.167900
vn -0.064419 -0.985713 0.155625
vn -0.064456 -0.985722 0.155556
vn -0.064456 -0.985722 0.155556
vn -0.064419 -0.985713 0.155625
vn -0.118684 -0.985816 0.118663
vn -0.118874 -0.985769 0.118861
vn -0.118874 -0.985769 0.118861
vn -0.118684 -0.985816 0.118663
vn -0.155034 -0.985824 0.064151
vn -0.155263 -0.985775 0.064356
vn 1.000000 0.000000 -0.000000
vn 0.923864 0.000000 0.382721
vn 0.923864 0.000000 0.382721
vn 1.000000 0.000000 -0.000000
vn 0.923864 0.000000 0.382721
vn 0.923864 0.000000 0.382721
vn 0.707149 0.000000 0.707064
vn 0.707149 0.000000 0.707064
vn 0.707149 0.000000 0.707064
vn 0.707149 0.000000 0.707064
vn 0.382712 0.000000 0.923868
vn 0.382712 0.000000 0.923868
vn 0.382712 0.000000 0.923868
vn 0.382712 0.000000 0.923868
vn -0.000021 0.000000 1.000000
vn -0.000021 0.000000 1.000000
vn -0.000021 0.000000 1.000000
vn -0.000021 0.000000 1.000000
vn -0.382676 0.000000 0.923883
vn -0.382676 0.000000 0.923883
vn -0.382676 0.000000 0.923883
vn -0.382676 0.000000 0.923883
vn -0.707107 0.000000 0.707107
vn -0.707107 0.000000 0.707107
vn -0.707107 0.000000 0.707107
vn -0.707107 0.000000 0.707107
vn -0.923906 0.000000 0.382619
vn -0.923906 0.000000 0.382619
vn 1.000000 0.000000 -0.000000
vn 0.923864 0.000000 0.382721
vn 0.923864 0.000000 0.382721
vn 1.000000 0.000000 -0.000000
vn 0.923864 0.000000 0.382721
vn 0.923864 0.000000 0.382721
vn 0.707149 0.000000 0.707064
vn 0.707149 0.000000 0.707064
vn 0.707149 0.000000 0.707064
vn 0.707149 0.000000 0.707064
vn 0.382712 0.000000 0.923868
vn 0.382712 0.000000 0.923868
vn 0.382712 0.000000 0.923868
vn 0.382712 0.000000 0.923868
vn -0.000021 0.000000 1.000000
vn -0.000021 0.000000 1.000000
vn -0.000021 0.000000 1.000000
vn -0.000021 0.000000 1.000000
vn -0.382676 0.000000 0.923883
vn -0.382676 0.000000 0.923883
vn -0.382676 0.000000 0.923883
vn -0.382676 0.000000 0.923883
vn -0.707107 0.000000 0.707107
vn -0.707107 0.000000 0.707107
vn -0.707107 0.000000 0.707107
vn -0.707107 0.000000 0.707107
vn -0.923906 0.000000 0.382619
vn -0.923906 0.000000 0.382619
vn 0.000000 1.000000 -0.000000
vn 0.000000 1.000000 -0.000000
vn 0.000000 1.000000 -0.000000
vn 0.000000 1.000000 -0.000000
vn 0.000000 1.000000 -0.000000
vn 0.000000 1.000000 -0.000000
vn 0.000000 1.000000 -0.000000
vn 0.000000 1.000000 -0.000000
vn 0.000000 1.000000 -0.000000
vn 0.000000 1.000000 -0.000000
vn 0.000000 1.000000 -0.000000
vn 0.000000 1.000000 -0.000000
vn 0.000000 1.000000 -0.000000
vn 0.000000 1.000000 -0.000000
vn 0.000000 1.000000 -0.000000
vn 0.000000 1.000000 -0.000000
vn 0.000000 1.000000 -0.000000
vn 0.000000 1.000000 -0.000000
vn 0.000000 1.000000 -0.000000
vn 0.000000 1.000000 -0.000000
vn 0.000000 1.000000 -0.000000
vn 0.000000 1.000000 -0.000000
vn 0.000000 1.000000 -0.000000
vn 0.000000 1.000000 -0.000000
vn 0.000000 1.000000 -0.000000
vn 0.000000 1.000000 -0.000000
vn 0.000000 1.000000 -0.000000
vn 0.000000 1.000000 -0.000000
vn 0.000000 1.000000 -0.000000
vn 0.000000 1.000000 -0.000000
vn 0.000000 1.000000 -0.000000
vn 0.000000 1.000000 -0.000000
vn 0.000000 1.000000 -0.000000
vn 0.000000 1.000000 -0.000000
vn 0.000000 1.000000 -0.000000
vn 0.000000 1.000000 -0.000000
vn 0.000000 1.000000 -0.000000
vn 0.000000 1.000000 -0.000000
vn 0.000000 1.000000 -0.000000
vn 0.000000 1.000000 -0.000000
vn 0.000000 1.000000 -0.000000
vn 0.000000 1.000000 -0.000000
vn 0.000000 1.000000 -0.000000
vn 0.000000 1.000000 -0.000000
vn 0.000000 1.000000 -0.000000
vn 0.000000 1.000000 -0.000000
vn 0.000000 1.000000 -0.000000
vn 0.000000 1.000000 -0.000000
vn 0.000000 1.000000 -0.000000
vn 0.000000 1.000000 -0.000000
vn 0.000000 1.000000 -0.000000
vn 0.000000 1.000000 -0.000000
vn 0.000000 1.000000 -0.000000
vn 0.000000 1.000000 -0.000000
vn 0.000000 1.000000 -0.000000
vn 0.000000 1.000000 -0.000000
vn 0.923904 0.000000 0.382624
vn 0.923904 0.000000 0.382624
vn 1.000000 0.000000 -0.000038
vn 1.000000 0.000000 -0.000038
vn 0.923904 0.000000 0.382624
vn 0.707182 0.000000 0.707031
vn 0.707182 0.000000 0.707031
vn 0.923904 0.000000 0.382624
vn 0.707182 0.000000 0.707031
vn 0.382584 0.000000 0.923921
vn 0.382584 0.000000 0.923921
vn 0.707182 0.000000 0.707031
vn 0.382584 0.000000 0.923921
vn -0.000038 0.000000 1.000000
vn -0.000038 0.000000 1.000000
vn 0.382584 0.000000 0.923921
vn -0.000038 0.000000 1.000000
vn -0.382619 0.000000 0.923906
vn -0.382619 0.000000 0.923906
vn -0.000038 0.000000 1.000000
vn -0.382619 0.000000 0.923906
vn -0.707182 0.000000 0.707031
vn -0.707182 0.000000 0.707031
vn -0.382619 0.000000 0.923906
vn -0.707182 0.000000 0.707031
vn -0.923904 0.000000 0.382624
vn -0.923904 0.000000 0.382624
vn -0.707182 0.000000 0.707031
vn 0.000000 1.000000 -0.000000
vn 0.000000 1.000000 -0.000000
vn 0.000000 1.000000 -0.000000
vn 0.000000 1.000000 -0.000000
vn 0.000000 1.000000 -0.000000
vn 0.000000 1.000000 -0.000000
vn 0.000000 1.000000 -0.000000
vn 0.000000 1.000000 -0.000000
vn 0.000000 1.000000 -0.000000
vn 0.000000 1.000000 -0.000000
vn 0.000000 1.000000 -0.000000
vn 0.000000 1.000000 -0.000000
vn 0.000000 1.000000 -0.000000
vn 0.000000 1.000000 -0.000000
vn 0.000000 1.000000 -0.000000
vn 0.000000 1.000000 -0.000000
vn 0.000000 1.000000 -0.000000
vn 0.000000 1.000000 -0.000000
vn 0.000000 1.000000 -0.000000
vn 0.000000 1.000000 -0.000000
vn 0.000000 1.000000 -0.000000
vn 0.000000 1.000000 -0.000000
vn 0.000000 1.000000 -0.000000
vn 0.000000 1.000000 -0.000000
vn 0.000000 1.000000 -0.000000
vn 0.000000 1.000000 -0.000000
vn 0.000000 1.000000 -0.000000
vn 0.000000 1.000000 -0.000000
vn -0.621537 0.476609 -0.621719
vn -0.621387 0.476585 -0.621889
vn -0.811959 0.477139 -0.336246
vn -0.811887 0.477277 -0.336224
vn -0.336278 0.477225 -0.811895
vn -0.336268 0.477340 -0.811831
vn -0.621387 0.476585 -0.621889
vn -0.621537 0.476609 -0.621719
vn -0.000051 0.477888 -0.878421
vn -0.000041 0.477885 -0.878422
vn -0.336268 0.477340 -0.811831
vn -0.336278 0.477225 -0.811895
vn 0.336308 0.477335 -0.811818
vn 0.336303 0.477289 -0.811847
vn -0.000041 0.477885 -0.878422
vn -0.000051 0.477888 -0.878421
vn 0.621217 0.477401 -0.621432
vn 0.621232 0.477396 -0.621420
vn 0.336303 0.477289 -0.811847
vn 0.336308 0.477335 -0.811818
vn 0.811819 0.477354 -0.336279
vn 0.811862 0.477277 -0.336284
vn 0.621232 0.477396 -0.621420
vn 0.621217 0.477401 -0.621432
vn 0.878460 0.477817 0.000041
vn 0.811862 0.477277 -0.336284
vn 0.811819 0.477354 -0.336279
vn 0.878389 0.477947 0.000047
vn 0.000000 1.000000 -0.000000
vn 0.000000 1.000000 -0.000000
vn 0.000000 1.000000 -0.000000
vn 0.000000 1.000000 -0.000000
vn 0.000000 1.000000 -0.000000
vn 0.000000 1.000000 -0.000000
vn 0.000000 1.000000 -0.000000
vn 0.000000 1.000000 -0.000000
vn 0.000000 1.000000 -0.000000
vn 0.000000 1.000000 -0.000000
vn 0.000000 1.000000 -0.000000
vn 0.000000 1.000000 -0.000000
vn 0.000000 1.000000 -0.000000
vn 0.000000 1.000000 -0.000000
vn 0.000000 1.000000 -0.000000
vn 0.000000 1.000000 -0.000000
vn 0.000000 1.000000 -0.000000
vn 0.000000 1.000000 -0.000000
vn 0.000000 1.000000 -0.000000
vn 0.000000 1.000000 -0.000000
vn 0.000000 1.000000 -0.000000
vn 0.000000 1.000000 -0.000000
vn 0.000000 1.000000 -0.000000
vn 0.000000 1.000000 -0.000000
vn 0.000000 1.000000 -0.000000
vn 0.000000 1.000000 -0.000000
vn 0.000000 1.000000 -0.000000
vn 0.000000 1.000000 -0.000000
vn 0.707160 0.000000 0.707053
vn 0.707160 0.000000 0.707053
vn 0.923882 0.000000 0.382678
vn 0.923882 0.000000 0.382678
vn 0.382600 0.000000 0.923914
vn 0.382600 0.000000 0.923914
vn 0.707160 0.000000 0.707053
vn 0.707160 0.000000 0.707053
vn -0.000053 0.000000 1.000000
vn -0.000053 0.000000 1.000000
vn 0.382600 0.000000 0.923914
vn 0.382600 0.000000 0.923914
vn -0.382649 0.000000 0.923894
vn -0.382649 0.000000 0.923894
vn -0.000053 0.000000 1.000000
vn -0.000053 0.000000 1.000000
vn -0.707160 0.000000 0.707053
vn -0.707160 0.000000 0.707053
vn -0.382649 0.000000 0.923894
vn -0.382649 0.000000 0.923894
vn -0.923882 0.000000 0.382678
vn -0.923882 0.000000 0.382678
vn -0.707160 0.000000 0.707053
vn -0.707160 0.000000 0.707053
vn -1.000000 0.000000 -0.000053
vn -0.923882 0.000000 0.382678
vn -0.923882 0.000000 0.382678
vn -1.000000 0.000000 -0.000053
vn 0.923921 0.000000 0.382583
vn 0.923921 0.000000 0.382583
vn 1.000000 0.000000 -0.000000
vn 1.000000 0.000000 -0.000000
vn 0.923921 0.000000 0.382583
vn 0.707107 0.000000 0.707107
vn 0.707107 0.000000 0.707107
vn 0.923921 0.000000 0.382583
vn 0.707107 0.000000 0.707107
vn 0.382658 0.000000 0.923890
vn 0.382658 0.000000 0.923890
vn 0.707107 0.000000 0.707107
vn 0.382658 0.000000 0.923890
vn -0.000000 0.000000 1.000000
vn -0.000000 0.000000 1.000000
vn 0.382658 0.000000 0.923890
vn -0.000000 0.000000 1.000000
vn -0.382658 0.000000 0.923890
vn -0.382658 0.000000 0.923890
vn -0.000000 0.000000 1.000000
vn -0.382658 0.000000 0.923890
vn -0.707107 0.000000 0.707107
vn -0.707107 0.000000 0.707107
vn -0.382658 0.000000 0.923890
vn -0.707107 0.000000 0.707107
vn -0.923921 0.000000 0.382583
vn -0.923921 0.000000 0.382583
vn -0.707107 0.000000 0.707107
vn 0.923768 0.382953 -0.000000
vn 1.000000 -0.000000 -0.000000
vn 1.000000 0.000000 -0.000000
vn 0.923768 0.382953 -0.000000
vn 0.707172 0.707042 -0.000000
vn 0.923768 0.382953 -0.000000
vn 0.923768 0.382953 -0.000000
vn 0.707172 0.707042 -0.000000
vn 0.382738 0.923857 -0.000000
vn 0.707172 0.707042 -0.000000
vn 0.707172 0.707042 -0.000000
vn 0.382738 0.923857 -0.000000
vn -0.000064 1.000000 -0.000000
vn 0.382738 0.923857 -0.000000
vn 0.382738 0.923857 -0.000000
vn -0.000064 1.000000 -0.000000
vn -0.382797 0.923832 -0.000000
vn -0.000064 1.000000 -0.000000
vn -0.000064 1.000000 -0.000000
vn -0.382797 0.923832 -0.000000
vn -0.706977 0.707236 -0.000000
vn -0.382797 0.923832 -0.000000
vn -0.382797 0.923832 -0.000000
vn -0.706977 0.707236 -0.000000
vn -0.923787 0.382907 -0.000000
vn -0.706977 0.707236 -0.000000
vn -0.706977 0.707236 -0.000000
vn -0.923787 0.382907 -0.000000
vn -1.000000 0.000000 -0.000000
vn -0.923787 0.382907 -0.000000
vn -0.923787 0.382907 -0.000000
vn -1.000000 -0.000000 -0.000000
vn -0.923857 -0.382737 -0.000000
vn -1.000000 0.000000 -0.000000
vn -1.000000 -0.000000 -0.000000
vn -0.923857 -0.382737 -0.000000
vn -0.706913 -0.707301 -0.000000
vn -0.923857 -0.382737 -0.000000
vn -0.923857 -0.382737 -0.000000
vn -0.706913 -0.707301 -0.000000
vn -0.382543 -0.923938 -0.000000
vn -0.706913 -0.707301 -0.000000
vn -0.706913 -0.707301 -0.000000
vn -0.382543 -0.923938 -0.000000
vn -0.000064 -1.000000 -0.000000
vn -0.382543 -0.923938 -0.000000
vn -0.382543 -0.923938 -0.000000
vn -0.000064 -1.000000 -0.000000
vn 0.382484 -0.923962 -0.000000
vn -0.000064 -1.000000 -0.000000
vn -0.000064 -1.000000 -0.000000
vn 0.382484 -0.923962 -0.000000
vn 0.707107 -0.707106 -0.000000
vn 0.382484 -0.923962 -0.000000
vn 0.382484 -0.923962 -0.000000
vn 0.707107 -0.707106 -0.000000
vn 0.923838 -0.382783 -0.000000
vn 0.707107 -0.707106 -0.000000
vn 0.707107 -0.707106 -0.000000
vn 0.923838 -0.382783 -0.000000
vn 1.000000 -0.000000 -0.000000
vn 0.923838 -0.382783 -0.000000
vn 0.923838 -0.382783 -0.000000
vn 1.000000 0.000000 -0.000000
vn 0.000000 0.000000 1.000000
vn 0.000000 0.000000 1.000000
vn 0.000000 0.000000 1.000000
vn 0.000000 0.000000 1.000000
vn 0.000000 0.000000 1.000000
vn 0.000000 0.000000 1.000000
vn 0.000000 0.000000 1.000000
vn 0.000000 0.000000 1.000000
vn 0.000000 0.000000 1.000000
vn 0.000000 0.000000 1.000000
vn 0.000000 0.000000 1.000000
vn 0.000000 0.000000 1.000000
vn 0.000000 0.000000 1.000000
vn 0.000000 0.000000 1.000000
vn 0.000000 0.000000 1.000000
vn 0.000000 0.000000 1.000000
vn 0.000000 0.000000 1.000000
vn 0.000000 0.000000 1.000000
vn 0.000000 0.000000 1.000000
vn 0.000000 0.000000 1.000000
vn 0.000000 0.000000 1.000000
vn 0.000000 0.000000 1.000000
vn 0.000000 0.000000 1.000000
vn 0.000000 0.000000 1.000000
vn 0.000000 0.000000 1.000000
vn 0.000000 0.000000 1.000000
vn 0.000000 0.000000 1.000000
vn 0.000000 0.000000 1.000000
vn 0.000000 0.000000 1.000000
vn 0.000000 0.000000 1.000000
vn 0.000000 0.000000 1.000000
vn 0.000000 0.000000 1.000000
vn 0.000000 0.000000 1.000000
vn 0.000000 0.000000 1.000000
vn 0.000000 0.000000 1.000000
vn 0.000000 0.000000 1.000000
vn 0.000000 0.000000 1.000000
vn 0.000000 0.000000 1.000000
vn 0.000000 0.000000 1.000000
vn 0.000000 0.000000 1.000000
vn 0.000000 0.000000 1.000000
vn 0.000000 0.000000 1.000000
vn 0.000000 0.000000 1.000000
vn 0.000000 0.000000 1.000000
vn 0.000000 0.000000 1.000000
vn 0.000000 0.000000 1.000000
vn 0.000000 0.000000 1.000000
vn 0.000000 0.000000 1.000000
vn 0.000000 0.000000 1.000000
vn 0.000000 0.000000 1.000000
vn 0.000000 0.000000 1.000000
vn 0.000000 0.000000 1.000000
vn 0.000000 0.000000 1.000000
vn 0.000000 0.000000 1.000000
vn 0.000000 0.000000 1.000000
vn 0.000000 0.000000 1.000000
vn 0.000000 0.000000 1.000000
vn 0.000000 0.000000 1.000000
vn 0.000000 0.000000 1.000000
vn 0.000000 0.000000 1.000000
vn 0.000000 0.000000 1.000000
vn 0.000000 0.000000 1.000000
vn 0.000000 0.000000 1.000000
vn 0.000000 0.000000 1.000000
vn 0.918477 0.380685 -0.107139
vn 0.918893 0.380817 -0.103028
vn 0.994551 -0.000026 -0.104249
vn 0.994011 -0.000088 -0.109282
vn 0.703393 0.703907 -0.098756
vn 0.703386 0.703885 -0.098967
vn 0.918893 0.380817 -0.103028
vn 0.918477 0.380685 -0.107139
vn 0.380520 0.919569 -0.097964
vn 0.380954 0.919307 -0.098740
vn 0.703386 0.703885 -0.098967
vn 0.703393 0.703907 -0.098756
vn 0.000089 0.995044 -0.099437
vn -0.000000 0.995048 -0.099399
vn 0.380954 0.919307 -0.098740
vn 0.380520 0.919569 -0.097964
vn -0.381887 0.919386 -0.094300
vn -0.380524 0.919678 -0.096920
vn -0.000000 0.995048 -0.099399
vn 0.000089 0.995044 -0.099437
vn -0.703505 0.703853 -0.098349
vn -0.703460 0.703811 -0.098964
vn -0.380524 0.919678 -0.096920
vn -0.381887 0.919386 -0.094300
vn -0.919567 0.380520 -0.097985
vn -0.919303 0.380968 -0.098716
vn -0.703460 0.703811 -0.098964
vn -0.703505 0.703853 -0.098349
vn -0.995043 0.000088 -0.099445
vn -0.995045 0.000052 -0.099425
vn -0.919303 0.380968 -0.098716
vn -0.919567 0.380520 -0.097985
vn -0.919527 -0.380601 -0.098044
vn -0.919286 -0.381012 -0.098712
vn -0.995045 0.000052 -0.099425
vn -0.995043 0.000088 -0.099445
vn -0.703669 -0.703666 -0.098512
vn -0.703682 -0.703583 -0.099009
vn -0.919286 -0.381012 -0.098712
vn -0.919527 -0.380601 -0.098044
vn -0.381942 -0.918405 -0.103212
vn -0.380084 -0.919393 -0.101253
vn -0.703682 -0.703583 -0.099009
vn -0.703669 -0.703666 -0.098512
vn 0.000255 -0.995016 -0.099714
vn 0.000064 -0.995029 -0.099589
vn -0.380084 -0.919393 -0.101253
vn -0.381942 -0.918405 -0.103212
vn 0.380301 -0.918671 -0.106842
vn 0.380413 -0.919054 -0.103082
vn 0.000064 -0.995029 -0.099589
vn 0.000255 -0.995016 -0.099714
vn 0.703907 -0.703393 -0.098756
vn 0.703737 -0.703514 -0.099107
vn 0.380413 -0.919054 -0.103082
vn 0.380301 -0.918671 -0.106842
vn 0.918401 -0.380952 -0.106837
vn 0.918826 -0.380917 -0.103247
vn 0.703737 -0.703514 -0.099107
vn 0.703907 -0.703393 -0.098756
vn 0.994011 -0.000088 -0.109282
vn 0.994551 -0.000026 -0.104249
vn 0.918826 -0.380917 -0.103247
vn 0.918401 -0.380952 -0.106837
vn 0.452619 0.185297 0.872239
vn 0.483879 -0.000016 0.875135
vn 0.700500 -0.000021 0.713652
vn 0.647251 0.268193 0.713539
vn 0.351845 0.351835 0.867420
vn 0.452619 0.185297 0.872239
vn 0.647251 0.268193 0.713539
vn 0.495322 0.495248 0.713713
vn 0.185014 0.452536 0.872342
vn 0.351845 0.351835 0.867420
vn 0.495322 0.495248 0.713713
vn 0.268048 0.646829 0.713977
vn 0.000116 0.483288 0.875461
vn 0.185014 0.452536 0.872342
vn 0.268048 0.646829 0.713977
vn 0.000144 0.699666 0.714470
vn -0.185253 0.452564 0.872277
vn 0.000116 0.483288 0.875461
vn 0.000144 0.699666 0.714470
vn -0.268194 0.647250 0.713540
vn -0.351771 0.351797 0.867465
vn -0.185253 0.452564 0.872277
vn -0.268194 0.647250 0.713540
vn -0.495306 0.495342 0.713659
vn -0.452680 0.185131 0.872242
vn -0.351771 0.351797 0.867465
vn -0.495306 0.495342 0.713659
vn -0.647343 0.267954 0.713546
vn -0.483867 0.000027 0.875142
vn -0.452680 0.185131 0.872242
vn -0.647343 0.267954 0.713546
vn -0.700510 0.000036 0.713643
vn -0.452689 -0.185167 0.872230
vn -0.483867 0.000027 0.875142
vn -0.700510 0.000036 0.713643
vn -0.647324 -0.268013 0.713541
vn -0.351863 -0.351820 0.867419
vn -0.452689 -0.185167 0.872230
vn -0.647324 -0.268013 0.713541
vn -0.495343 -0.495308 0.713656
vn -0.185263 -0.452631 0.872240
vn -0.351863 -0.351820 0.867419
vn -0.495343 -0.495308 0.713656
vn -0.268152 -0.647271 0.713537
vn -0.000016 -0.483880 0.875135
vn -0.185263 -0.452631 0.872240
vn -0.268152 -0.647271 0.713537
vn -0.000030 -0.700481 0.713671
vn 0.185092 -0.452488 0.872351
vn -0.000016 -0.483880 0.875135
vn -0.000030 -0.700481 0.713671
vn 0.268190 -0.646923 0.713839
vn 0.351905 -0.351843 0.867392
vn 0.185092 -0.452488 0.872351
vn 0.268190 -0.646923 0.713839
vn 0.495386 -0.495265 0.713656
vn 0.452661 -0.185259 0.872225
vn 0.351905 -0.351843 0.867392
vn 0.495386 -0.495265 0.713656
vn 0.647270 -0.268152 0.713538
vn 0.483879 -0.000016 0.875135
vn 0.452661 -0.185259 0.872225
vn 0.647270 -0.268152 0.713538
vn 0.700500 -0.000021 0.713652
vn -0.057820 -0.057840 0.996650
vn -0.007669 -0.056457 0.998376
vn -0.004831 -0.004831 0.999977
vn -0.056519 -0.007702 0.998372
vn -0.007669 -0.056457 0.998376
vn -0.000079 -0.053599 0.998563
vn -0.000089 -0.005766 0.999983
vn -0.004831 -0.004831 0.999977
vn -0.000079 -0.053599 0.998563
vn 0.008702 -0.055431 0.998425
vn 0.005964 -0.005964 0.999964
vn -0.000089 -0.005766 0.999983
vn 0.008702 -0.055431 0.998425
vn 0.055520 -0.055520 0.996913
vn 0.055431 -0.008702 0.998425
vn 0.005964 -0.005964 0.999964
vn -0.056519 -0.007702 0.998372
vn -0.004831 -0.004831 0.999977
vn -0.005766 -0.000089 0.999983
vn -0.053620 -0.000076 0.998561
vn -0.004831 -0.004831 0.999977
vn -0.000089 -0.005766 0.999983
vn 0.000000 0.000000 1.000000
vn -0.005766 -0.000089 0.999983
vn -0.000089 -0.005766 0.999983
vn 0.005964 -0.005964 0.999964
vn 0.005766 0.000089 0.999983
vn 0.000000 0.000000 1.000000
vn 0.005964 -0.005964 0.999964
vn 0.055431 -0.008702 0.998425
vn 0.053599 0.000079 0.998563
vn 0.005766 0.000089 0.999983
vn -0.053620 -0.000076 0.998561
vn -0.005766 -0.000089 0.999983
vn -0.005964 0.005964 0.999964
vn -0.055515 0.008756 0.998419
vn -0.005766 -0.000089 0.999983
vn 0.000000 0.000000 1.000000
vn 0.000089 0.005766 0.999983
vn -0.005964 0.005964 0.999964
vn 0.000000 0.000000 1.000000
vn 0.005766 0.000089 0.999983
vn 0.004831 0.004831 0.999977
vn 0.000089 0.005766 0.999983
vn 0.005766 0.000089 0.999983
vn 0.053599 0.000079 0.998563
vn 0.056457 0.007668 0.998376
vn 0.004831 0.004831 0.999977
vn -0.055515 0.008756 0.998419
vn -0.005964 0.005964 0.999964
vn -0.008756 0.055515 0.998419
vn -0.055529 0.055529 0.996912
vn -0.005964 0.005964 0.999964
vn 0.000089 0.005766 0.999983
vn 0.000076 0.053620 0.998561
vn -0.008756 0.055515 0.998419
vn 0.000089 0.005766 0.999983
vn 0.004831 0.004831 0.999977
vn 0.007702 0.056519 0.998372
vn 0.000076 0.053620 0.998561
vn 0.004831 0.004831 0.999977
vn 0.056457 0.007668 0.998376
vn 0.057841 0.057820 0.996650
vn 0.007702 0.056519 0.998372
vn -0.452689 -0.185167 0.872230
vn -0.142437 -0.048642 0.988608
vn -0.134827 0.000004 0.990869
vn -0.483867 0.000027 0.875142
vn -0.351863 -0.351820 0.867419
vn -0.128346 -0.128388 0.983384
vn -0.142437 -0.048642 0.988608
vn -0.452689 -0.185167 0.872230
vn -0.048588 -0.142509 0.988600
vn -0.128346 -0.128388 0.983384
vn -0.351863 -0.351820 0.867419
vn -0.185263 -0.452631 0.872240
vn -0.000004 -0.134777 0.990876
vn -0.048588 -0.142509 0.988600
vn -0.185263 -0.452631 0.872240
vn -0.000016 -0.483880 0.875135
vn 0.185092 -0.452488 0.872351
vn 0.048618 -0.142548 0.988593
vn -0.000004 -0.134777 0.990876
vn -0.000016 -0.483880 0.875135
vn 0.351905 -0.351843 0.867392
vn 0.128457 -0.128457 0.983360
vn 0.048618 -0.142548 0.988593
vn 0.185092 -0.452488 0.872351
vn 0.142548 -0.048618 0.988593
vn 0.128457 -0.128457 0.983360
vn 0.351905 -0.351843 0.867392
vn 0.452661 -0.185259 0.872225
vn 0.134777 0.000004 0.990876
vn 0.142548 -0.048618 0.988593
vn 0.452661 -0.185259 0.872225
vn 0.483879 -0.000016 0.875135
vn 0.452619 0.185297 0.872239
vn 0.142509 0.048588 0.988600
vn 0.134777 0.000004 0.990876
vn 0.483879 -0.000016 0.875135
vn 0.351845 0.351835 0.867420
vn 0.128389 0.128346 0.983384
vn 0.142509 0.048588 0.988600
vn 0.452619 0.185297 0.872239
vn 0.048643 0.142437 0.988608
vn 0.128389 0.128346 0.983384
vn 0.351845 0.351835 0.867420
vn 0.185014 0.452536 0.872342
vn -0.000004 0.134828 0.990869
vn 0.048643 0.142437 0.988608
vn 0.185014 0.452536 0.872342
vn 0.000116 0.483288 0.875461
vn -0.185253 0.452564 0.872277
vn -0.048613 0.142398 0.988615
vn -0.000004 0.134828 0.990869
vn 0.000116 0.483288 0.875461
vn -0.351771 0.351797 0.867465
vn -0.128278 0.128278 0.983407
vn -0.048613 0.142398 0.988615
vn -0.185253 0.452564 0.872277
vn -0.142398 0.048612 0.988615
vn -0.128278 0.128278 0.983407
vn -0.351771 0.351797 0.867465
vn -0.452680 0.185131 0.872242
vn -0.134827 0.000004 0.990869
vn -0.142398 0.048612 0.988615
vn -0.452680 0.185131 0.872242
vn -0.483867 0.000027 0.875142
vn -0.053620 -0.000076 0.998561
vn -0.134827 0.000004 0.990869
vn -0.142437 -0.048642 0.988608
vn -0.056519 -0.007702 0.998372
vn -0.057820 -0.057840 0.996650
vn -0.056519 -0.007702 0.998372
vn -0.142437 -0.048642 0.988608
vn -0.128346 -0.128388 0.983384
vn -0.057820 -0.057840 0.996650
vn -0.128346 -0.128388 0.983384
vn -0.048588 -0.142509 0.988600
vn -0.007669 -0.056457 0.998376
vn -0.000079 -0.053599 0.998563
vn -0.007669 -0.056457 0.998376
vn -0.048588 -0.142509 0.988600
vn -0.000004 -0.134777 0.990876
vn -0.000079 -0.053599 0.998563
vn -0.000004 -0.134777 0.990876
vn 0.048618 -0.142548 0.988593
vn 0.008702 -0.055431 0.998425
vn 0.055520 -0.055520 0.996913
vn 0.008702 -0.055431 0.998425
vn 0.048618 -0.142548 0.988593
vn 0.128457 -0.128457 0.983360
vn 0.055520 -0.055520 0.996913
vn 0.128457 -0.128457 0.983360
vn 0.142548 -0.048618 0.988593
vn 0.055431 -0.008702 0.998425
vn 0.053599 0.000079 0.998563
vn 0.055431 -0.008702 0.998425
vn 0.142548 -0.048618 0.988593
vn 0.134777 0.000004 0.990876
vn 0.053599 0.000079 0.998563
vn 0.134777 0.000004 0.990876
vn 0.142509 0.048588 0.988600
vn 0.056457 0.007668 0.998376
vn 0.057841 0.057820 0.996650
vn 0.056457 0.007668 0.998376
vn 0.142509 0.048588 0.988600
vn 0.128389 0.128346 0.983384
vn 0.057841 0.057820 0.996650
vn 0.128389 0.128346 0.983384
vn 0.048643 0.142437 0.988608
vn 0.007702 0.056519 0.998372
vn 0.000076 0.053620 0.998561
vn 0.007702 0.056519 0.998372
vn 0.048643 0.142437 0.988608
vn -0.000004 0.134828 0.990869
vn 0.000076 0.053620 0.998561
vn -0.000004 0.134828 0.990869
vn -0.048613 0.142398 0.988615
vn -0.008756 0.055515 0.998419
vn -0.055529 0.055529 0.996912
vn -0.008756 0.055515 0.998419
vn -0.048613 0.142398 0.988615
vn -0.128278 0.128278 0.983407
vn -0.055529 0.055529 0.996912
vn -0.128278 0.128278 0.983407
vn -0.142398 0.048612 0.988615
vn -0.055515 0.008756 0.998419
vn -0.053620 -0.000076 0.998561
vn -0.055515 0.008756 0.998419
vn -0.142398 0.048612 0.988615
vn -0.134827 0.000004 0.990869
vn 0.919334 0.380777 -0.099168
vn 0.919312 0.380986 -0.098561
vn 0.995031 -0.000218 -0.099564
vn 0.995051 -0.000053 -0.099366
vn 0.703583 0.703646 -0.099263
vn 0.703536 0.703693 -0.099263
vn 0.919312 0.380986 -0.098561
vn 0.919334 0.380777 -0.099168
vn 0.380757 0.919281 -0.099734
vn 0.381076 0.919108 -0.100105
vn 0.703536 0.703693 -0.099263
vn 0.703583 0.703646 -0.099263
vn 0.000002 0.995010 -0.099779
vn -0.000053 0.995012 -0.099751
vn 0.381076 0.919108 -0.100105
vn 0.380757 0.919281 -0.099734
vn -0.380901 0.919237 -0.099589
vn -0.380889 0.919228 -0.099715
vn -0.000053 0.995012 -0.099751
vn 0.000002 0.995010 -0.099779
vn -0.703635 0.703556 -0.099533
vn -0.703519 0.703614 -0.099940
vn -0.380889 0.919228 -0.099715
vn -0.380901 0.919237 -0.099589
vn -0.919212 0.380926 -0.099726
vn -0.919312 0.380748 -0.099481
vn -0.703519 0.703614 -0.099940
vn -0.703635 0.703556 -0.099533
vn -0.995067 -0.000069 -0.099202
vn -0.995119 -0.000203 -0.098680
vn -0.919312 0.380748 -0.099481
vn -0.919212 0.380926 -0.099726
vn -0.919339 -0.380692 -0.099445
vn -0.919398 -0.380507 -0.099613
vn -0.995119 -0.000203 -0.098680
vn -0.995067 -0.000069 -0.099202
vn -0.703506 -0.703723 -0.099268
vn -0.703614 -0.703622 -0.099212
vn -0.919398 -0.380507 -0.099613
vn -0.919339 -0.380692 -0.099445
vn -0.380807 -0.919308 -0.099292
vn -0.380824 -0.919261 -0.099662
vn -0.703614 -0.703622 -0.099212
vn -0.703506 -0.703723 -0.099268
vn -0.000041 -0.995052 -0.099360
vn -0.000023 -0.995009 -0.099782
vn -0.380824 -0.919261 -0.099662
vn -0.380807 -0.919308 -0.099292
vn 0.380611 -0.919362 -0.099544
vn 0.380729 -0.919282 -0.099830
vn -0.000023 -0.995009 -0.099782
vn -0.000041 -0.995052 -0.099360
vn 0.703513 -0.703726 -0.099197
vn 0.703841 -0.703527 -0.098276
vn 0.380729 -0.919282 -0.099830
vn 0.380611 -0.919362 -0.099544
vn 0.919453 -0.380566 -0.098877
vn 0.919409 -0.380719 -0.098694
vn 0.703841 -0.703527 -0.098276
vn 0.703513 -0.703726 -0.099197
vn 0.995051 -0.000053 -0.099366
vn 0.995031 -0.000218 -0.099564
vn 0.919409 -0.380719 -0.098694
vn 0.919453 -0.380566 -0.098877
vn 0.919376 0.380597 -0.099463
vn 0.919324 0.380713 -0.099505
vn 0.995055 0.000100 -0.099328
vn 0.995045 0.000065 -0.099427
vn 0.703528 0.703676 -0.099439
vn 0.703489 0.703712 -0.099467
vn 0.919324 0.380713 -0.099505
vn 0.919376 0.380597 -0.099463
vn 0.380754 0.919316 -0.099424
vn 0.380705 0.919337 -0.099412
vn 0.703489 0.703712 -0.099467
vn 0.703528 0.703676 -0.099439
vn -0.000090 0.995046 -0.099419
vn -0.000041 0.995030 -0.099575
vn 0.380705 0.919337 -0.099412
vn 0.380754 0.919316 -0.099424
vn -0.380788 0.919304 -0.099405
vn -0.380558 0.919377 -0.099609
vn -0.000041 0.995030 -0.099575
vn -0.000090 0.995046 -0.099419
vn -0.703513 0.703690 -0.099450
vn -0.703680 0.703543 -0.099303
vn -0.380558 0.919377 -0.099609
vn -0.380788 0.919304 -0.099405
vn -0.919263 0.380875 -0.099441
vn -0.919355 0.380649 -0.099465
vn -0.703680 0.703543 -0.099303
vn -0.703513 0.703690 -0.099450
vn -0.995046 0.000053 -0.099419
vn -0.995028 0.000067 -0.099592
vn -0.919355 0.380649 -0.099465
vn -0.919263 0.380875 -0.099441
vn -0.919215 -0.381002 -0.099402
vn -0.919315 -0.380739 -0.099491
vn -0.995028 0.000067 -0.099592
vn -0.995046 0.000053 -0.099419
vn -0.703603 -0.703601 -0.099439
vn -0.703700 -0.703497 -0.099491
vn -0.919315 -0.380739 -0.099491
vn -0.919215 -0.381002 -0.099402
vn -0.380744 -0.919316 -0.099458
vn -0.380712 -0.919348 -0.099288
vn -0.703700 -0.703497 -0.099491
vn -0.703603 -0.703601 -0.099439
vn -0.000094 -0.995041 -0.099470
vn -0.000099 -0.995061 -0.099261
vn -0.380712 -0.919348 -0.099288
vn -0.380744 -0.919316 -0.099458
vn 0.380718 -0.919325 -0.099477
vn 0.380962 -0.919265 -0.099096
vn -0.000099 -0.995061 -0.099261
vn -0.000094 -0.995041 -0.099470
vn 0.703601 -0.703605 -0.099430
vn 0.703486 -0.703699 -0.099573
vn 0.380962 -0.919265 -0.099096
vn 0.380718 -0.919325 -0.099477
vn 0.919333 -0.380716 -0.099405
vn 0.919266 -0.380846 -0.099528
vn 0.703486 -0.703699 -0.099573
vn 0.703601 -0.703605 -0.099430
vn 0.995045 0.000065 -0.099427
vn 0.995055 0.000100 -0.099328
vn 0.919266 -0.380846 -0.099528
vn 0.919333 -0.380716 -0.099405
vn 1.000000 0.000000 -0.000038
vn 0.923904 0.000000 0.382624
vn 0.923904 0.000000 0.382624
vn 1.000000 0.000000 -0.000038
vn 0.923904 0.000000 0.382624
vn 0.923904 0.000000 0.382624
vn 0.707182 0.000000 0.707031
vn 0.707182 0.000000 0.707031
vn 0.707182 0.000000 0.707031
vn 0.707182 0.000000 0.707031
vn 0.382584 0.000000 0.923921
vn 0.382584 0.000000 0.923921
vn 0.382584 0.000000 0.923921
vn 0.382584 0.000000 0.923921
vn -0.000038 0.000000 1.000000
vn -0.000038 0.000000 1.000000
vn -0.000038 0.000000 1.000000
vn -0.000038 0.000000 1.000000
vn -0.382619 0.000000 0.923906
vn -0.382619 0.000000 0.923906
vn -0.382619 0.000000 0.923906
vn -0.382619 0.000000 0.923906
vn -0.707182 0.000000 0.707031
vn -0.707182 0.000000 0.707031
vn -0.707182 0.000000 0.707031
vn -0.707182 0.000000 0.707031
vn -0.923904 0.000000 0.382624
vn -0.923904 0.000000 0.382624
vn 1.000000 0.000000 -0.000038
vn 0.923904 0.000000 0.382624
vn 0.923904 0.000000 0.382624
vn 1.000000 0.000000 -0.000038
vn 0.923904 0.000000 0.382624
vn 0.923904 0.000000 0.382624
vn 0.707182 0.000000 0.707031
vn 0.707182 0.000000 0.707031
vn 0.707182 0.000000 0.707031
vn 0.707182 0.000000 0.707031
vn 0.382584 0.000000 0.923921
vn 0.382584 0.000000 0.923921
vn 0.382584 0.000000 0.923921
vn 0.382584 0.000000 0.923921
vn -0.000038 0.000000 1.000000
vn -0.000038 0.000000 1.000000
vn -0.000038 0.000000 1.000000
vn -0.000038 0.000000 1.000000
vn -0.382619 0.000000 0.923906
vn -0.382619 0.000000 0.923906
vn -0.382619 0.000000 0.923906
vn -0.382619 0.000000 0.923906
vn -0.707182 0.000000 0.707031
vn -0.707182 0.000000 0.707031
vn -0.707182 0.000000 0.707031
vn -0.707182 0.000000 0.707031
vn -0.923904 0.000000 0.382624
vn -0.923904 0.000000 0.382624
vn 0.000000 1.000000 -0.000000
vn 0.000000 1.000000 -0.000000
vn 0.000000 1.000000 -0.000000
vn 0.000000 1.000000 -0.000000
vn 0.000000 1.000000 -0.000000
vn 0.000000 1.000000 -0.000000
vn 0.000000 1.000000 -0.000000
vn 0.000000 1.000000 -0.000000
vn 0.000000 1.000000 -0.000000
vn 0.000000 1.000000 -0.000000
vn 0.000000 1.000000 -0.000000
vn 0.000000 1.000000 -0.000000
vn 0.000000 1.000000 -0.000000
vn 0.000000 1.000000 -0.000000
vn 0.000000 1.000000 -0.000000
vn 0.000000 1.000000 -0.000000
vn 0.000000 1.000000 -0.000000
vn 0.000000 1.000000 -0.000000
vn 0.000000 1.000000 -0.000000
vn 0.000000 1.000000 -0.000000
vn 0.000000 1.000000 -0.000000
vn 0.000000 1.000000 -0.000000
vn 0.000000 1.000000 -0.000000
vn 0.000000 1.000000 -0.000000
vn 0.000000 1.000000 -0.000000
vn 0.000000 1.000000 -0.000000
vn 0.000000 1.000000 -0.000000
vn 0.000000 1.000000 -0.000000
vn 1.000000 0.000000 -0.000038
vn 0.923904 0.000000 0.382624
vn 0.923904 0.000000 0.382624
vn 1.000000 0.000000 -0.000038
vn 0.923904 0.000000 0.382624
vn 0.923904 0.000000 0.382624
vn 0.707182 0.000000 0.707031
vn 0.707182 0.000000 0.707031
vn 0.707182 0.000000 0.707031
vn 0.707182 0.000000 0.707031
vn 0.382584 0.000000 0.923921
vn 0.382584 0.000000 0.923921
vn 0.382584 0.000000 0.923921
vn 0.382584 0.000000 0.923921
vn -0.000038 0.000000 1.000000
vn -0.000038 0.000000 1.000000
vn -0.000038 0.000000 1.000000
vn -0.000038 0.000000 1.000000
vn -0.382619 0.000000 0.923906
vn -0.382619 0.000000 0.923906
vn -0.382619 0.000000 0.923906
vn -0.382619 0.000000 0.923906
vn -0.707182 0.000000 0.707031
vn -0.707182 0.000000 0.707031
vn -0.707182 0.000000 0.707031
vn -0.707182 0.000000 0.707031
vn -0.923904 0.000000 0.382624
vn -0.923904 0.000000 0.382624
vn 1.000000 0.000000 -0.000000
vn 0.923921 0.000000 0.382583
vn 0.923921 0.000000 0.382583
vn 1.000000 0.000000 -0.000000
vn 0.923921 0.000000 0.382583
vn 0.923921 0.000000 0.382583
vn 0.707107 0.000000 0.707107
vn 0.707107 0.000000 0.707107
vn 0.707107 0.000000 0.707107
vn 0.707107 0.000000 0.707107
vn 0.382658 0.000000 0.923890
vn 0.382658 0.000000 0.923890
vn 0.382658 0.000000 0.923890
vn 0.382658 0.000000 0.923890
vn 0.000000 0.000000 1.000000
vn -0.000000 0.000000 1.000000
vn -0.000000 0.000000 1.000000
vn 0.000000 0.000000 1.000000
vn -0.382658 0.000000 0.923890
vn -0.382658 0.000000 0.923890
vn -0.382658 0.000000 0.923890
vn -0.382658 0.000000 0.923890
vn -0.707107 0.000000 0.707107
vn -0.707107 0.000000 0.707107
vn -0.707107 0.000000 0.707107
vn -0.707107 0.000000 0.707107
vn -0.923921 0.000000 0.382583
vn -0.923921 0.000000 0.382583
vn 1.000000 0.000000 -0.000000
vn 0.923921 0.000000 0.382583
vn 0.923921 0.000000 0.382583
vn 1.000000 0.000000 -0.000000
vn 0.923921 0.000000 0.382583
vn 0.923921 0.000000 0.382583
vn 0.707107 0.000000 0.707107
vn 0.707107 0.000000 0.707107
vn 0.707107 0.000000 0.707107
vn 0.707107 0.000000 0.707107
vn 0.382658 0.000000 0.923890
vn 0.382658 0.000000 0.923890
vn 0.382658 0.000000 0.923890
vn 0.382658 0.000000 0.923890
vn -0.000000 0.000000 1.000000
vn -0.000000 0.000000 1.000000
vn -0.000000 0.000000 1.000000
vn -0.000000 0.000000 1.000000
vn -0.382658 0.000000 0.923890
vn -0.382658 0.000000 0.923890
vn -0.382658 0.000000 0.923890
vn -0.382658 0.000000 0.923890
vn -0.707107 0.000000 0.707107
vn -0.707107 0.000000 0.707107
vn -0.707107 0.000000 0.707107
vn -0.707107 0.000000 0.707107
vn -0.923921 0.000000 0.382583
vn -0.923921 0.000000 0.382583
vn 0.918893 0.380817 -0.103028
vn 0.919376 0.380597 -0.099463
vn 0.995045 0.000065 -0.099427
vn 0.994551 -0.000026 -0.104249
vn 0.703386 0.703885 -0.098967
vn 0.703528 0.703676 -0.099439
vn 0.919376 0.380597 -0.099463
vn 0.918893 0.380817 -0.103028
vn 0.380954 0.919307 -0.098740
vn 0.380754 0.919316 -0.099424
vn 0.703528 0.703676 -0.099439
vn 0.703386 0.703885 -0.098967
vn -0.000000 0.995048 -0.099399
vn -0.000090 0.995046 -0.099419
vn 0.380754 0.919316 -0.099424
vn 0.380954 0.919307 -0.098740
vn -0.380524 0.919678 -0.096920
vn -0.380788 0.919304 -0.099405
vn -0.000090 0.995046 -0.099419
vn -0.000000 0.995048 -0.099399
vn -0.703460 0.703811 -0.098964
vn -0.703513 0.703690 -0.099450
vn -0.380788 0.919304 -0.099405
vn -0.380524 0.919678 -0.096920
vn -0.919303 0.380968 -0.098716
vn -0.919263 0.380875 -0.099441
vn -0.703513 0.703690 -0.099450
vn -0.703460 0.703811 -0.098964
vn -0.995045 0.000052 -0.099425
vn -0.995046 0.000053 -0.099419
vn -0.919263 0.380875 -0.099441
vn -0.919303 0.380968 -0.098716
vn -0.919286 -0.381012 -0.098712
vn -0.919215 -0.381002 -0.099402
vn -0.995046 0.000053 -0.099419
vn -0.995045 0.000052 -0.099425
vn -0.703682 -0.703583 -0.099009
vn -0.703603 -0.703601 -0.099439
vn -0.919215 -0.381002 -0.099402
vn -0.919286 -0.381012 -0.098712
vn -0.380084 -0.919393 -0.101253
vn -0.380744 -0.919316 -0.099458
vn -0.703603 -0.703601 -0.099439
vn -0.703682 -0.703583 -0.099009
vn 0.000064 -0.995029 -0.099589
vn -0.000094 -0.995041 -0.099470
vn -0.380744 -0.919316 -0.099458
vn -0.380084 -0.919393 -0.101253
vn 0.380413 -0.919054 -0.103082
vn 0.380718 -0.919325 -0.099477
vn -0.000094 -0.995041 -0.099470
vn 0.000064 -0.995029 -0.099589
vn 0.703737 -0.703514 -0.099107
vn 0.703601 -0.703605 -0.099430
vn 0.380718 -0.919325 -0.099477
vn 0.380413 -0.919054 -0.103082
vn 0.918826 -0.380917 -0.103247
vn 0.919333 -0.380716 -0.099405
vn 0.703601 -0.703605 -0.099430
vn 0.703737 -0.703514 -0.099107
vn 0.994551 -0.000026 -0.104249
vn 0.995045 0.000065 -0.099427
vn 0.919333 -0.380716 -0.099405
vn 0.918826 -0.380917 -0.103247
vn 0.000000 0.000000 1.000000
vn 0.000000 0.000000 1.000000
vn 0.000000 0.000000 1.000000
vn 0.000000 0.000000 1.000000
vn 0.000000 0.000000 1.000000
vn 0.000000 0.000000 1.000000
vn 0.000000 0.000000 1.000000
vn 0.000000 0.000000 1.000000
vn 0.000000 0.000000 1.000000
vn 0.000000 0.000000 1.000000
vn 0.000000 0.000000 1.000000
vn 0.000000 0.000000 1.000000
vn 0.000000 0.000000 1.000000
vn 0.000000 0.000000 1.000000
vn 0.000000 0.000000 1.000000
vn 0.000000 0.000000 1.000000
vn 0.000000 0.000000 1.000000
vn 0.000000 0.000000 1.000000
vn 0.000000 0.000000 1.000000
vn 0.000000 0.000000 1.000000
vn 0.000000 0.000000 1.000000
vn 0.000000 0.000000 1.000000
vn 0.000000 0.000000 1.000000
vn 0.000000 0.000000 1.000000
vn 0.000000 0.000000 1.000000
vn 0.000000 0.000000 1.000000
vn 0.000000 0.000000 1.000000
vn 0.000000 0.000000 1.000000
vn 0.000000 0.000000 1.000000
vn 0.000000 0.000000 1.000000
vn 0.000000 0.000000 1.000000
vn 0.000000 0.000000 1.000000
vn 0.000000 0.000000 1.000000
vn 0.000000 0.000000 1.000000
vn 0.000000 0.000000 1.000000
vn 0.000000 0.000000 1.000000
vn 0.000000 0.000000 1.000000
vn 0.000000 0.000000 1.000000
vn 0.000000 0.000000 1.000000
vn 0.000000 0.000000 1.000000
vn 0.000000 0.000000 1.000000
vn 0.000000 0.000000 1.000000
vn 0.000000 0.000000 1.000000
vn 0.000000 0.000000 1.000000
vn 0.000000 0.000000 1.000000
vn 0.000000 0.000000 1.000000
vn 0.000000 0.000000 1.000000
vn 0.000000 0.000000 1.000000
vn 0.000000 0.000000 1.000000
vn 0.000000 0.000000 1.000000
vn 0.000000 0.000000 1.000000
vn 0.000000 0.000000 1.000000
vn 0.000000 0.000000 1.000000
vn 0.000000 0.000000 1.000000
vn 0.000000 0.000000 1.000000
vn 0.000000 0.000000 1.000000
vn 0.000000 0.000000 1.000000
vn 0.000000 0.000000 1.000000
vn 0.000000 0.000000 1.000000
vn 0.000000 0.000000 1.000000
vn 0.000000 0.000000 1.000000
vn 0.000000 0.000000 1.000000
vn 0.000000 0.000000 1.000000
vn 0.000000 0.000000 1.000000
vn 0.000000 0.000000 1.000000
vn 0.000000 0.000000 1.000000
vn 0.000000 0.000000 1.000000
vn 0.000000 0.000000 1.000000
vn 0.000000 0.000000 1.000000
vn 0.000000 0.000000 1.000000
vn 0.000000 0.000000 1.000000
vn 0.000000 0.000000 1.000000
vn 0.000000 0.000000 1.000000
vn 0.000000 0.000000 1.000000
vn 0.000000 0.000000 1.000000
vn 0.000000 0.000000 1.000000
vn 0.000000 0.000000 1.000000
vn 0.000000 0.000000 1.000000
vn 0.000000 0.000000 1.000000
vn 0.000000 0.000000 1.000000
vn 0.000000 0.000000 1.000000
vn 0.000000 0.000000 1.000000
vn 0.000000 0.000000 1.000000
vn 0.000000 0.000000 1.000000
vn 0.000000 0.000000 1.000000
vn 0.000000 0.000000 1.000000
vn 0.000000 0.000000 1.000000
vn 0.000000 0.000000 1.000000
vn 0.000000 0.000000 1.000000
vn 0.000000 0.000000 1.000000
vn 0.000000 0.000000 1.000000
vn 0.000000 0.000000 1.000000
vn 0.000000 0.000000 1.000000
vn 0.000000 0.000000 1.000000
vn 0.000000 0.000000 1.000000
vn 0.000000 0.000000 1.000000
vn 0.000000 0.000000 1.000000
vn 0.000000 0.000000 1.000000
vn 0.000000 0.000000 1.000000
vn 0.000000 0.000000 1.000000
vn 0.000000 0.000000 1.000000
vn 0.000000 0.000000 1.000000
vn 0.000000 0.000000 1.000000
vn 0.000000 0.000000 1.000000
vn 0.000000 0.000000 1.000000
vn 0.000000 0.000000 1.000000
vn 0.000000 0.000000 1.000000
vn 0.000000 0.000000 1.000000
vn 0.000000 0.000000 1.000000
vn 0.000000 0.000000 1.000000
vn 0.000000 0.000000 1.000000
vn 0.000000 0.000000 1.000000
vn 0.000000 0.000000 1.000000
vn 0.000000 0.000000 1.000000
vn 0.000000 0.000000 1.000000
vn 0.000000 0.000000 1.000000
vn 0.000000 0.000000 1.000000
vn 0.000000 0.000000 1.000000
vn 0.000000 0.000000 1.000000
vn 0.000000 0.000000 1.000000
vn 0.000000 0.000000 1.000000
vn 0.000000 0.000000 1.000000
vn 0.000000 0.000000 1.000000
vn 0.000000 0.000000 1.000000
vn 0.000000 0.000000 1.000000
vn 0.000000 0.000000 1.000000
vn 0.000000 0.000000 1.000000
vn 0.000000 0.000000 1.000000
vn 0.923768 0.382953 -0.000000
vn 0.923768 0.382953 -0.000000
vn 1.000000 0.000000 -0.000000
vn 1.000000 -0.000000 -0.000000
vn 0.707172 0.707042 -0.000000
vn 0.707172 0.707042 -0.000000
vn 0.923768 0.382953 -0.000000
vn 0.923768 0.382953 -0.000000
vn 0.382738 0.923857 -0.000000
vn 0.382738 0.923857 -0.000000
vn 0.707172 0.707042 -0.000000
vn 0.707172 0.707042 -0.000000
vn -0.000064 1.000000 -0.000000
vn -0.000064 1.000000 -0.000000
vn 0.382738 0.923857 -0.000000
vn 0.382738 0.923857 -0.000000
vn -0.382797 0.923832 -0.000000
vn -0.382797 0.923832 -0.000000
vn -0.000064 1.000000 -0.000000
vn -0.000064 1.000000 -0.000000
vn -0.706977 0.707236 -0.000000
vn -0.706977 0.707236 -0.000000
vn -0.382797 0.923832 -0.000000
vn -0.382797 0.923832 -0.000000
vn -0.923787 0.382907 -0.000000
vn -0.923787 0.382907 -0.000000
vn -0.706977 0.707236 -0.000000
vn -0.706977 0.707236 -0.000000
vn -1.000000 0.000000 -0.000000
vn -1.000000 0.000000 -0.000000
vn -0.923787 0.382907 -0.000000
vn -0.923787 0.382907 -0.000000
vn -0.923857 -0.382737 -0.000000
vn -0.923857 -0.382737 -0.000000
vn -1.000000 0.000000 -0.000000
vn -1.000000 0.000000 -0.000000
vn -0.706913 -0.707301 -0.000000
vn -0.706913 -0.707301 -0.000000
vn -0.923857 -0.382737 -0.000000
vn -0.923857 -0.382737 -0.000000
vn -0.382543 -0.923938 -0.000000
vn -0.382543 -0.923938 -0.000000
vn -0.706913 -0.707301 -0.000000
vn -0.706913 -0.707301 -0.000000
vn -0.000064 -1.000000 -0.000000
vn -0.000064 -1.000000 -0.000000
vn -0.382543 -0.923938 -0.000000
vn -0.382543 -0.923938 -0.000000
vn 0.382484 -0.923962 -0.000000
vn 0.382484 -0.923962 -0.000000
vn -0.000064 -1.000000 -0.000000
vn -0.000064 -1.000000 -0.000000
vn 0.707107 -0.707106 -0.000000
vn 0.707107 -0.707106 -0.000000
vn 0.382484 -0.923962 -0.000000
vn 0.382484 -0.923962 -0.000000
vn 0.923838 -0.382783 -0.000000
vn 0.923838 -0.382783 -0.000000
vn 0.707107 -0.707106 -0.000000
vn 0.707107 -0.707106 -0.000000
vn 1.000000 -0.000000 -0.000000
vn 1.000000 0.000000 -0.000000
vn 0.923838 -0.382783 -0.000000
vn 0.923838 -0.382783 -0.000000
vn 0.919324 0.380713 -0.099505
vn 0.919334 0.380777 -0.099168
vn 0.995051 -0.000053 -0.099366
vn 0.995055 0.000100 -0.099328
vn 0.703489 0.703712 -0.099467
vn 0.703583 0.703646 -0.099263
vn 0.919334 0.380777 -0.099168
vn 0.919324 0.380713 -0.099505
vn 0.380705 0.919337 -0.099412
vn 0.380757 0.919281 -0.099734
vn 0.703583 0.703646 -0.099263
vn 0.703489 0.703712 -0.099467
vn -0.000041 0.995030 -0.099575
vn 0.000002 0.995010 -0.099779
vn 0.380757 0.919281 -0.099734
vn 0.380705 0.919337 -0.099412
vn -0.380558 0.919377 -0.099609
vn -0.380901 0.919237 -0.099589
vn 0.000002 0.995010 -0.099779
vn -0.000041 0.995030 -0.099575
vn -0.703680 0.703543 -0.099303
vn -0.703635 0.703556 -0.099533
vn -0.380901 0.919237 -0.099589
vn -0.380558 0.919377 -0.099609
vn -0.919355 0.380649 -0.099465
vn -0.919212 0.380926 -0.099726
vn -0.703635 0.703556 -0.099533
vn -0.703680 0.703543 -0.099303
vn -0.995028 0.000067 -0.099592
vn -0.995067 -0.000069 -0.099202
vn -0.919212 0.380926 -0.099726
vn -0.919355 0.380649 -0.099465
vn -0.919315 -0.380739 -0.099491
vn -0.919339 -0.380692 -0.099445
vn -0.995067 -0.000069 -0.099202
vn -0.995028 0.000067 -0.099592
vn -0.703700 -0.703497 -0.099491
vn -0.703506 -0.703723 -0.099268
vn -0.919339 -0.380692 -0.099445
vn -0.919315 -0.380739 -0.099491
vn -0.380712 -0.919348 -0.099288
vn -0.380807 -0.919308 -0.099292
vn -0.703506 -0.703723 -0.099268
vn -0.703700 -0.703497 -0.099491
vn -0.000099 -0.995061 -0.099261
vn -0.000041 -0.995052 -0.099360
vn -0.380807 -0.919308 -0.099292
vn -0.380712 -0.919348 -0.099288
vn 0.380962 -0.919265 -0.099096
vn 0.380611 -0.919362 -0.099544
vn -0.000041 -0.995052 -0.099360
vn -0.000099 -0.995061 -0.099261
vn 0.703486 -0.703699 -0.099573
vn 0.703513 -0.703726 -0.099197
vn 0.380611 -0.919362 -0.099544
vn 0.380962 -0.919265 -0.099096
vn 0.919266 -0.380846 -0.099528
vn 0.919453 -0.380566 -0.098877
vn 0.703513 -0.703726 -0.099197
vn 0.703486 -0.703699 -0.099573
vn 0.995055 0.000100 -0.099328
vn 0.995051 -0.000053 -0.099366
vn 0.919453 -0.380566 -0.098877
vn 0.919266 -0.380846 -0.099528
vn 0.159752 -0.223018 0.961635
vn 0.212288 -0.151838 0.965339
vn 0.611005 -0.289011 0.736984
vn 0.470472 -0.482305 0.738944
vn 0.470472 -0.482305 0.738944
vn 0.611005 -0.289011 0.736984
vn 0.847611 -0.356802 0.392745
vn 0.656193 -0.640820 0.398448
vn -0.939059 0.343755 -0.000038
vn -0.860399 0.306676 0.407018
vn -0.745876 0.511864 0.426222
vn -0.820302 0.571931 -0.000038
vn -0.745876 0.511864 0.426222
vn -0.860399 0.306676 0.407018
vn -0.673722 0.219994 0.705479
vn -0.574899 0.374365 0.727559
vn -0.574899 0.374365 0.727559
vn -0.673722 0.219994 0.705479
vn -0.419870 0.107308 0.901218
vn -0.354082 0.196923 0.914247
vn -0.354082 0.196923 0.914247
vn -0.419870 0.107308 0.901218
vn -0.134026 -0.011709 0.990909
vn -0.118044 0.008715 0.992970
vn -0.118044 0.008715 0.992970
vn -0.134026 -0.011709 0.990909
vn 0.212288 -0.151838 0.965339
vn 0.159752 -0.223018 0.961635
vn 0.146369 -0.655491 0.740884
vn 0.017125 -0.296596 0.954849
vn 0.055094 -0.283601 0.957358
vn 0.205716 -0.642603 0.738066
vn 0.240544 -0.882773 0.403547
vn 0.146369 -0.655491 0.740884
vn 0.205716 -0.642603 0.738066
vn 0.290140 -0.866953 0.405229
vn -0.247498 0.596439 0.763548
vn -0.302715 0.837297 0.455298
vn -0.464209 0.758728 0.456993
vn -0.350195 0.543380 0.762956
vn -0.176935 0.314835 0.932509
vn -0.247498 0.596439 0.763548
vn -0.350195 0.543380 0.762956
vn -0.216491 0.283660 0.934167
vn -0.101144 0.026886 0.994508
vn -0.176935 0.314835 0.932509
vn -0.216491 0.283660 0.934167
vn -0.086334 0.026559 0.995912
vn 0.017125 -0.296596 0.954849
vn -0.101144 0.026886 0.994508
vn -0.086334 0.026559 0.995912
vn 0.055094 -0.283601 0.957358
vn 0.282747 -0.959195 -0.000028
vn 0.240544 -0.882773 0.403547
vn 0.290140 -0.866953 0.405229
vn 0.319242 -0.947673 -0.000000
vn 0.271635 -0.064652 0.960226
vn 0.682928 -0.056875 0.728268
vn 0.686437 -0.094848 0.720977
vn 0.263397 -0.081642 0.961227
vn 0.682928 -0.056875 0.728268
vn 0.920541 -0.028587 0.389598
vn 0.923114 -0.074084 0.377323
vn 0.686437 -0.094848 0.720977
vn -0.993745 0.111672 -0.000045
vn -0.901209 0.090464 0.423837
vn -0.906444 0.123411 0.403892
vn -0.989531 0.144319 -0.000040
vn -0.901209 0.090464 0.423837
vn -0.689284 0.045726 0.723047
vn -0.707871 0.075406 0.702305
vn -0.906444 0.123411 0.403892
vn -0.689284 0.045726 0.723047
vn -0.409366 -0.000574 0.912370
vn -0.434532 0.018773 0.900461
vn -0.707871 0.075406 0.702305
vn -0.409366 -0.000574 0.912370
vn -0.111302 -0.040386 0.992966
vn -0.127494 -0.034830 0.991228
vn -0.434532 0.018773 0.900461
vn -0.111302 -0.040386 0.992966
vn 0.271635 -0.064652 0.960226
vn 0.263397 -0.081642 0.961227
vn -0.127494 -0.034830 0.991228
vn 1.000000 0.000000 -0.000000
vn 1.000000 0.000000 -0.000000
vn 1.000000 0.000000 -0.000000
vn 1.000000 0.000000 -0.000000
vn 1.000000 0.000000 -0.000000
vn 1.000000 0.000000 -0.000000
vn 1.000000 0.000000 -0.000000
vn 1.000000 0.000000 -0.000000
vn 1.000000 0.000000 -0.000000
vn 1.000000 0.000000 -0.000000
vn 1.000000 0.000000 -0.000000
vn 1.000000 0.000000 -0.000000
vn 1.000000 0.000000 -0.000000
vn 1.000000 0.000000 -0.000000
vn 1.000000 0.000000 -0.000000
vn 1.000000 0.000000 -0.000000
vn -0.923904 0.000000 0.382624
vn -1.000000 0.000000 -0.000038
vn -1.000000 0.000000 -0.000038
vn -0.923904 0.000000 0.382624
vn 0.000000 1.000000 -0.000000
vn 0.000000 1.000000 -0.000000
vn 0.000000 1.000000 -0.000000
vn 0.000000 1.000000 -0.000000
vn -0.811959 0.477139 -0.336246
vn -0.879067 0.476699 0.000039
vn -0.879012 0.476800 0.000045
vn -0.811887 0.477277 -0.336224
vn 0.000000 1.000000 -0.000000
vn 0.000000 1.000000 -0.000000
vn 0.000000 1.000000 -0.000000
vn 0.000000 1.000000 -0.000000
vn 0.923882 0.000000 0.382678
vn 1.000000 0.000000 -0.000053
vn 1.000000 0.000000 -0.000053
vn 0.923882 0.000000 0.382678
vn -0.923921 0.000000 0.382583
vn -1.000000 0.000000 -0.000000
vn -1.000000 0.000000 -0.000000
vn -0.923921 0.000000 0.382583
vn -0.923904 0.000000 0.382624
vn -1.000000 0.000000 -0.000038
vn -1.000000 0.000000 -0.000038
vn -0.923904 0.000000 0.382624
vn -0.923904 0.000000 0.382624
vn -1.000000 0.000000 -0.000038
vn -1.000000 0.000000 -0.000038
vn -0.923904 0.000000 0.382624
vn 0.000000 1.000000 -0.000000
vn 0.000000 1.000000 -0.000000
vn 0.000000 1.000000 -0.000000
vn 0.000000 1.000000 -0.000000
vn -0.923904 0.000000 0.382624
vn -1.000000 0.000000 -0.000038
vn -1.000000 0.000000 -0.000038
vn -0.923904 0.000000 0.382624
vn -0.923921 0.000000 0.382583
vn -1.000000 0.000000 -0.000000
vn -1.000000 0.000000 -0.000000
vn -0.923921 0.000000 0.382583
vn -0.923921 0.000000 0.382583
vn -1.000000 0.000000 -0.000000
vn -1.000000 0.000000 -0.000000
vn -0.923921 0.000000 0.382583
vn -0.999905 -0.002591 -0.013554
vn -0.999998 -0.001953 0.000001
vn -0.999997 -0.002466 0.000004
vn -0.999908 -0.003482 -0.013084
vn -0.048759 0.998758 0.010260
vn -0.042250 0.999107 -0.000001
vn -0.095508 0.995429 -0.000000
vn -0.095460 0.995243 0.019438
vn 0.084631 0.996171 0.021924
vn 0.364608 0.929420 0.056921
vn 0.340867 0.940112 -0.000003
vn 0.086721 0.996233 -0.000000
vn 0.000907 0.999998 0.002026
vn 0.000050 1.000000 -0.000001
vn -0.042250 0.999107 -0.000001
vn -0.048759 0.998758 0.010260
vn 0.998018 0.000000 -0.062931
vn 1.000000 0.000000 -0.000022
vn 0.933146 0.359497 -0.000022
vn 0.926641 0.372294 -0.052290
vn 0.926641 0.372294 -0.052290
vn 0.933146 0.359497 -0.000022
vn 0.408693 0.912672 -0.000008
vn 0.379252 0.924891 -0.027300
vn 0.999905 0.002627 0.013552
vn 0.999904 0.002768 0.013596
vn 0.999996 0.002786 -0.000005
vn 0.999998 0.002083 -0.000000
vn -0.972545 0.232646 0.005676
vn -0.971519 0.236962 0.000003
vn -0.999997 -0.002244 0.000007
vn -0.999904 -0.001955 -0.013739
vn -0.999904 -0.001955 -0.013739
vn -0.999997 -0.002244 0.000007
vn -0.999998 -0.001953 0.000001
vn -0.999905 -0.002591 -0.013554
vn 0.999901 0.003453 0.013622
vn 0.999994 0.003390 -0.000006
vn 0.999996 0.002786 -0.000005
vn 0.999904 0.002768 0.013596
vn 0.379252 0.924891 -0.027300
vn 0.408693 0.912672 -0.000008
vn 0.000050 1.000000 -0.000001
vn 0.000907 0.999998 0.002026
vn 0.998010 0.000000 -0.063059
vn 1.000000 0.000000 -0.000022
vn 1.000000 0.000000 -0.000022
vn 0.998018 0.000000 -0.062931
vn 0.077100 0.898442 0.432270
vn 0.077341 0.997005 -0.000030
vn 0.258814 0.965927 -0.000005
vn 0.229564 0.875652 0.424893
vn 0.049238 0.900046 0.433003
vn 0.049697 0.998764 -0.000015
vn 0.077341 0.997005 -0.000030
vn 0.077100 0.898442 0.432270
vn 0.229564 0.875652 0.424893
vn 0.258814 0.965927 -0.000005
vn 0.568364 0.822777 -0.000021
vn 0.498256 0.722804 0.478847
vn -0.146177 -0.978260 0.147105
vn -0.172784 -0.981788 0.078988
vn 0.000189 -1.000000 -0.000006
vn -0.077236 -0.978275 0.192384
vn -0.179121 -0.983827 -0.000008
vn -0.172779 -0.981788 -0.078996
vn 0.000189 -1.000000 -0.000006
vn -0.172784 -0.981788 0.078988
vn -0.407776 -0.888331 0.211155
vn -0.428246 -0.903662 -0.000009
vn -0.179121 -0.983827 -0.000008
vn -0.172784 -0.981788 0.078988
vn -0.643735 -0.697143 0.315588
vn -0.680368 -0.732870 -0.000009
vn -0.428246 -0.903662 -0.000009
vn -0.407776 -0.888331 0.211155
vn -0.679079 -0.607694 0.411777
vn -0.710371 -0.703827 -0.000026
vn -0.680368 -0.732870 -0.000009
vn -0.643735 -0.697143 0.315588
vn -0.908617 0.033850 0.416256
vn -0.998744 0.050102 -0.000022
vn -0.880445 0.474149 -0.000019
vn -0.769847 0.374330 0.516926
vn 0.000000 1.000000 -0.000000
vn 0.014634 0.999893 0.000001
vn 0.000000 1.000000 -0.000000
vn 0.000000 1.000000 -0.000000
vn -0.401283 -0.827125 0.393492
vn -0.374093 -0.927391 -0.000030
vn -0.710371 -0.703827 -0.000026
vn -0.679079 -0.607694 0.411777
vn 0.240544 -0.882773 0.403547
vn 0.282747 -0.959195 -0.000028
vn 0.098524 -0.995135 -0.000031
vn 0.048935 -0.919228 0.390673
vn 0.498256 0.722804 0.478847
vn 0.568364 0.822777 -0.000021
vn 0.880445 0.474149 -0.000019
vn 0.769847 0.374329 0.516926
vn 0.051008 -0.920278 0.387926
vn 0.051215 -0.998688 -0.000035
vn -0.361749 -0.932275 -0.000034
vn -0.360921 -0.859250 0.362526
vn 0.150204 -0.908667 0.389568
vn 0.475839 -0.789966 0.386692
vn 0.472943 -0.881093 -0.000030
vn 0.141726 -0.989906 -0.000031
vn -0.498256 0.722804 0.478847
vn -0.769847 0.374330 0.516926
vn -0.880445 0.474149 -0.000019
vn -0.568364 0.822778 -0.000021
vn 0.048935 -0.919228 0.390673
vn 0.098524 -0.995135 -0.000031
vn -0.374093 -0.927391 -0.000030
vn -0.401283 -0.827125 0.393492
vn 0.656193 -0.640820 0.398448
vn 0.718876 -0.695138 -0.000009
vn 0.484284 -0.874911 -0.000000
vn 0.445140 -0.798325 0.405621
vn -0.464209 0.758728 0.456993
vn -0.516639 0.856203 -0.000030
vn -0.667594 0.744525 -0.000038
vn -0.603854 0.663808 0.441271
vn 0.923114 -0.074084 0.377323
vn 0.998139 -0.060983 -0.000040
vn 0.926471 -0.376367 -0.000040
vn 0.847611 -0.356802 0.392745
vn -0.916503 -0.128189 0.378931
vn -0.989166 -0.146798 -0.000021
vn -0.998744 0.050102 -0.000022
vn -0.908617 0.033850 0.416256
vn -0.672510 0.666972 0.320747
vn -0.673476 0.739210 -0.000024
vn -0.357207 0.934025 -0.000035
vn -0.355184 0.842453 0.405113
vn 0.000000 0.901105 0.433602
vn 0.000000 1.000000 -0.000026
vn -0.344619 0.938743 -0.000024
vn -0.345757 0.845387 0.407151
vn 0.865269 -0.462079 0.194403
vn 0.866063 -0.499935 -0.000012
vn 0.866017 -0.500015 -0.000012
vn 0.865250 -0.461836 0.195062
vn -0.870739 0.454331 -0.188140
vn -0.870679 0.491851 0.000007
vn -0.999282 -0.037896 -0.000003
vn -0.999283 -0.034981 0.014491
vn -0.999283 -0.034981 0.014491
vn -0.999282 -0.037896 -0.000003
vn -0.971632 -0.236497 -0.000004
vn -0.971640 -0.218462 0.090495
vn -0.908596 0.385868 -0.159870
vn -0.908696 0.417457 0.000002
vn -0.999361 -0.035754 0.000001
vn -0.999363 -0.032960 0.013651
vn -0.999363 -0.032960 0.013651
vn -0.999361 -0.035754 0.000001
vn -0.847472 -0.530840 -0.000005
vn -0.847485 -0.490416 0.203128
vn -1.000000 0.000000 -0.000000
vn -1.000000 0.000000 -0.000000
vn -1.000000 0.000000 -0.000000
vn -1.000000 0.000000 -0.000000
vn -0.636899 -0.712247 -0.295067
vn -0.636998 -0.770865 0.000010
vn -0.635863 -0.771802 0.000021
vn -0.636203 -0.712810 -0.295207
vn -0.524002 0.786942 0.325796
vn -0.524717 0.851277 -0.000015
vn -0.523111 0.852265 -0.000016
vn -0.523227 0.787320 0.326129
vn -1.000000 0.000000 -0.000000
vn -1.000000 0.000000 -0.000000
vn -1.000000 0.000000 -0.000000
vn -1.000000 0.000000 -0.000000
vn -0.726042 -0.635358 -0.263028
vn -0.726806 -0.686843 0.000005
vn -0.913572 -0.406677 0.000000
vn -0.912838 -0.377171 -0.156424
vn -0.655716 0.697520 0.288968
vn -0.654709 0.755881 -0.000008
vn -0.847479 0.530829 -0.000006
vn -0.847478 0.490427 0.203132
vn 0.000000 0.923874 0.382698
vn 0.000000 1.000000 -0.000011
vn -0.335576 0.942013 -0.000010
vn -0.336636 0.869962 0.360337
vn 0.069698 -0.996581 0.044360
vn 0.071148 -0.996362 0.046910
vn 0.096930 -0.995291 -0.000005
vn 0.997307 -0.073336 -0.000043
vn 0.915069 -0.067866 0.397546
vn 0.915936 -0.065884 0.395878
vn 0.071148 -0.996362 0.046910
vn 0.065520 -0.996637 0.049222
vn 0.092874 -0.995678 -0.000007
vn 0.096930 -0.995291 -0.000005
vn -0.918260 -0.127688 0.374826
vn -0.989343 -0.145602 -0.000020
vn -0.989166 -0.146798 -0.000021
vn -0.916503 -0.128189 0.378931
vn 0.004041 0.999989 -0.002286
vn 0.043526 0.999052 0.000003
vn 0.014634 0.999893 0.000001
vn 0.000000 1.000000 -0.000000
vn 0.915069 -0.067866 0.397546
vn 0.997307 -0.073336 -0.000043
vn 0.999792 -0.020386 -0.000042
vn 0.920541 -0.028587 0.389598
vn 0.000000 0.901105 0.433602
vn 0.000000 1.000000 -0.000026
vn 0.000000 1.000000 -0.000026
vn 0.000000 0.901105 0.433602
vn -0.345757 0.845387 0.407151
vn -0.344619 0.938743 -0.000024
vn -0.673958 0.738770 -0.000020
vn -0.673216 0.666388 0.320480
vn -0.673216 0.666388 0.320480
vn -0.673958 0.738770 -0.000020
vn -0.673476 0.739210 -0.000024
vn -0.672510 0.666972 0.320747
vn -0.355184 0.842453 0.405113
vn -0.357207 0.934025 -0.000035
vn 0.049697 0.998764 -0.000015
vn 0.049238 0.900046 0.433003
vn 0.042132 -0.921800 0.385370
vn 0.036511 -0.999333 -0.000033
vn 0.051215 -0.998688 -0.000035
vn 0.051008 -0.920278 0.387926
vn 0.000000 0.923874 0.382698
vn 0.000000 1.000000 -0.000011
vn 0.000000 1.000000 -0.000011
vn 0.000000 0.923874 0.382698
vn -0.336636 0.869962 0.360337
vn -0.335576 0.942013 -0.000010
vn -0.654709 0.755881 -0.000008
vn -0.655716 0.697520 0.288968
vn -0.912838 -0.377171 -0.156424
vn -0.913572 -0.406677 0.000000
vn -1.000000 0.000000 -0.000000
vn -1.000000 0.000000 -0.000000
vn -1.000000 0.000000 -0.000000
vn -1.000000 0.000000 -0.000000
vn -1.000000 0.000000 -0.000000
vn -1.000000 0.000000 -0.000000
vn -0.908712 -0.385642 -0.159759
vn -0.908571 -0.417731 0.000004
vn -0.726806 -0.686843 0.000005
vn -0.726042 -0.635358 -0.263028
vn -0.524660 0.786470 0.325878
vn -0.526174 0.850377 -0.000014
vn -0.524717 0.851277 -0.000015
vn -0.524002 0.786942 0.325796
vn -0.870738 -0.454331 -0.188147
vn -0.870879 -0.491498 0.000002
vn -0.636998 -0.770865 0.000010
vn -0.636899 -0.712247 -0.295067
vn -1.000000 0.000000 -0.000000
vn -1.000000 0.000000 -0.000000
vn -1.000000 0.000000 -0.000000
vn -1.000000 0.000000 -0.000000
vn -0.923882 0.000000 0.382677
vn -1.000000 0.000000 -0.000025
vn -1.000000 0.000000 -0.000025
vn -0.923882 0.000000 0.382677
vn -0.156521 -0.985548 0.064781
vn -0.169320 -0.985561 -0.000002
vn -0.170458 -0.985365 -0.000000
vn -0.157602 -0.985339 0.065333
vn -0.923906 0.000000 0.382619
vn -1.000000 0.000000 -0.000000
vn -1.000000 0.000000 -0.000000
vn -0.923906 0.000000 0.382619
vn -0.923882 0.000000 0.382677
vn -1.000000 0.000000 -0.000025
vn -1.000000 0.000000 -0.000025
vn -0.923882 0.000000 0.382677
vn -0.155263 -0.985775 0.064356
vn -0.168119 -0.985767 -0.000002
vn -0.169320 -0.985561 -0.000002
vn -0.156521 -0.985548 0.064781
vn -0.155034 -0.985824 0.064151
vn -0.167891 -0.985806 -0.000000
vn -0.168119 -0.985767 -0.000002
vn -0.155263 -0.985775 0.064356
vn -0.923906 0.000000 0.382619
vn -1.000000 0.000000 -0.000000
vn -1.000000 0.000000 -0.000000
vn -0.923906 0.000000 0.382619
vn -0.923906 0.000000 0.382619
vn -1.000000 0.000000 -0.000000
vn -1.000000 0.000000 -0.000000
vn -0.923906 0.000000 0.382619
vn 0.000000 1.000000 -0.000000
vn 0.000000 1.000000 -0.000000
vn 0.000000 1.000000 -0.000000
vn 0.000000 1.000000 -0.000000
vn 0.000000 1.000000 -0.000000
vn 0.000000 1.000000 -0.000000
vn 0.000000 1.000000 -0.000000
vn 0.000000 1.000000 -0.000000
vn 0.847611 -0.356802 0.392745
vn 0.926471 -0.376367 -0.000040
vn 0.718876 -0.695138 -0.000009
vn 0.656193 -0.640820 0.398448
vn -0.302715 0.837297 0.455298
vn -0.326437 0.945219 -0.000000
vn -0.516639 0.856203 -0.000030
vn -0.464209 0.758728 0.456993
vn 0.920541 -0.028587 0.389598
vn 0.999792 -0.020386 -0.000042
vn 0.998139 -0.060983 -0.000040
vn 0.923114 -0.074084 0.377323
vn 0.000000 1.000000 -0.000000
vn 0.000000 1.000000 -0.000000
vn 0.000000 1.000000 -0.000000
vn 0.000000 1.000000 -0.000000
vn 0.000000 1.000000 -0.000000
vn 0.000000 1.000000 -0.000000
vn 0.000000 1.000000 -0.000000
vn 0.000000 1.000000 -0.000000
vn 0.000000 1.000000 -0.000000
vn 0.000000 1.000000 -0.000000
vn 0.000000 1.000000 -0.000000
vn 0.000000 1.000000 -0.000000
vn 0.000000 1.000000 -0.000000
vn 0.000000 1.000000 -0.000000
vn 0.000000 1.000000 -0.000000
vn 0.000000 1.000000 -0.000000
vn 0.000000 1.000000 -0.000000
vn 0.000000 1.000000 -0.000000
vn 0.000000 1.000000 -0.000000
vn 0.000000 1.000000 -0.000000
vn 0.000000 1.000000 -0.000000
vn 0.000000 1.000000 -0.000000
vn 0.000000 1.000000 -0.000000
vn 0.000000 1.000000 -0.000000
vn 0.000000 1.000000 -0.000000
vn 0.000000 1.000000 -0.000000
vn 0.000000 1.000000 -0.000000
vn 0.000000 1.000000 -0.000000
vn 0.000000 1.000000 -0.000000
vn 0.000000 1.000000 -0.000000
vn 0.000000 1.000000 -0.000000
vn 0.000000 1.000000 -0.000000
vn 0.999998 0.002083 -0.000000
vn 0.999905 0.002624 -0.013555
vn 0.970245 0.239874 -0.032945
vn 0.964332 0.264694 -0.000000
vn 0.488291 -0.000666 -0.872681
vn 0.488260 0.000000 -0.872698
vn 0.488059 -0.000514 -0.872810
vn 0.488157 -0.000858 -0.872755
vn -0.265292 -0.003278 -0.964162
vn -0.264891 -0.002732 -0.964274
vn -0.504916 -0.002491 -0.863165
vn -0.504848 -0.002991 -0.863203
vn 0.480017 -0.002924 -0.877255
vn 0.481266 -0.002737 -0.876570
vn 0.235946 -0.001932 -0.971764
vn 0.235151 -0.002751 -0.971955
vn 0.703648 -0.000870 -0.710548
vn 0.704940 -0.000009 -0.709267
vn 0.496107 -0.000685 -0.868261
vn 0.496008 -0.000833 -0.868318
vn 0.959296 0.000592 -0.282404
vn 0.999717 0.002759 -0.023616
vn 0.999711 0.003626 -0.023768
vn 0.959763 0.001301 -0.280808
vn 0.822626 0.551042 -0.140139
vn 0.802279 0.514697 -0.302381
vn 0.559671 0.783170 -0.270948
vn 0.497221 0.849660 -0.175637
vn 0.278499 0.538548 -0.795239
vn 0.130547 0.513947 -0.847830
vn 0.038457 0.773206 -0.632988
vn 0.105690 0.814908 -0.569873
vn -0.508260 0.620421 -0.597285
vn -0.661942 0.511960 -0.547476
vn -0.510370 0.782830 -0.355948
vn -0.356654 0.881262 -0.310121
vn -0.713336 0.700822 0.000004
vn -0.297438 0.954741 -0.000000
vn -0.309104 0.950108 -0.041829
vn -0.718346 0.694441 -0.041607
vn -0.787736 0.603360 -0.124208
vn -0.453256 0.876706 -0.161077
vn -0.566680 0.784226 -0.252713
vn -0.811295 0.512740 -0.280889
vn -0.213304 0.944641 -0.249307
vn -0.137141 0.947002 -0.290481
vn -0.329767 0.709424 -0.622873
vn -0.406572 0.704966 -0.581138
vn -0.272157 0.652033 -0.707660
vn -0.101297 0.892536 -0.439453
vn -0.089602 0.776322 -0.623936
vn -0.174444 0.514684 -0.839446
vn 0.307920 0.629064 -0.713767
vn 0.128869 0.903980 -0.407692
vn 0.126341 0.949758 -0.286351
vn 0.330007 0.706786 -0.625739
vn 0.502390 0.585154 -0.636552
vn 0.374303 0.864951 -0.334300
vn 0.498893 0.783951 -0.369495
vn 0.646398 0.513339 -0.564493
vn 0.340867 0.940112 -0.000003
vn 0.741267 0.671210 -0.000004
vn 0.769781 0.635647 -0.058227
vn 0.364858 0.929312 -0.057069
vn 0.999905 0.002624 -0.013555
vn 0.999727 0.002657 -0.023214
vn 0.975840 0.206991 -0.069940
vn 0.970245 0.239874 -0.032945
vn 0.496008 -0.000833 -0.868318
vn 0.496107 -0.000685 -0.868261
vn 0.488010 -0.000712 -0.872837
vn 0.488025 -0.000950 -0.872829
vn 0.422384 0.199424 -0.884207
vn 0.444979 0.233315 -0.864614
vn 0.488144 -0.000973 -0.872763
vn 0.478317 -0.002862 -0.878183
vn -0.504848 -0.002991 -0.863203
vn -0.504916 -0.002491 -0.863165
vn -0.511663 -0.003676 -0.859179
vn -0.511645 -0.003452 -0.859190
vn 0.769781 0.635647 -0.058227
vn 0.822626 0.551042 -0.140139
vn 0.497221 0.849660 -0.175637
vn 0.364858 0.929312 -0.057069
vn 0.307920 0.629064 -0.713767
vn 0.278499 0.538548 -0.795239
vn 0.105690 0.814908 -0.569873
vn 0.128869 0.903980 -0.407692
vn -0.406572 0.704966 -0.581138
vn -0.508260 0.620421 -0.597285
vn -0.356654 0.881262 -0.310121
vn -0.213304 0.944641 -0.249307
vn -0.453256 0.876706 -0.161077
vn -0.787736 0.603360 -0.124208
vn -0.718346 0.694441 -0.041607
vn -0.309104 0.950108 -0.041829
vn -0.101297 0.892536 -0.439453
vn -0.272157 0.652033 -0.707660
vn -0.329767 0.709424 -0.622873
vn -0.137141 0.947002 -0.290481
vn 0.374303 0.864951 -0.334300
vn 0.502390 0.585154 -0.636552
vn 0.425181 0.623642 -0.655967
vn 0.229349 0.920345 -0.316803
vn 0.802279 0.514697 -0.302381
vn 0.822626 0.551042 -0.140139
vn 0.975840 0.206991 -0.069940
vn 0.938017 0.174134 -0.299670
vn 0.130547 0.513947 -0.847830
vn 0.278499 0.538548 -0.795239
vn 0.422384 0.199424 -0.884207
vn 0.202362 0.172627 -0.963976
vn -0.661942 0.511960 -0.547476
vn -0.508260 0.620421 -0.597285
vn -0.547131 0.228278 -0.805318
vn -0.729229 0.169541 -0.662933
vn -0.971519 0.236962 0.000003
vn -0.713336 0.700822 0.000004
vn -0.718346 0.694441 -0.041607
vn -0.972524 0.232734 -0.005752
vn -0.811295 0.512740 -0.280889
vn -0.946702 0.169115 -0.274145
vn -0.976748 0.210765 -0.039263
vn -0.787736 0.603360 -0.124208
vn -0.406572 0.704966 -0.581138
vn -0.329767 0.709424 -0.622873
vn -0.485471 0.256841 -0.835674
vn -0.511936 0.255226 -0.820233
vn -0.174444 0.514684 -0.839446
vn -0.241113 0.172940 -0.954964
vn -0.449498 0.235081 -0.861794
vn -0.272157 0.652033 -0.707660
vn 0.307920 0.629064 -0.713767
vn 0.330007 0.706786 -0.625739
vn 0.466908 0.258654 -0.845633
vn 0.444979 0.233315 -0.864614
vn 0.646398 0.513339 -0.564493
vn 0.710224 0.171783 -0.682695
vn 0.522575 0.207965 -0.826841
vn 0.502390 0.585154 -0.636552
vn 0.741267 0.671210 -0.000004
vn 0.964332 0.264694 -0.000000
vn 0.970245 0.239874 -0.032945
vn 0.769781 0.635647 -0.058227
vn 0.970245 0.239874 -0.032945
vn 0.975840 0.206991 -0.069940
vn 0.822626 0.551042 -0.140139
vn 0.769781 0.635647 -0.058227
vn 0.444979 0.233315 -0.864614
vn 0.422384 0.199424 -0.884207
vn 0.278499 0.538548 -0.795239
vn 0.307920 0.629064 -0.713767
vn -0.511936 0.255226 -0.820233
vn -0.547131 0.228278 -0.805318
vn -0.508260 0.620421 -0.597285
vn -0.406572 0.704966 -0.581138
vn -0.972524 0.232734 -0.005752
vn -0.718346 0.694441 -0.041607
vn -0.787736 0.603360 -0.124208
vn -0.976748 0.210765 -0.039263
vn -0.485471 0.256841 -0.835674
vn -0.329767 0.709424 -0.622873
vn -0.272157 0.652033 -0.707660
vn -0.449498 0.235081 -0.861794
vn 0.490614 0.229608 -0.840582
vn 0.425181 0.623642 -0.655967
vn 0.502390 0.585154 -0.636552
vn 0.522575 0.207965 -0.826841
vn -0.511645 -0.003452 -0.859190
vn -0.511663 -0.003676 -0.859179
vn -0.511881 -0.003873 -0.859048
vn -0.511847 -0.003464 -0.859070
vn -0.511818 -0.003469 -0.859087
vn -0.519414 -0.002648 -0.854519
vn -0.547131 0.228278 -0.805318
vn -0.511936 0.255226 -0.820233
vn -0.519414 -0.002648 -0.854519
vn -0.723078 -0.003435 -0.690758
vn -0.729229 0.169541 -0.662933
vn -0.547131 0.228278 -0.805318
vn -0.999986 -0.002606 0.004634
vn -0.976748 0.210765 -0.039263
vn -0.946702 0.169115 -0.274145
vn -0.967217 -0.003122 -0.253932
vn -0.999904 -0.001947 0.013745
vn -0.972524 0.232734 -0.005752
vn -0.976748 0.210765 -0.039263
vn -0.999986 -0.002606 0.004634
vn -0.032540 0.975742 -0.216492
vn -0.027455 0.997377 -0.066978
vn -0.012801 0.988454 -0.150982
vn -0.020218 0.927761 -0.372626
vn -0.023950 0.998504 -0.049152
vn -0.027455 0.997377 -0.066978
vn -0.032540 0.975742 -0.216492
vn -0.049711 0.993412 -0.103253
vn -0.100454 0.990239 -0.096624
vn -0.039767 0.998279 -0.043091
vn -0.023950 0.998504 -0.049152
vn -0.049711 0.993412 -0.103253
vn -0.187634 0.973107 -0.133630
vn -0.051311 0.997429 -0.050024
vn -0.039767 0.998279 -0.043091
vn -0.100454 0.990239 -0.096624
vn -0.323648 0.932029 -0.163018
vn -0.187634 0.973107 -0.133630
vn -0.356654 0.881262 -0.310121
vn -0.510370 0.782830 -0.355948
vn -0.048758 0.998758 -0.010264
vn -0.068914 0.997510 -0.014955
vn -0.188862 0.977756 -0.091239
vn -0.095460 0.995243 -0.019450
vn -0.302256 0.935443 -0.183268
vn -0.566680 0.784226 -0.252713
vn -0.453256 0.876706 -0.161077
vn -0.188862 0.977756 -0.091239
vn 0.192025 0.976070 -0.102048
vn 0.084608 0.996173 -0.021946
vn 0.364858 0.929312 -0.057069
vn 0.497221 0.849660 -0.175637
vn 0.301049 0.932413 -0.199937
vn 0.192025 0.976070 -0.102048
vn 0.497221 0.849660 -0.175637
vn 0.559671 0.783170 -0.270948
vn 0.316735 0.932028 -0.176077
vn 0.498893 0.783951 -0.369495
vn 0.374303 0.864951 -0.334300
vn 0.186464 0.973860 -0.129721
vn 0.186464 0.973860 -0.129721
vn 0.374303 0.864951 -0.334300
vn 0.229349 0.920345 -0.316803
vn 0.071756 0.994041 -0.082054
vn -0.027192 0.925500 -0.377769
vn 0.013335 0.958453 -0.284939
vn 0.105690 0.814908 -0.569873
vn 0.038457 0.773206 -0.632988
vn 0.013335 0.958453 -0.284939
vn 0.039213 0.986461 -0.159242
vn 0.128869 0.903980 -0.407692
vn 0.105690 0.814908 -0.569873
vn 0.039213 0.986461 -0.159242
vn 0.019411 0.997591 -0.066599
vn 0.026162 0.997946 -0.058478
vn 0.046194 0.992298 -0.114942
vn 0.071756 0.994041 -0.082054
vn 0.229349 0.920345 -0.316803
vn 0.126341 0.949758 -0.286351
vn 0.046194 0.992298 -0.114942
vn 0.229349 0.920345 -0.316803
vn 0.425181 0.623642 -0.655967
vn 0.330007 0.706786 -0.625739
vn 0.126341 0.949758 -0.286351
vn 0.330007 0.706786 -0.625739
vn 0.425181 0.623642 -0.655967
vn 0.490614 0.229608 -0.840582
vn 0.466908 0.258654 -0.845633
vn 0.488010 -0.000712 -0.872837
vn 0.488260 0.000000 -0.872698
vn 0.488291 -0.000666 -0.872681
vn 0.488025 -0.000950 -0.872829
vn -0.265757 -0.003292 -0.964034
vn -0.241113 0.172940 -0.954964
vn 0.202362 0.172627 -0.963976
vn 0.233003 -0.003091 -0.972471
vn 0.704476 -0.000502 -0.709728
vn 0.710224 0.171783 -0.682695
vn 0.938017 0.174134 -0.299670
vn 0.959778 0.000909 -0.280760
vn 0.498893 0.783951 -0.369495
vn 0.559671 0.783170 -0.270948
vn 0.802279 0.514697 -0.302381
vn 0.646398 0.513339 -0.564493
vn -0.661942 0.511960 -0.547476
vn -0.811295 0.512740 -0.280889
vn -0.566680 0.784226 -0.252713
vn -0.510370 0.782830 -0.355948
vn 0.130547 0.513947 -0.847830
vn -0.174444 0.514684 -0.839446
vn -0.089602 0.776322 -0.623936
vn 0.038457 0.773206 -0.632988
vn 0.646398 0.513339 -0.564493
vn 0.802279 0.514697 -0.302381
vn 0.938017 0.174134 -0.299670
vn 0.710224 0.171783 -0.682695
vn -0.174444 0.514684 -0.839446
vn 0.130547 0.513947 -0.847830
vn 0.202362 0.172627 -0.963976
vn -0.241113 0.172940 -0.954964
vn -0.729229 0.169541 -0.662933
vn -0.946702 0.169115 -0.274145
vn -0.811295 0.512740 -0.280889
vn -0.661942 0.511960 -0.547476
vn -0.967217 -0.003122 -0.253932
vn -0.946702 0.169115 -0.274145
vn -0.729229 0.169541 -0.662933
vn -0.723078 -0.003435 -0.690758
vn -0.323648 0.932029 -0.163018
vn -0.510370 0.782830 -0.355948
vn -0.566680 0.784226 -0.252713
vn -0.302256 0.935443 -0.183268
vn 0.301049 0.932413 -0.199937
vn 0.559671 0.783170 -0.270948
vn 0.498893 0.783951 -0.369495
vn 0.316735 0.932028 -0.176077
vn -0.020218 0.927761 -0.372626
vn -0.012801 0.988454 -0.150982
vn -0.007803 0.988534 -0.150796
vn -0.027192 0.925500 -0.377769
vn -0.101297 0.892536 -0.439453
vn -0.032540 0.975742 -0.216492
vn -0.020218 0.927761 -0.372626
vn -0.089602 0.776322 -0.623936
vn -0.137141 0.947002 -0.290481
vn -0.049711 0.993412 -0.103253
vn -0.032540 0.975742 -0.216492
vn -0.101297 0.892536 -0.439453
vn -0.213304 0.944641 -0.249307
vn -0.100454 0.990239 -0.096624
vn -0.049711 0.993412 -0.103253
vn -0.137141 0.947002 -0.290481
vn -0.356654 0.881262 -0.310121
vn -0.187634 0.973107 -0.133630
vn -0.100454 0.990239 -0.096624
vn -0.213304 0.944641 -0.249307
vn -0.187634 0.973107 -0.133630
vn -0.323648 0.932029 -0.163018
vn -0.126849 0.989638 -0.067273
vn -0.051311 0.997429 -0.050024
vn -0.309104 0.950108 -0.041829
vn -0.095460 0.995243 -0.019450
vn -0.188862 0.977756 -0.091239
vn -0.453256 0.876706 -0.161077
vn -0.297438 0.954741 -0.000000
vn -0.095508 0.995429 -0.000000
vn -0.095460 0.995243 -0.019450
vn -0.309104 0.950108 -0.041829
vn -0.120926 0.990637 -0.063372
vn -0.302256 0.935443 -0.183268
vn -0.188862 0.977756 -0.091239
vn -0.068914 0.997510 -0.014955
vn 0.086721 0.996233 -0.000000
vn 0.084608 0.996173 -0.021946
vn 0.059553 0.998152 -0.012113
vn 0.053197 0.998584 -0.000001
vn 0.059553 0.998152 -0.012113
vn 0.084608 0.996173 -0.021946
vn 0.192025 0.976070 -0.102048
vn 0.082290 0.996398 -0.020476
vn 0.192025 0.976070 -0.102048
vn 0.301049 0.932413 -0.199937
vn 0.128763 0.988674 -0.077099
vn 0.082290 0.996398 -0.020476
vn 0.124501 0.988976 -0.080165
vn 0.316735 0.932028 -0.176077
vn 0.186464 0.973860 -0.129721
vn 0.055223 0.996463 -0.063347
vn 0.186464 0.973860 -0.129721
vn 0.071756 0.994041 -0.082054
vn 0.037371 0.998163 -0.047693
vn 0.055223 0.996463 -0.063347
vn 0.013335 0.958453 -0.284939
vn -0.027192 0.925500 -0.377769
vn -0.007803 0.988534 -0.150796
vn 0.012657 0.995080 -0.098261
vn 0.039213 0.986461 -0.159242
vn 0.013335 0.958453 -0.284939
vn 0.012657 0.995080 -0.098261
vn 0.019411 0.997591 -0.066599
vn 0.128869 0.903980 -0.407692
vn 0.039213 0.986461 -0.159242
vn 0.046194 0.992298 -0.114942
vn 0.126341 0.949758 -0.286351
vn 0.037371 0.998163 -0.047693
vn 0.071756 0.994041 -0.082054
vn 0.046194 0.992298 -0.114942
vn 0.026162 0.997946 -0.058478
vn -0.126849 0.989638 -0.067273
vn -0.323648 0.932029 -0.163018
vn -0.302256 0.935443 -0.183268
vn -0.120926 0.990637 -0.063372
vn 0.128763 0.988674 -0.077099
vn 0.301049 0.932413 -0.199937
vn 0.316735 0.932028 -0.176077
vn 0.124501 0.988976 -0.080165
vn -0.089602 0.776322 -0.623936
vn -0.020218 0.927761 -0.372626
vn -0.027192 0.925500 -0.377769
vn 0.038457 0.773206 -0.632988
vn 0.000361 0.999991 0.004177
vn -0.023950 0.998504 -0.049152
vn -0.039767 0.998279 -0.043091
vn -0.000358 1.000000 0.000578
vn -0.003394 0.999993 -0.001262
vn 0.037371 0.998163 -0.047693
vn 0.026162 0.997946 -0.058478
vn -0.004726 0.999988 0.001385
vn 0.000000 1.000000 -0.000000
vn -0.000358 1.000000 0.000578
vn -0.039767 0.998279 -0.043091
vn -0.051311 0.997429 -0.050024
vn -0.001008 0.999993 0.003698
vn -0.027455 0.997377 -0.066978
vn -0.023950 0.998504 -0.049152
vn 0.000361 0.999991 0.004177
vn -0.003042 0.999995 -0.000472
vn 0.012657 0.995080 -0.098261
vn -0.007803 0.988534 -0.150796
vn -0.002940 0.999994 0.001981
vn -0.004726 0.999988 0.001385
vn 0.026162 0.997946 -0.058478
vn 0.019411 0.997591 -0.066599
vn -0.002956 0.999995 -0.001058
vn -0.002360 0.999995 -0.002206
vn 0.055223 0.996463 -0.063347
vn 0.037371 0.998163 -0.047693
vn -0.003394 0.999993 -0.001262
vn -0.002821 0.999993 -0.002322
vn -0.002856 0.999994 -0.002088
vn 0.082290 0.996398 -0.020476
vn 0.128763 0.988674 -0.077099
vn -0.002856 0.999994 -0.002088
vn -0.001095 0.999996 -0.002709
vn 0.059553 0.998152 -0.012113
vn 0.082290 0.996398 -0.020476
vn -0.002956 0.999995 -0.001058
vn 0.019411 0.997591 -0.066599
vn 0.012657 0.995080 -0.098261
vn -0.003042 0.999995 -0.000472
vn -0.001799 0.999998 0.000162
vn -0.012801 0.988454 -0.150982
vn -0.027455 0.997377 -0.066978
vn -0.001008 0.999993 0.003698
vn 0.000213 1.000000 -0.000521
vn 0.000000 1.000000 -0.000000
vn -0.051311 0.997429 -0.050024
vn -0.126849 0.989638 -0.067273
vn 0.001658 0.999998 -0.001234
vn -0.068914 0.997510 -0.014955
vn -0.048758 0.998758 -0.010264
vn 0.000901 0.999998 -0.002027
vn -0.002510 0.999993 -0.002819
vn 0.124501 0.988976 -0.080165
vn 0.055223 0.996463 -0.063347
vn -0.002360 0.999995 -0.002206
vn -0.001095 0.999996 -0.002709
vn -0.000042 1.000000 -0.000002
vn 0.053197 0.998584 -0.000001
vn 0.059553 0.998152 -0.012113
vn 0.000853 0.999999 -0.000658
vn -0.120926 0.990637 -0.063372
vn -0.068914 0.997510 -0.014955
vn 0.001658 0.999998 -0.001234
vn -0.002510 0.999993 -0.002819
vn -0.002821 0.999993 -0.002322
vn 0.128763 0.988674 -0.077099
vn 0.124501 0.988976 -0.080165
vn 0.000213 1.000000 -0.000521
vn -0.126849 0.989638 -0.067273
vn -0.120926 0.990637 -0.063372
vn 0.000853 0.999999 -0.000658
vn -0.002940 0.999994 0.001981
vn -0.007803 0.988534 -0.150796
vn -0.012801 0.988454 -0.150982
vn -0.001799 0.999998 0.000162
vn 0.493202 0.000000 0.869915
vn 0.466494 0.347813 0.813271
vn 0.581069 0.384304 0.717404
vn 0.629631 0.000000 0.776895
vn -0.598928 0.000000 0.800803
vn -0.553079 0.378894 0.741986
vn -0.421810 0.389885 0.818576
vn -0.458633 0.000000 0.888626
vn 0.629631 0.000000 0.776895
vn 0.581069 0.384304 0.717404
vn 0.694433 0.355100 0.625833
vn 0.748883 0.000000 0.662702
vn 0.342982 0.000000 0.939342
vn 0.334535 0.263951 0.904664
vn 0.466494 0.347813 0.813271
vn 0.493202 0.000000 0.869915
vn -0.145502 0.000000 0.989358
vn -0.134711 0.390302 0.910778
vn 0.025740 0.373711 0.927188
vn 0.019284 0.000000 0.999814
vn -0.458633 0.000000 0.888626
vn -0.421810 0.389885 0.818576
vn -0.282051 0.390028 0.876542
vn -0.305929 0.000000 0.952054
vn -0.722566 0.000000 0.691301
vn -0.671885 0.359333 0.647650
vn -0.553079 0.378894 0.741986
vn -0.598928 0.000000 0.800803
vn -0.964470 0.000000 0.264191
vn -0.915722 0.323869 0.237827
vn -0.850022 0.361916 0.382727
vn -0.907639 0.000000 0.419753
vn -0.994817 0.000000 0.101681
vn -0.922741 0.374931 0.089305
vn -0.915722 0.323869 0.237827
vn -0.964470 0.000000 0.264191
vn -0.305929 0.000000 0.952054
vn -0.282051 0.390028 0.876542
vn -0.134711 0.390302 0.910778
vn -0.145502 0.000000 0.989358
vn 0.183813 0.000000 0.982961
vn 0.187483 0.285445 0.939878
vn 0.334535 0.263951 0.904664
vn 0.342982 0.000000 0.939342
vn 0.748883 0.000000 0.662702
vn 0.694433 0.355100 0.625833
vn 0.782171 0.382045 0.492188
vn 0.847595 0.000000 0.530643
vn 0.974016 0.000000 0.226481
vn 0.922516 0.324483 0.208984
vn 0.926614 0.372381 0.052139
vn 0.998019 0.000000 0.062908
vn -0.826233 0.000000 0.563329
vn -0.761763 0.382005 0.523249
vn -0.671885 0.359333 0.647650
vn -0.722566 0.000000 0.691301
vn -0.994817 0.000000 0.101681
vn -1.000000 0.000000 0.000014
vn -0.941130 0.338046 0.000012
vn -0.922741 0.374931 0.089305
vn 0.923398 0.000000 0.383843
vn 0.868021 0.351005 0.351189
vn 0.922516 0.324483 0.208984
vn 0.974016 0.000000 0.226481
vn -0.907639 0.000000 0.419753
vn -0.850022 0.361916 0.382727
vn -0.761763 0.382005 0.523249
vn -0.826233 0.000000 0.563329
vn 0.847595 0.000000 0.530643
vn 0.782171 0.382045 0.492188
vn 0.868021 0.351005 0.351189
vn 0.923398 0.000000 0.383843
vn 0.019284 0.000000 0.999814
vn 0.025740 0.373711 0.927188
vn 0.187483 0.285445 0.939878
vn 0.183813 0.000000 0.982961
vn 0.466494 0.347813 0.813271
vn 0.189821 0.913553 0.359707
vn 0.234419 0.930290 0.282149
vn 0.581069 0.384304 0.717404
vn -0.553079 0.378894 0.741986
vn -0.231537 0.926906 0.295357
vn -0.174605 0.929267 0.325541
vn -0.421810 0.389885 0.818576
vn 0.581069 0.384304 0.717404
vn 0.234419 0.930290 0.282149
vn 0.299153 0.919101 0.256439
vn 0.694433 0.355100 0.625833
vn 0.334535 0.263951 0.904664
vn 0.143408 0.878869 0.454998
vn 0.189821 0.913553 0.359707
vn 0.466494 0.347813 0.813271
vn -0.134711 0.390302 0.910778
vn -0.055732 0.931175 0.360286
vn 0.003844 0.926342 0.376664
vn 0.025740 0.373711 0.927188
vn -0.421810 0.389885 0.818576
vn -0.174605 0.929267 0.325541
vn -0.115683 0.930996 0.346213
vn -0.282051 0.390028 0.876542
vn -0.671885 0.359333 0.647650
vn -0.291065 0.920145 0.261944
vn -0.231537 0.926906 0.295357
vn -0.553079 0.378894 0.741986
vn -0.915722 0.323869 0.237827
vn -0.402492 0.907898 0.117137
vn -0.352798 0.921008 0.165161
vn -0.850022 0.361916 0.382727
vn -0.922741 0.374931 0.089305
vn -0.367156 0.929275 0.040563
vn -0.402492 0.907898 0.117137
vn -0.915722 0.323869 0.237827
vn -0.282051 0.390028 0.876542
vn -0.115683 0.930996 0.346213
vn -0.055732 0.931175 0.360286
vn -0.134711 0.390302 0.910778
vn 0.187483 0.285445 0.939878
vn 0.067895 0.894396 0.442092
vn 0.143408 0.878869 0.454998
vn 0.334535 0.263951 0.904664
vn 0.694433 0.355100 0.625833
vn 0.299153 0.919101 0.256439
vn 0.316113 0.929178 0.191574
vn 0.782171 0.382045 0.492188
vn 0.922516 0.324483 0.208984
vn 0.409879 0.905768 0.107623
vn 0.379050 0.924971 0.027400
vn 0.926614 0.372381 0.052139
vn -0.761763 0.382005 0.523249
vn -0.309748 0.928815 0.203367
vn -0.291065 0.920145 0.261944
vn -0.671885 0.359333 0.647650
vn -0.922741 0.374931 0.089305
vn -0.941130 0.338046 0.000012
vn -0.423676 0.905814 0.000003
vn -0.367156 0.929275 0.040563
vn 0.868021 0.351005 0.351189
vn 0.363495 0.918125 0.157851
vn 0.409879 0.905768 0.107623
vn 0.922516 0.324483 0.208984
vn -0.850022 0.361916 0.382727
vn -0.352798 0.921008 0.165161
vn -0.309748 0.928815 0.203367
vn -0.761763 0.382005 0.523249
vn 0.782171 0.382045 0.492188
vn 0.316113 0.929178 0.191574
vn 0.363495 0.918125 0.157851
vn 0.868021 0.351005 0.351189
vn 0.025740 0.373711 0.927188
vn 0.003844 0.926342 0.376664
vn 0.067895 0.894396 0.442092
vn 0.187483 0.285445 0.939878
vn 0.466908 0.258654 -0.845633
vn 0.488095 -0.000865 -0.872790
vn 0.488144 -0.000973 -0.872763
vn 0.444979 0.233315 -0.864614
vn -0.241113 0.172940 -0.954964
vn -0.265757 -0.003292 -0.964034
vn -0.504986 -0.003298 -0.863121
vn -0.449498 0.235081 -0.861794
vn 0.478317 -0.002862 -0.878183
vn 0.233003 -0.003091 -0.972471
vn 0.202362 0.172627 -0.963976
vn 0.422384 0.199424 -0.884207
vn 0.710224 0.171783 -0.682695
vn 0.704476 -0.000502 -0.709728
vn 0.496028 -0.001430 -0.868306
vn 0.522575 0.207965 -0.826841
vn 0.999727 0.002657 -0.023214
vn 0.959778 0.000909 -0.280760
vn 0.938017 0.174134 -0.299670
vn 0.975840 0.206991 -0.069940
vn 0.999727 0.002657 -0.023214
vn 0.999905 0.002624 -0.013555
vn 0.999904 0.002767 -0.013599
vn 0.999717 0.002759 -0.023616
vn 0.522575 0.207965 -0.826841
vn 0.496028 -0.001430 -0.868306
vn 0.488063 -0.001017 -0.872808
vn 0.490614 0.229608 -0.840582
vn 0.480017 -0.002924 -0.877255
vn 0.478317 -0.002862 -0.878183
vn 0.488144 -0.000973 -0.872763
vn 0.488157 -0.000858 -0.872755
vn -0.449498 0.235081 -0.861794
vn -0.504986 -0.003298 -0.863121
vn -0.511771 -0.003547 -0.859115
vn -0.485471 0.256841 -0.835674
vn -0.511771 -0.003547 -0.859115
vn -0.511818 -0.003469 -0.859087
vn -0.511936 0.255226 -0.820233
vn -0.485471 0.256841 -0.835674
vn -0.519414 -0.002648 -0.854519
vn -0.511818 -0.003469 -0.859087
vn -0.511847 -0.003464 -0.859070
vn -0.519580 -0.003666 -0.854414
vn -0.723078 -0.003435 -0.690758
vn -0.519414 -0.002648 -0.854519
vn -0.519580 -0.003666 -0.854414
vn -0.723563 -0.004413 -0.690244
vn -0.999986 -0.002884 0.004476
vn -0.999986 -0.002606 0.004634
vn -0.967217 -0.003122 -0.253932
vn -0.967242 -0.003701 -0.253829
vn -0.999905 -0.002584 0.013556
vn -0.999904 -0.001947 0.013745
vn -0.999986 -0.002606 0.004634
vn -0.999986 -0.002884 0.004476
vn 0.490614 0.229608 -0.840582
vn 0.488063 -0.001017 -0.872808
vn 0.488095 -0.000865 -0.872790
vn 0.466908 0.258654 -0.845633
vn -0.265757 -0.003292 -0.964034
vn 0.233003 -0.003091 -0.972471
vn 0.235151 -0.002751 -0.971955
vn -0.265292 -0.003278 -0.964162
vn 0.704476 -0.000502 -0.709728
vn 0.959778 0.000909 -0.280760
vn 0.959296 0.000592 -0.282404
vn 0.703648 -0.000870 -0.710548
vn -0.967217 -0.003122 -0.253932
vn -0.723078 -0.003435 -0.690758
vn -0.723563 -0.004413 -0.690244
vn -0.967242 -0.003701 -0.253829
vn 0.488095 -0.000865 -0.872790
vn 0.488291 -0.000666 -0.872681
vn 0.488157 -0.000858 -0.872755
vn 0.488144 -0.000973 -0.872763
vn -0.265757 -0.003292 -0.964034
vn -0.265292 -0.003278 -0.964162
vn -0.504848 -0.002991 -0.863203
vn -0.504986 -0.003298 -0.863121
vn 0.478317 -0.002862 -0.878183
vn 0.480017 -0.002924 -0.877255
vn 0.235151 -0.002751 -0.971955
vn 0.233003 -0.003091 -0.972471
vn 0.704476 -0.000502 -0.709728
vn 0.703648 -0.000870 -0.710548
vn 0.496008 -0.000833 -0.868318
vn 0.496028 -0.001430 -0.868306
vn 0.999717 0.002759 -0.023616
vn 0.959296 0.000592 -0.282404
vn 0.959778 0.000909 -0.280760
vn 0.999727 0.002657 -0.023214
vn 0.496028 -0.001430 -0.868306
vn 0.496008 -0.000833 -0.868318
vn 0.488025 -0.000950 -0.872829
vn 0.488063 -0.001017 -0.872808
vn -0.504986 -0.003298 -0.863121
vn -0.504848 -0.002991 -0.863203
vn -0.511645 -0.003452 -0.859190
vn -0.511771 -0.003547 -0.859115
vn -0.511645 -0.003452 -0.859190
vn -0.511847 -0.003464 -0.859070
vn -0.511818 -0.003469 -0.859087
vn -0.511771 -0.003547 -0.859115
vn 0.488063 -0.001017 -0.872808
vn 0.488025 -0.000950 -0.872829
vn 0.488291 -0.000666 -0.872681
vn 0.488095 -0.000865 -0.872790
vn 0.999717 0.002759 -0.023616
vn 0.999904 0.002767 -0.013599
vn 0.999901 0.003453 -0.013624
vn 0.999711 0.003626 -0.023768
vn 0.481266 -0.002737 -0.876570
vn 0.480017 -0.002924 -0.877255
vn 0.488157 -0.000858 -0.872755
vn 0.488059 -0.000514 -0.872810
vn -0.519580 -0.003666 -0.854414
vn -0.511847 -0.003464 -0.859070
vn -0.511881 -0.003873 -0.859048
vn -0.519632 -0.004063 -0.854381
vn -0.723563 -0.004413 -0.690244
vn -0.519580 -0.003666 -0.854414
vn -0.519632 -0.004063 -0.854381
vn -0.722887 -0.004430 -0.690952
vn -0.999984 -0.003566 0.004382
vn -0.999986 -0.002884 0.004476
vn -0.967242 -0.003701 -0.253829
vn -0.967209 -0.003284 -0.253959
vn -0.999908 -0.003460 0.013092
vn -0.999905 -0.002584 0.013556
vn -0.999986 -0.002884 0.004476
vn -0.999984 -0.003566 0.004382
vn -0.265292 -0.003278 -0.964162
vn 0.235151 -0.002751 -0.971955
vn 0.235946 -0.001932 -0.971764
vn -0.264891 -0.002732 -0.964274
vn 0.703648 -0.000870 -0.710548
vn 0.959296 0.000592 -0.282404
vn 0.959763 0.001301 -0.280808
vn 0.704940 -0.000009 -0.709267
vn -0.967242 -0.003701 -0.253829
vn -0.723563 -0.004413 -0.690244
vn -0.722887 -0.004430 -0.690952
vn -0.967209 -0.003284 -0.253959
vn 0.189821 0.913553 0.359707
vn 0.000361 0.999991 0.004177
vn -0.000358 1.000000 0.000578
vn 0.234419 0.930290 0.282149
vn -0.231537 0.926906 0.295357
vn -0.003394 0.999993 -0.001262
vn -0.004726 0.999988 0.001385
vn -0.174605 0.929267 0.325541
vn -0.000358 1.000000 0.000578
vn 0.000000 1.000000 -0.000000
vn 0.299153 0.919101 0.256439
vn 0.234419 0.930290 0.282149
vn 0.143408 0.878869 0.454998
vn -0.001008 0.999993 0.003698
vn 0.000361 0.999991 0.004177
vn 0.189821 0.913553 0.359707
vn -0.055732 0.931175 0.360286
vn -0.003042 0.999995 -0.000472
vn -0.002940 0.999994 0.001981
vn 0.003844 0.926342 0.376664
vn -0.174605 0.929267 0.325541
vn -0.004726 0.999988 0.001385
vn -0.002956 0.999995 -0.001058
vn -0.115683 0.930996 0.346213
vn -0.291065 0.920145 0.261944
vn -0.002360 0.999995 -0.002206
vn -0.003394 0.999993 -0.001262
vn -0.231537 0.926906 0.295357
vn -0.002856 0.999994 -0.002088
vn -0.002821 0.999993 -0.002322
vn -0.352798 0.921008 0.165161
vn -0.402492 0.907898 0.117137
vn -0.001095 0.999996 -0.002709
vn -0.002856 0.999994 -0.002088
vn -0.402492 0.907898 0.117137
vn -0.367156 0.929275 0.040563
vn -0.115683 0.930996 0.346213
vn -0.002956 0.999995 -0.001058
vn -0.003042 0.999995 -0.000472
vn -0.055732 0.931175 0.360286
vn 0.067895 0.894396 0.442092
vn -0.001799 0.999998 0.000162
vn -0.001008 0.999993 0.003698
vn 0.143408 0.878869 0.454998
vn 0.000000 1.000000 -0.000000
vn 0.000213 1.000000 -0.000521
vn 0.316113 0.929178 0.191574
vn 0.299153 0.919101 0.256439
vn 0.409879 0.905768 0.107623
vn 0.001658 0.999998 -0.001234
vn 0.000901 0.999998 -0.002027
vn 0.379050 0.924971 0.027400
vn -0.309748 0.928815 0.203367
vn -0.002510 0.999993 -0.002819
vn -0.002360 0.999995 -0.002206
vn -0.291065 0.920145 0.261944
vn -0.367156 0.929275 0.040563
vn -0.423676 0.905814 0.000003
vn -0.000042 1.000000 -0.000002
vn -0.001095 0.999996 -0.002709
vn 0.363495 0.918125 0.157851
vn 0.000853 0.999999 -0.000658
vn 0.001658 0.999998 -0.001234
vn 0.409879 0.905768 0.107623
vn -0.002821 0.999993 -0.002322
vn -0.002510 0.999993 -0.002819
vn -0.309748 0.928815 0.203367
vn -0.352798 0.921008 0.165161
vn 0.316113 0.929178 0.191574
vn 0.000213 1.000000 -0.000521
vn 0.000853 0.999999 -0.000658
vn 0.363495 0.918125 0.157851
vn 0.003844 0.926342 0.376664
vn -0.002940 0.999994 0.001981
vn -0.001799 0.999998 0.000162
vn 0.067895 0.894396 0.442092
vn 0.493202 0.000000 0.869915
vn 0.629631 0.000000 0.776895
vn 0.629648 0.000000 0.776880
vn 0.493262 0.000000 0.869881
vn -0.598928 0.000000 0.800803
vn -0.458633 0.000000 0.888626
vn -0.458468 0.000000 0.888711
vn -0.598779 0.000000 0.800914
vn 0.629631 0.000000 0.776895
vn 0.748883 0.000000 0.662702
vn 0.748883 0.000000 0.662702
vn 0.629648 0.000000 0.776880
vn 0.342982 0.000000 0.939342
vn 0.493202 0.000000 0.869915
vn 0.493262 0.000000 0.869881
vn 0.343069 0.000000 0.939310
vn -0.145502 0.000000 0.989358
vn 0.019284 0.000000 0.999814
vn 0.019448 0.000000 0.999811
vn -0.145321 0.000000 0.989385
vn -0.458633 0.000000 0.888626
vn -0.305929 0.000000 0.952054
vn -0.305752 0.000000 0.952111
vn -0.458468 0.000000 0.888711
vn -0.722566 0.000000 0.691301
vn -0.598928 0.000000 0.800803
vn -0.598779 0.000000 0.800914
vn -0.722439 0.000000 0.691434
vn -0.964470 0.000000 0.264191
vn -0.907639 0.000000 0.419753
vn -0.907561 0.000000 0.419920
vn -0.964427 0.000000 0.264348
vn -0.994817 0.000000 0.101681
vn -0.964470 0.000000 0.264191
vn -0.964427 0.000000 0.264348
vn -0.994803 0.000000 0.101823
vn -0.305929 0.000000 0.952054
vn -0.145502 0.000000 0.989358
vn -0.145321 0.000000 0.989385
vn -0.305752 0.000000 0.952111
vn 0.183813 0.000000 0.982961
vn 0.342982 0.000000 0.939342
vn 0.343069 0.000000 0.939310
vn 0.183926 0.000000 0.982940
vn 0.748883 0.000000 0.662702
vn 0.847595 0.000000 0.530643
vn 0.847583 0.000000 0.530662
vn 0.748883 0.000000 0.662702
vn 0.974016 0.000000 0.226481
vn 0.998019 0.000000 0.062908
vn 0.998011 0.000000 0.063037
vn 0.973995 0.000000 0.226570
vn -0.826233 0.000000 0.563329
vn -0.722566 0.000000 0.691301
vn -0.722439 0.000000 0.691434
vn -0.826129 0.000000 0.563482
vn -1.000000 0.000000 0.000014
vn -1.000000 0.000000 0.000014
vn -0.994817 0.000000 0.101681
vn -0.994803 0.000000 0.101823
vn 0.923398 0.000000 0.383843
vn 0.974016 0.000000 0.226481
vn 0.973995 0.000000 0.226570
vn 0.923381 0.000000 0.383885
vn -0.907639 0.000000 0.419753
vn -0.826233 0.000000 0.563329
vn -0.826129 0.000000 0.563482
vn -0.907561 0.000000 0.419920
vn 0.847595 0.000000 0.530643
vn 0.923398 0.000000 0.383843
vn 0.923381 0.000000 0.383885
vn 0.847583 0.000000 0.530662
vn 0.019284 0.000000 0.999814
vn 0.183813 0.000000 0.982961
vn 0.183926 0.000000 0.982940
vn 0.019448 0.000000 0.999811
vn 0.000189 -1.000000 -0.000006
vn -0.077238 -0.978275 -0.192388
vn -0.000017 -0.979557 -0.201166
vn 0.075916 -0.978438 -0.192082
vn 0.212580 -0.837670 -0.503108
vn 0.075916 -0.978438 -0.192082
vn -0.000017 -0.979557 -0.201166
vn -0.000014 -0.846831 -0.531861
vn 0.320497 -0.549671 -0.771455
vn 0.212580 -0.837670 -0.503108
vn -0.000014 -0.846831 -0.531861
vn -0.000020 -0.522612 -0.852571
vn 0.342877 -0.248024 -0.906046
vn 0.320497 -0.549671 -0.771455
vn -0.000020 -0.522612 -0.852571
vn -0.000016 -0.205064 -0.978749
vn 0.290733 -0.139203 -0.946624
vn 0.342877 -0.248024 -0.906046
vn -0.000016 -0.205064 -0.978749
vn -0.000018 -0.160310 -0.987067
vn 0.308257 -0.021644 -0.951057
vn 0.290733 -0.139203 -0.946624
vn -0.000018 -0.160310 -0.987067
vn -0.000018 -0.022727 -0.999742
vn 0.354230 0.162332 -0.920961
vn 0.308257 -0.021644 -0.951057
vn -0.000018 -0.022727 -0.999742
vn -0.000019 0.121083 -0.992642
vn 0.457998 0.104552 -0.882783
vn 0.354230 0.162332 -0.920961
vn -0.000019 0.121083 -0.992642
vn -0.000019 0.108893 -0.994053
vn 0.457998 0.104552 -0.882783
vn -0.000019 0.108893 -0.994053
vn -0.000044 0.052680 -0.998611
vn 0.431491 0.033043 -0.901512
vn 0.000000 1.000000 -0.000000
vn 0.000000 1.000000 -0.000000
vn 0.000000 1.000000 -0.000000
vn 0.000000 1.000000 -0.000000
vn 0.138059 -0.979487 -0.146783
vn 0.166852 -0.983305 -0.072603
vn 0.000189 -1.000000 -0.000006
vn 0.075916 -0.978438 -0.192082
vn 0.138059 -0.979487 -0.146783
vn 0.075916 -0.978438 -0.192082
vn 0.212580 -0.837670 -0.503108
vn 0.336167 -0.860468 -0.382867
vn 0.336167 -0.860468 -0.382867
vn 0.212580 -0.837670 -0.503108
vn 0.320497 -0.549671 -0.771455
vn 0.534762 -0.569451 -0.624304
vn 0.534762 -0.569451 -0.624304
vn 0.320497 -0.549671 -0.771455
vn 0.342877 -0.248024 -0.906046
vn 0.566908 -0.375471 -0.733237
vn 0.458026 -0.212277 -0.863221
vn 0.566908 -0.375471 -0.733237
vn 0.342877 -0.248024 -0.906046
vn 0.290733 -0.139203 -0.946624
vn 0.427808 0.021115 -0.903623
vn 0.458026 -0.212277 -0.863221
vn 0.290733 -0.139203 -0.946624
vn 0.308257 -0.021644 -0.951057
vn 0.392760 0.411548 -0.822416
vn 0.427808 0.021115 -0.903623
vn 0.308257 -0.021644 -0.951057
vn 0.354230 0.162332 -0.920961
vn 0.584640 0.327660 -0.742183
vn 0.392760 0.411548 -0.822416
vn 0.354230 0.162332 -0.920961
vn 0.457998 0.104552 -0.882783
vn 0.737147 -0.017788 -0.675498
vn 0.584640 0.327660 -0.742183
vn 0.457998 0.104552 -0.882783
vn 0.431491 0.033043 -0.901512
vn 0.000000 1.000000 -0.000000
vn 0.000000 1.000000 -0.000000
vn 0.000000 1.000000 -0.000000
vn 0.000000 1.000000 -0.000000
vn 0.410675 -0.888735 -0.203707
vn 0.166852 -0.983305 -0.072603
vn 0.138059 -0.979487 -0.146783
vn 0.336167 -0.860468 -0.382867
vn 0.647284 -0.694879 -0.313315
vn 0.410675 -0.888735 -0.203707
vn 0.336167 -0.860468 -0.382867
vn 0.534762 -0.569451 -0.624304
vn 0.684624 -0.601877 -0.411137
vn 0.647284 -0.694879 -0.313315
vn 0.534762 -0.569451 -0.624304
vn 0.566908 -0.375471 -0.733237
vn 0.769865 0.374266 -0.516945
vn 0.584640 0.327660 -0.742183
vn 0.737147 -0.017788 -0.675498
vn 0.908613 0.033896 -0.416262
vn 0.000000 1.000000 -0.000000
vn 0.000000 1.000000 -0.000000
vn 0.000000 1.000000 -0.000000
vn -0.001221 0.999995 0.002995
vn 0.431156 -0.902278 -0.000009
vn 0.174065 -0.984734 -0.000009
vn 0.166852 -0.983305 -0.072603
vn 0.410675 -0.888735 -0.203707
vn 0.431156 -0.902278 -0.000009
vn 0.410675 -0.888735 -0.203707
vn 0.647284 -0.694879 -0.313315
vn 0.680368 -0.732870 -0.000009
vn 0.684624 -0.601877 -0.411137
vn 0.718188 -0.695849 -0.000026
vn 0.680368 -0.732870 -0.000009
vn 0.647284 -0.694879 -0.313315
vn 0.880445 0.474149 -0.000019
vn 0.769865 0.374266 -0.516945
vn 0.908613 0.033896 -0.416262
vn 0.998738 0.050222 -0.000022
vn -0.019049 0.999819 0.000000
vn 0.000000 1.000000 -0.000000
vn 0.000000 1.000000 -0.000000
vn -0.001221 0.999995 0.002995
vn -0.527971 -0.842733 0.105109
vn -0.527971 -0.842733 0.105109
vn -0.527971 -0.842733 0.105109
vn 0.566908 -0.375471 -0.733237
vn 0.458026 -0.212277 -0.863221
vn 0.383324 -0.268496 -0.883726
vn 0.439892 -0.540962 -0.716837
vn 0.684624 -0.601877 -0.411137
vn 0.566908 -0.375471 -0.733237
vn 0.439892 -0.540962 -0.716837
vn 0.475838 -0.789954 -0.386717
vn 0.718188 -0.695849 -0.000026
vn 0.684624 -0.601877 -0.411137
vn 0.475838 -0.789954 -0.386717
vn 0.472943 -0.881093 -0.000030
vn 0.346869 0.613678 -0.709283
vn 0.584640 0.327660 -0.742183
vn 0.769865 0.374266 -0.516945
vn 0.498295 0.722779 -0.478845
vn 0.392760 0.411548 -0.822416
vn 0.584640 0.327660 -0.742183
vn 0.346869 0.613678 -0.709283
vn 0.352844 0.441371 -0.825041
vn 0.381671 0.029373 -0.923832
vn 0.427808 0.021115 -0.903623
vn 0.392760 0.411548 -0.822416
vn 0.352844 0.441371 -0.825041
vn 0.383324 -0.268496 -0.883726
vn 0.458026 -0.212277 -0.863221
vn 0.427808 0.021115 -0.903623
vn 0.381671 0.029373 -0.923832
vn 0.170443 -0.661463 -0.730353
vn 0.176219 -0.312691 -0.933366
vn 0.042138 -0.290232 -0.956028
vn 0.045163 -0.687417 -0.724857
vn 0.150204 -0.908655 -0.389595
vn 0.170443 -0.661463 -0.730353
vn 0.045163 -0.687417 -0.724857
vn 0.042131 -0.921787 -0.385401
vn 0.141726 -0.989906 -0.000031
vn 0.150204 -0.908655 -0.389595
vn 0.042131 -0.921787 -0.385401
vn 0.036511 -0.999333 -0.000033
vn 0.180994 0.666163 -0.723511
vn 0.229512 0.875606 -0.425016
vn 0.077098 0.898426 -0.432303
vn 0.076983 0.674258 -0.734473
vn 0.219848 0.393856 -0.892493
vn 0.180994 0.666163 -0.723511
vn 0.076983 0.674258 -0.734473
vn 0.078563 0.384634 -0.919720
vn 0.207960 0.040988 -0.977278
vn 0.219848 0.393856 -0.892493
vn 0.078563 0.384634 -0.919720
vn 0.066875 0.069086 -0.995367
vn 0.176219 -0.312691 -0.933366
vn 0.207960 0.040988 -0.977278
vn 0.066875 0.069086 -0.995367
vn 0.042138 -0.290232 -0.956028
vn 0.051367 -0.687006 -0.724834
vn 0.045163 -0.687417 -0.724857
vn 0.042138 -0.290232 -0.956028
vn 0.050187 -0.291531 -0.955244
vn 0.051023 -0.920279 -0.387921
vn 0.042131 -0.921787 -0.385401
vn 0.045163 -0.687417 -0.724857
vn 0.051367 -0.687006 -0.724834
vn 0.049295 0.675530 -0.735683
vn 0.076983 0.674258 -0.734473
vn 0.077098 0.898426 -0.432303
vn 0.049514 0.899949 -0.433174
vn 0.049716 0.384286 -0.921874
vn 0.078563 0.384634 -0.919720
vn 0.076983 0.674258 -0.734473
vn 0.049295 0.675530 -0.735683
vn 0.048635 0.080921 -0.995533
vn 0.066875 0.069086 -0.995367
vn 0.078563 0.384634 -0.919720
vn 0.049716 0.384286 -0.921874
vn 0.050187 -0.291531 -0.955244
vn 0.042138 -0.290232 -0.956028
vn 0.066875 0.069086 -0.995367
vn 0.048635 0.080921 -0.995533
vn 0.176219 -0.312691 -0.933366
vn 0.170443 -0.661463 -0.730353
vn 0.439892 -0.540962 -0.716837
vn 0.383324 -0.268496 -0.883726
vn 0.170443 -0.661463 -0.730353
vn 0.150204 -0.908655 -0.389595
vn 0.475838 -0.789954 -0.386717
vn 0.439892 -0.540962 -0.716837
vn 0.180994 0.666163 -0.723511
vn 0.346869 0.613678 -0.709283
vn 0.498295 0.722779 -0.478845
vn 0.229512 0.875606 -0.425016
vn 0.180994 0.666163 -0.723511
vn 0.219848 0.393856 -0.892493
vn 0.352844 0.441371 -0.825041
vn 0.346869 0.613678 -0.709283
vn 0.207960 0.040988 -0.977278
vn 0.381671 0.029373 -0.923832
vn 0.352844 0.441371 -0.825041
vn 0.219848 0.393856 -0.892493
vn 0.176219 -0.312691 -0.933366
vn 0.383324 -0.268496 -0.883726
vn 0.381671 0.029373 -0.923832
vn 0.207960 0.040988 -0.977278
vn -0.198437 -0.842758 -0.500382
vn -0.000014 -0.846831 -0.531861
vn -0.000017 -0.979557 -0.201166
vn -0.077238 -0.978275 -0.192388
vn -0.325540 -0.537430 -0.777941
vn -0.000020 -0.522612 -0.852571
vn -0.000014 -0.846831 -0.531861
vn -0.198437 -0.842758 -0.500382
vn -0.348047 -0.254350 -0.902313
vn -0.000016 -0.205064 -0.978749
vn -0.000020 -0.522612 -0.852571
vn -0.325540 -0.537430 -0.777941
vn -0.290751 -0.139203 -0.946618
vn -0.000018 -0.160310 -0.987067
vn -0.000016 -0.205064 -0.978749
vn -0.348047 -0.254350 -0.902313
vn -0.308274 -0.021644 -0.951051
vn -0.000018 -0.022727 -0.999742
vn -0.000018 -0.160310 -0.987067
vn -0.290751 -0.139203 -0.946618
vn -0.354247 0.162331 -0.920955
vn -0.000019 0.121083 -0.992642
vn -0.000018 -0.022727 -0.999742
vn -0.308274 -0.021644 -0.951051
vn -0.458016 0.104551 -0.882775
vn -0.000019 0.108893 -0.994053
vn -0.000019 0.121083 -0.992642
vn -0.354247 0.162331 -0.920955
vn -0.000044 0.052680 -0.998611
vn -0.000019 0.108893 -0.994053
vn -0.458016 0.104551 -0.882775
vn -0.431488 0.033066 -0.901513
vn 0.000000 1.000000 -0.000000
vn 0.000000 1.000000 -0.000000
vn 0.000000 1.000000 -0.000000
vn 0.000000 1.000000 -0.000000
vn -0.344542 -0.865850 -0.362759
vn -0.198437 -0.842758 -0.500382
vn -0.077238 -0.978275 -0.192388
vn -0.146180 -0.978259 -0.147108
vn -0.539230 -0.558791 -0.630066
vn -0.325540 -0.537430 -0.777941
vn -0.198437 -0.842758 -0.500382
vn -0.344542 -0.865850 -0.362759
vn -0.558710 -0.381272 -0.736529
vn -0.348047 -0.254350 -0.902313
vn -0.325540 -0.537430 -0.777941
vn -0.539230 -0.558791 -0.630066
vn -0.455070 -0.212030 -0.864844
vn -0.290751 -0.139203 -0.946618
vn -0.348047 -0.254350 -0.902313
vn -0.558710 -0.381272 -0.736529
vn -0.427189 0.021723 -0.903901
vn -0.308274 -0.021644 -0.951051
vn -0.290751 -0.139203 -0.946618
vn -0.455070 -0.212030 -0.864844
vn -0.392732 0.411552 -0.822427
vn -0.354247 0.162331 -0.920955
vn -0.308274 -0.021644 -0.951051
vn -0.427189 0.021723 -0.903901
vn -0.584640 0.327660 -0.742183
vn -0.458016 0.104551 -0.882775
vn -0.354247 0.162331 -0.920955
vn -0.392732 0.411552 -0.822427
vn -0.737147 -0.017788 -0.675498
vn -0.431488 0.033066 -0.901513
vn -0.458016 0.104551 -0.882775
vn -0.584640 0.327660 -0.742183
vn 0.000000 1.000000 -0.000000
vn 0.000000 1.000000 -0.000000
vn 0.000000 1.000000 -0.000000
vn 0.000000 1.000000 -0.000000
vn -0.344542 -0.865850 -0.362759
vn -0.146180 -0.978259 -0.147108
vn -0.172779 -0.981788 -0.078996
vn -0.407741 -0.888346 -0.211159
vn -0.539230 -0.558791 -0.630066
vn -0.344542 -0.865850 -0.362759
vn -0.407741 -0.888346 -0.211159
vn -0.643730 -0.697109 -0.315676
vn -0.679100 -0.607658 -0.411795
vn -0.558710 -0.381272 -0.736529
vn -0.539230 -0.558791 -0.630066
vn -0.643730 -0.697109 -0.315676
vn -0.737147 -0.017788 -0.675498
vn -0.584640 0.327660 -0.742183
vn -0.769865 0.374266 -0.516945
vn -0.908613 0.033896 -0.416262
vn 0.000000 1.000000 -0.000000
vn 0.000000 1.000000 -0.000000
vn 0.000000 1.000000 -0.000000
vn 0.000000 1.000000 -0.000000
vn -0.369434 -0.268565 -0.889602
vn -0.455070 -0.212030 -0.864844
vn -0.558710 -0.381272 -0.736529
vn -0.405990 -0.555191 -0.725903
vn -0.405990 -0.555191 -0.725903
vn -0.558710 -0.381272 -0.736529
vn -0.679100 -0.607658 -0.411795
vn -0.401257 -0.827137 -0.393493
vn -0.346863 0.613703 -0.709263
vn -0.498295 0.722779 -0.478845
vn -0.769865 0.374266 -0.516945
vn -0.584640 0.327660 -0.742183
vn -0.346863 0.613703 -0.709263
vn -0.584640 0.327660 -0.742183
vn -0.392732 0.411552 -0.822427
vn -0.352700 0.441462 -0.825054
vn -0.379786 0.032443 -0.924505
vn -0.352700 0.441462 -0.825054
vn -0.392732 0.411552 -0.822427
vn -0.427189 0.021723 -0.903901
vn -0.369434 -0.268565 -0.889602
vn -0.379786 0.032443 -0.924505
vn -0.427189 0.021723 -0.903901
vn -0.455070 -0.212030 -0.864844
vn 0.017004 -0.296605 -0.954849
vn -0.119302 -0.323390 -0.938715
vn -0.056860 -0.672213 -0.738171
vn 0.146309 -0.655598 -0.740800
vn 0.146309 -0.655598 -0.740800
vn -0.056860 -0.672213 -0.738171
vn 0.048919 -0.919245 -0.390636
vn 0.240583 -0.882745 -0.403586
vn -0.302733 0.837277 -0.455324
vn -0.326437 0.945219 -0.000000
vn -0.306829 0.951765 -0.000000
vn -0.272470 0.867313 -0.416567
vn -0.302733 0.837277 -0.455324
vn -0.272470 0.867313 -0.416567
vn -0.214132 0.663652 -0.716739
vn -0.247508 0.596280 -0.763669
vn -0.247508 0.596280 -0.763669
vn -0.214132 0.663652 -0.716739
vn -0.239165 0.397876 -0.885717
vn -0.176870 0.314698 -0.932567
vn -0.176870 0.314698 -0.932567
vn -0.239165 0.397876 -0.885717
vn -0.197770 0.055431 -0.978680
vn -0.101138 0.026995 -0.994506
vn 0.017004 -0.296605 -0.954849
vn -0.101138 0.026995 -0.994506
vn -0.197770 0.055431 -0.978680
vn -0.119302 -0.323390 -0.938715
vn -0.119302 -0.323390 -0.938715
vn -0.369434 -0.268565 -0.889602
vn -0.405990 -0.555191 -0.725903
vn -0.056860 -0.672213 -0.738171
vn -0.056860 -0.672213 -0.738171
vn -0.405990 -0.555191 -0.725903
vn -0.401257 -0.827137 -0.393493
vn 0.048919 -0.919245 -0.390636
vn -0.568364 0.822778 -0.000021
vn -0.498295 0.722779 -0.478845
vn -0.272470 0.867313 -0.416567
vn -0.306829 0.951765 -0.000000
vn -0.498295 0.722779 -0.478845
vn -0.346863 0.613703 -0.709263
vn -0.214132 0.663652 -0.716739
vn -0.272470 0.867313 -0.416567
vn -0.214132 0.663652 -0.716739
vn -0.346863 0.613703 -0.709263
vn -0.352700 0.441462 -0.825054
vn -0.239165 0.397876 -0.885717
vn -0.352700 0.441462 -0.825054
vn -0.379786 0.032443 -0.924505
vn -0.197770 0.055431 -0.978680
vn -0.239165 0.397876 -0.885717
vn -0.379786 0.032443 -0.924505
vn -0.369434 -0.268565 -0.889602
vn -0.119302 -0.323390 -0.938715
vn -0.197770 0.055431 -0.978680
vn 0.159660 -0.222951 -0.961666
vn 0.102085 -0.259555 -0.960318
vn 0.321128 -0.587541 -0.742747
vn 0.470506 -0.482356 -0.738889
vn 0.470506 -0.482356 -0.738889
vn 0.321128 -0.587541 -0.742747
vn 0.445116 -0.798291 -0.405713
vn 0.656109 -0.640835 -0.398562
vn -0.820302 0.571931 -0.000038
vn -0.667594 0.744525 -0.000038
vn -0.603843 0.663794 -0.441306
vn -0.745884 0.511875 -0.426194
vn -0.745884 0.511875 -0.426194
vn -0.603843 0.663794 -0.441306
vn -0.459900 0.483073 -0.745072
vn -0.574985 0.374403 -0.727472
vn -0.574985 0.374403 -0.727472
vn -0.459900 0.483073 -0.745072
vn -0.282451 0.258138 -0.923897
vn -0.354018 0.196787 -0.914301
vn -0.354018 0.196787 -0.914301
vn -0.282451 0.258138 -0.923897
vn -0.098890 0.024431 -0.994798
vn -0.117953 0.008655 -0.992981
vn -0.117953 0.008655 -0.992981
vn -0.098890 0.024431 -0.994798
vn 0.102085 -0.259555 -0.960318
vn 0.159660 -0.222951 -0.961666
vn 0.263351 -0.081618 -0.961241
vn 0.212222 -0.151819 -0.965356
vn 0.611060 -0.289015 -0.736937
vn 0.686522 -0.094896 -0.720890
vn 0.321128 -0.587541 -0.742747
vn 0.102085 -0.259555 -0.960318
vn 0.055008 -0.283674 -0.957342
vn 0.205719 -0.642549 -0.738113
vn 0.686522 -0.094896 -0.720890
vn 0.611060 -0.289015 -0.736937
vn 0.847587 -0.356822 -0.392778
vn 0.923099 -0.074084 -0.377358
vn 0.445116 -0.798291 -0.405713
vn 0.321128 -0.587541 -0.742747
vn 0.205719 -0.642549 -0.738113
vn 0.290181 -0.866886 -0.405345
vn -0.989531 0.144319 -0.000040
vn -0.939059 0.343755 -0.000038
vn -0.860384 0.306669 -0.407054
vn -0.906428 0.123408 -0.403929
vn -0.906428 0.123408 -0.403929
vn -0.860384 0.306669 -0.407054
vn -0.673757 0.219961 -0.705456
vn -0.708023 0.075469 -0.702145
vn -0.459900 0.483073 -0.745072
vn -0.603843 0.663794 -0.441306
vn -0.464244 0.758694 -0.457013
vn -0.350261 0.543483 -0.762852
vn -0.708023 0.075469 -0.702145
vn -0.673757 0.219961 -0.705456
vn -0.419922 0.107282 -0.901197
vn -0.434588 0.018790 -0.900433
vn -0.282451 0.258138 -0.923897
vn -0.459900 0.483073 -0.745072
vn -0.350261 0.543483 -0.762852
vn -0.216468 0.283770 -0.934139
vn -0.434588 0.018790 -0.900433
vn -0.419922 0.107282 -0.901197
vn -0.133963 -0.011719 -0.990917
vn -0.127451 -0.034835 -0.991233
vn -0.098890 0.024431 -0.994798
vn -0.282451 0.258138 -0.923897
vn -0.216468 0.283770 -0.934139
vn -0.086306 0.026427 -0.995918
vn -0.127451 -0.034835 -0.991233
vn -0.133963 -0.011719 -0.990917
vn 0.212222 -0.151819 -0.965356
vn 0.263351 -0.081618 -0.961241
vn 0.102085 -0.259555 -0.960318
vn -0.098890 0.024431 -0.994798
vn -0.086306 0.026427 -0.995918
vn 0.055008 -0.283674 -0.957342
vn 0.484284 -0.874911 -0.000000
vn 0.445116 -0.798291 -0.405713
vn 0.290181 -0.866886 -0.405345
vn 0.319242 -0.947673 -0.000000
vn 0.431491 0.033043 -0.901512
vn -0.000044 0.052680 -0.998611
vn -0.000015 0.011050 -0.999939
vn 0.389058 0.010503 -0.921153
vn 0.715708 -0.131869 -0.685837
vn 0.737147 -0.017788 -0.675498
vn 0.431491 0.033043 -0.901512
vn 0.389058 0.010503 -0.921153
vn 0.908613 0.033896 -0.416262
vn 0.737147 -0.017788 -0.675498
vn 0.715708 -0.131869 -0.685837
vn 0.916555 -0.128531 -0.378690
vn 0.998738 0.050222 -0.000022
vn 0.908613 0.033896 -0.416262
vn 0.916555 -0.128531 -0.378690
vn 0.988883 -0.148693 -0.000021
vn -0.000044 0.052680 -0.998611
vn -0.431488 0.033066 -0.901513
vn -0.386078 0.008240 -0.922429
vn -0.000015 0.011050 -0.999939
vn -0.431488 0.033066 -0.901513
vn -0.737147 -0.017788 -0.675498
vn -0.717802 -0.133399 -0.683348
vn -0.386078 0.008240 -0.922429
vn -0.717802 -0.133399 -0.683348
vn -0.737147 -0.017788 -0.675498
vn -0.908613 0.033896 -0.416262
vn -0.916496 -0.128189 -0.378950
vn -0.679526 -0.213149 -0.702006
vn -0.684087 -0.501451 -0.529691
vn -0.362290 -0.640615 -0.677022
vn -0.361863 -0.269483 -0.892432
vn -0.684229 -0.671956 -0.283382
vn -0.360917 -0.859238 -0.362558
vn -0.362290 -0.640615 -0.677022
vn -0.684087 -0.501451 -0.529691
vn -0.672397 0.500778 -0.545072
vn -0.350816 0.634373 -0.688839
vn -0.354967 0.842555 -0.405091
vn -0.672510 0.666992 -0.320705
vn -0.672199 0.284334 -0.683596
vn -0.351498 0.358336 -0.864896
vn -0.350816 0.634373 -0.688839
vn -0.672397 0.500778 -0.545072
vn -0.666220 0.060466 -0.743300
vn -0.344122 0.076426 -0.935809
vn -0.351498 0.358336 -0.864896
vn -0.672199 0.284334 -0.683596
vn -0.666220 0.060466 -0.743300
vn -0.679526 -0.213149 -0.702006
vn -0.361863 -0.269483 -0.892432
vn -0.344122 0.076426 -0.935809
vn -0.684229 -0.671956 -0.283382
vn -0.685124 -0.728426 -0.000025
vn -0.361749 -0.932275 -0.000034
vn -0.360917 -0.859238 -0.362558
vn 0.000000 -0.687904 -0.725802
vn -0.352054 -0.644250 -0.678970
vn -0.347744 -0.275511 -0.896196
vn 0.000000 -0.291976 -0.956426
vn 0.000000 -0.921444 -0.388512
vn -0.353665 -0.861962 -0.363237
vn -0.352054 -0.644250 -0.678970
vn 0.000000 -0.687904 -0.725802
vn 0.000000 0.676248 -0.736674
vn -0.348558 0.633121 -0.691133
vn -0.345743 0.845392 -0.407153
vn 0.000000 0.901093 -0.433625
vn 0.000000 0.384810 -0.922996
vn -0.347416 0.362185 -0.864942
vn -0.348558 0.633121 -0.691133
vn 0.000000 0.676248 -0.736674
vn 0.000000 0.080997 -0.996714
vn -0.347121 0.075658 -0.934763
vn -0.347416 0.362185 -0.864942
vn 0.000000 0.384810 -0.922996
vn 0.000000 -0.291976 -0.956426
vn -0.347744 -0.275511 -0.896196
vn -0.347121 0.075658 -0.934763
vn 0.000000 0.080997 -0.996714
vn 0.000000 -0.921444 -0.388512
vn 0.000000 -1.000000 -0.000026
vn -0.353881 -0.935291 -0.000023
vn -0.353665 -0.861962 -0.363237
vn 0.862545 -0.143333 -0.485255
vn 0.864874 -0.344410 -0.365204
vn 0.864895 -0.345899 -0.363745
vn 0.862740 -0.150597 -0.482701
vn 0.864874 -0.344410 -0.365204
vn 0.865159 -0.461957 -0.195182
vn 0.865183 -0.462233 -0.194421
vn 0.864895 -0.345899 -0.363745
vn 0.858829 0.512262 -0.000013
vn 0.858835 0.512253 -0.000017
vn 0.858169 0.462861 -0.222048
vn 0.858168 0.462402 -0.223008
vn 0.858169 0.462861 -0.222048
vn 0.858022 0.348927 -0.376892
vn 0.858106 0.346002 -0.379389
vn 0.858168 0.462402 -0.223008
vn 0.858022 0.348927 -0.376892
vn 0.857780 0.194847 -0.475656
vn 0.857929 0.199979 -0.473250
vn 0.858106 0.346002 -0.379389
vn 0.857780 0.194847 -0.475656
vn 0.854226 0.042624 -0.518151
vn 0.854219 0.041649 -0.518242
vn 0.857929 0.199979 -0.473250
vn 0.854226 0.042624 -0.518151
vn 0.862545 -0.143333 -0.485255
vn 0.862740 -0.150597 -0.482701
vn 0.854219 0.041649 -0.518242
vn -1.000000 0.000000 -0.000000
vn -1.000000 0.000000 -0.000000
vn -1.000000 0.000000 -0.000000
vn -1.000000 0.000000 -0.000000
vn -0.638032 0.711425 0.294599
vn -0.637697 0.770287 0.000020
vn -0.638234 0.769842 0.000021
vn -0.638406 0.711063 0.294663
vn -0.523658 -0.787114 -0.325936
vn -0.524325 -0.851518 -0.000015
vn -0.522241 -0.852798 -0.000016
vn -0.522426 -0.787765 -0.326340
vn -1.000000 0.000000 -0.000000
vn -1.000000 0.000000 -0.000000
vn -1.000000 0.000000 -0.000000
vn -1.000000 0.000000 -0.000000
vn -0.727069 0.634306 0.262729
vn -0.725988 0.687707 -0.000000
vn -0.912844 0.408309 0.000000
vn -0.913814 0.375196 0.155473
vn -0.654858 -0.698232 -0.289194
vn -0.655642 -0.755071 -0.000008
vn -0.847472 -0.530840 -0.000005
vn -0.847478 -0.490426 -0.203134
vn 0.000000 -0.923878 -0.382688
vn 0.000000 -1.000000 -0.000011
vn -0.336566 -0.941660 -0.000010
vn -0.335737 -0.870241 -0.360501
vn -1.000000 0.000000 -0.000000
vn -1.000000 0.000000 -0.000000
vn -1.000000 0.000000 -0.000000
vn -1.000000 0.000000 -0.000000
vn -0.638032 0.711425 0.294599
vn -0.638406 0.711063 0.294663
vn -0.637774 0.544615 0.544646
vn -0.637567 0.544767 0.544736
vn -0.999282 -0.026787 -0.026790
vn -0.999284 -0.034956 -0.014487
vn -0.870820 0.454166 0.188164
vn -0.870687 0.347793 0.347771
vn -0.971625 -0.167243 -0.167256
vn -0.971640 -0.218461 -0.090498
vn -0.999284 -0.034956 -0.014487
vn -0.999282 -0.026787 -0.026790
vn -0.523658 -0.787114 -0.325936
vn -0.522426 -0.787765 -0.326340
vn -0.523059 -0.602655 -0.602674
vn -0.524721 -0.601930 -0.601954
vn -1.000000 0.000000 -0.000000
vn -1.000000 0.000000 -0.000000
vn -1.000000 0.000000 -0.000000
vn -1.000000 0.000000 -0.000000
vn -0.727069 0.634306 0.262729
vn -0.913814 0.375196 0.155473
vn -0.913207 0.288132 0.288155
vn -0.726527 0.485878 0.485882
vn -0.999364 -0.025216 -0.025223
vn -0.999362 -0.032990 -0.013667
vn -0.908548 0.385981 0.159870
vn -0.908697 0.295160 0.295212
vn -0.847550 -0.375276 -0.375268
vn -0.847478 -0.490426 -0.203134
vn -0.999362 -0.032990 -0.013667
vn -0.999364 -0.025216 -0.025223
vn -0.654858 -0.698232 -0.289194
vn -0.847478 -0.490426 -0.203134
vn -0.847550 -0.375276 -0.375268
vn -0.655840 -0.533782 -0.533808
vn 0.000000 -0.923878 -0.382688
vn -0.335737 -0.870241 -0.360501
vn -0.336712 -0.665805 -0.665830
vn 0.000000 -0.707107 -0.707107
vn -1.000000 0.000000 -0.000000
vn -1.000000 0.000000 -0.000000
vn -1.000000 0.000000 -0.000000
vn -1.000000 0.000000 -0.000000
vn -0.637567 0.544767 0.544736
vn -0.637774 0.544615 0.544646
vn -0.638395 0.294722 0.711049
vn -0.638052 0.294599 0.711408
vn -0.999281 -0.014512 -0.035028
vn -0.999282 -0.026787 -0.026790
vn -0.870687 0.347793 0.347771
vn -0.870801 0.188171 0.454199
vn -0.971610 -0.090548 -0.218574
vn -0.971625 -0.167243 -0.167256
vn -0.999282 -0.026787 -0.026790
vn -0.999281 -0.014512 -0.035028
vn -0.524721 -0.601930 -0.601954
vn -0.523059 -0.602655 -0.602674
vn -0.523227 -0.326173 -0.787302
vn -0.523993 -0.325819 -0.786940
vn -1.000000 0.000000 -0.000000
vn -1.000000 0.000000 -0.000000
vn -1.000000 0.000000 -0.000000
vn -1.000000 0.000000 -0.000000
vn -0.726527 0.485878 0.485882
vn -0.913207 0.288132 0.288155
vn -0.913805 0.155493 0.375211
vn -0.727068 0.262759 0.634295
vn -0.999362 -0.013674 -0.032983
vn -0.999364 -0.025216 -0.025223
vn -0.908697 0.295160 0.295212
vn -0.908563 0.159858 0.385951
vn -0.847482 -0.203138 -0.490418
vn -0.847550 -0.375276 -0.375268
vn -0.999364 -0.025216 -0.025223
vn -0.999362 -0.013674 -0.032983
vn -0.655840 -0.533782 -0.533808
vn -0.847550 -0.375276 -0.375268
vn -0.847482 -0.203138 -0.490418
vn -0.654834 -0.289211 -0.698248
vn 0.000000 -0.707107 -0.707107
vn -0.336712 -0.665805 -0.665830
vn -0.335744 -0.360487 -0.870244
vn 0.000000 -0.382656 -0.923891
vn -1.000000 0.000000 -0.000000
vn -1.000000 0.000000 -0.000000
vn -1.000000 0.000000 -0.000000
vn -1.000000 0.000000 -0.000000
vn -0.638052 0.294599 0.711408
vn -0.638395 0.294722 0.711049
vn -0.635898 -0.000114 0.771773
vn -0.637032 -0.000074 0.770837
vn -0.999284 0.000010 -0.037839
vn -0.999281 -0.014512 -0.035028
vn -0.870801 0.188171 0.454199
vn -0.870859 -0.000020 0.491533
vn -0.971627 0.000010 -0.236517
vn -0.971610 -0.090548 -0.218574
vn -0.999281 -0.014512 -0.035028
vn -0.999284 0.000010 -0.037839
vn -0.523993 -0.325819 -0.786940
vn -0.523227 -0.326173 -0.787302
vn -0.523104 0.000016 -0.852269
vn -0.522695 -0.000017 -0.852519
vn -1.000000 0.000000 -0.000000
vn -1.000000 0.000000 -0.000000
vn -1.000000 0.000000 -0.000000
vn -1.000000 0.000000 -0.000000
vn -0.727068 0.262759 0.634295
vn -0.913805 0.155493 0.375211
vn -0.913579 -0.000017 0.406661
vn -0.726791 -0.000014 0.686858
vn -0.999363 -0.000001 -0.035696
vn -0.999362 -0.013674 -0.032983
vn -0.908563 0.159858 0.385951
vn -0.908575 -0.000004 0.417722
vn -0.847484 -0.000000 -0.530821
vn -0.847482 -0.203138 -0.490418
vn -0.999362 -0.013674 -0.032983
vn -0.999363 -0.000001 -0.035696
vn -0.654834 -0.289211 -0.698248
vn -0.847482 -0.203138 -0.490418
vn -0.847484 -0.000000 -0.530821
vn -0.654688 -0.000003 -0.755900
vn 0.000000 -0.382656 -0.923891
vn -0.335744 -0.360487 -0.870244
vn -0.335574 -0.000002 -0.942014
vn 0.000000 0.000000 -1.000000
vn -1.000000 0.000000 -0.000000
vn -1.000000 0.000000 -0.000000
vn -1.000000 0.000000 -0.000000
vn -1.000000 0.000000 -0.000000
vn -0.637032 -0.000074 0.770837
vn -0.635898 -0.000114 0.771773
vn -0.638357 -0.294608 0.711131
vn -0.637904 -0.294650 0.711519
vn -0.999280 0.014501 -0.035051
vn -0.999284 0.000010 -0.037839
vn -0.870859 -0.000020 0.491533
vn -0.870739 -0.188144 0.454329
vn -0.971611 0.090531 -0.218576
vn -0.971627 0.000010 -0.236517
vn -0.999284 0.000010 -0.037839
vn -0.999280 0.014501 -0.035051
vn -0.522695 -0.000017 -0.852519
vn -0.523104 0.000016 -0.852269
vn -0.523223 0.326151 -0.787314
vn -0.524001 0.325838 -0.786926
vn -1.000000 0.000000 -0.000000
vn -1.000000 0.000000 -0.000000
vn -1.000000 0.000000 -0.000000
vn -1.000000 0.000000 -0.000000
vn -0.726791 -0.000014 0.686858
vn -0.913579 -0.000017 0.406661
vn -0.913808 -0.155462 0.375214
vn -0.727168 -0.262637 0.634230
vn -0.999363 0.013657 -0.032957
vn -0.999363 -0.000001 -0.035696
vn -0.908575 -0.000004 0.417722
vn -0.908598 -0.159857 0.385870
vn -0.847488 0.203144 -0.490405
vn -0.847484 -0.000000 -0.530821
vn -0.999363 -0.000001 -0.035696
vn -0.999363 0.013657 -0.032957
vn -0.654688 -0.000003 -0.755900
vn -0.847484 -0.000000 -0.530821
vn -0.847488 0.203144 -0.490405
vn -0.654841 0.289207 -0.698243
vn 0.000000 0.000000 -1.000000
vn -0.335574 -0.000002 -0.942014
vn -0.335729 0.360501 -0.870244
vn 0.000000 0.382684 -0.923879
vn -1.000000 0.000000 -0.000000
vn -1.000000 0.000000 -0.000000
vn -1.000000 0.000000 -0.000000
vn -1.000000 0.000000 -0.000000
vn -0.637904 -0.294650 0.711519
vn -0.638357 -0.294608 0.711131
vn -0.636117 -0.545871 0.545326
vn -0.637068 -0.544978 0.545109
vn -0.999282 0.026796 -0.026795
vn -0.999280 0.014501 -0.035051
vn -0.870739 -0.188144 0.454329
vn -0.870844 -0.347638 0.347532
vn -0.971622 0.167262 -0.167254
vn -0.971611 0.090531 -0.218576
vn -0.999280 0.014501 -0.035051
vn -0.999282 0.026796 -0.026795
vn -0.524001 0.325838 -0.786926
vn -0.523223 0.326151 -0.787314
vn -0.523093 0.602655 -0.602645
vn -0.523286 0.602719 -0.602414
vn -1.000000 0.000000 -0.000000
vn -1.000000 0.000000 -0.000000
vn -1.000000 0.000000 -0.000000
vn -1.000000 0.000000 -0.000000
vn -0.727168 -0.262637 0.634230
vn -0.913808 -0.155462 0.375214
vn -0.913211 -0.288142 0.288133
vn -0.726529 -0.485920 0.485837
vn -0.999363 0.025240 -0.025237
vn -0.999363 0.013657 -0.032957
vn -0.908598 -0.159857 0.385870
vn -0.908703 -0.295160 0.295193
vn -0.847548 0.375287 -0.375262
vn -0.847488 0.203144 -0.490405
vn -0.999363 0.013657 -0.032957
vn -0.999363 0.025240 -0.025237
vn -0.654841 0.289207 -0.698243
vn -0.847488 0.203144 -0.490405
vn -0.847548 0.375287 -0.375262
vn -0.655180 0.534299 -0.534101
vn 0.000000 0.382684 -0.923879
vn -0.335729 0.360501 -0.870244
vn -0.336001 0.665925 -0.666068
vn 0.000000 0.707096 -0.707117
vn -1.000000 0.000000 -0.000000
vn -1.000000 0.000000 -0.000000
vn -1.000000 0.000000 -0.000000
vn -1.000000 0.000000 -0.000000
vn -0.637068 -0.544978 0.545109
vn -0.636117 -0.545871 0.545326
vn -0.636203 -0.712802 0.295227
vn -0.637058 -0.712144 0.294971
vn -0.999285 0.034943 -0.014470
vn -0.999282 0.026796 -0.026795
vn -0.870844 -0.347638 0.347532
vn -0.870804 -0.454191 0.188175
vn -0.971637 0.218479 -0.090486
vn -0.971622 0.167262 -0.167254
vn -0.999282 0.026796 -0.026795
vn -0.999285 0.034943 -0.014470
vn -0.523286 0.602719 -0.602414
vn -0.523093 0.602655 -0.602645
vn -0.523227 0.787314 -0.326144
vn -0.524003 0.786936 -0.325810
vn -1.000000 0.000000 -0.000000
vn -1.000000 0.000000 -0.000000
vn -1.000000 0.000000 -0.000000
vn -1.000000 0.000000 -0.000000
vn -0.726529 -0.485920 0.485837
vn -0.913211 -0.288142 0.288133
vn -0.913121 -0.376678 0.155960
vn -0.726345 -0.634971 0.263124
vn -0.999361 0.033034 -0.013688
vn -0.999363 0.025240 -0.025237
vn -0.908703 -0.295160 0.295193
vn -0.908675 -0.385729 0.159761
vn -0.847472 0.490434 -0.203139
vn -0.847548 0.375287 -0.375262
vn -0.999363 0.025240 -0.025237
vn -0.999361 0.033034 -0.013688
vn -0.655180 0.534299 -0.534101
vn -0.847548 0.375287 -0.375262
vn -0.847472 0.490434 -0.203139
vn -0.655716 0.697517 -0.288976
vn 0.000000 0.707096 -0.707117
vn -0.336001 0.665925 -0.666068
vn -0.336646 0.869961 -0.360329
vn 0.000000 0.923881 -0.382680
vn -0.870879 -0.491498 0.000002
vn -0.999284 0.037843 -0.000001
vn -0.999285 0.034943 -0.014470
vn -0.870804 -0.454191 0.188175
vn -0.999284 0.037843 -0.000001
vn -0.971630 0.236507 -0.000004
vn -0.971637 0.218479 -0.090486
vn -0.999285 0.034943 -0.014470
vn -0.908571 -0.417731 0.000004
vn -0.999363 0.035697 -0.000001
vn -0.999361 0.033034 -0.013688
vn -0.908675 -0.385729 0.159761
vn -0.999363 0.035697 -0.000001
vn -0.847479 0.530829 -0.000006
vn -0.847472 0.490434 -0.203139
vn -0.999361 0.033034 -0.013688
vn -0.010003 -0.999190 -0.038981
vn -0.007503 -0.999353 -0.035189
vn 0.028668 -0.997498 -0.064616
vn 0.027397 -0.997363 -0.067206
vn 0.027397 -0.997363 -0.067206
vn 0.028668 -0.997498 -0.064616
vn 0.069688 -0.996582 -0.044360
vn 0.071147 -0.996362 -0.046915
vn 0.080323 -0.996396 0.027278
vn 0.087762 -0.996141 0.000003
vn 0.086408 -0.996260 0.000002
vn 0.082972 -0.996165 0.027768
vn 0.080323 -0.996396 0.027278
vn 0.082972 -0.996165 0.027768
vn 0.047323 -0.998339 0.032847
vn 0.045998 -0.998326 0.035059
vn 0.045998 -0.998326 0.035059
vn 0.047323 -0.998339 0.032847
vn 0.022777 -0.999175 0.033638
vn 0.021996 -0.999186 0.033830
vn 0.021996 -0.999186 0.033830
vn 0.022777 -0.999175 0.033638
vn -0.004689 -0.999955 0.008255
vn -0.010039 -0.999919 0.007765
vn -0.010003 -0.999190 -0.038981
vn -0.010039 -0.999919 0.007765
vn -0.004689 -0.999955 0.008255
vn -0.007503 -0.999353 -0.035189
vn 0.258293 -0.077727 -0.962935
vn 0.668323 -0.086959 -0.738771
vn 0.662819 -0.083130 -0.744151
vn 0.246516 -0.073524 -0.966346
vn 0.668323 -0.086959 -0.738771
vn 0.915052 -0.067866 -0.397585
vn 0.915925 -0.065811 -0.395917
vn 0.662819 -0.083130 -0.744151
vn -0.989487 0.144621 -0.000046
vn -0.895788 0.120159 -0.427931
vn -0.901062 0.120027 -0.416749
vn -0.989330 0.145693 -0.000045
vn -0.895788 0.120159 -0.427931
vn -0.682867 0.074049 -0.726780
vn -0.691916 0.078655 -0.717680
vn -0.901062 0.120027 -0.416749
vn -0.682867 0.074049 -0.726780
vn -0.405604 0.012978 -0.913957
vn -0.419977 0.012353 -0.907451
vn -0.691916 0.078655 -0.717680
vn -0.405604 0.012978 -0.913957
vn -0.111502 -0.034492 -0.993165
vn -0.121990 -0.031567 -0.992029
vn -0.419977 0.012353 -0.907451
vn -0.111502 -0.034492 -0.993165
vn 0.258293 -0.077727 -0.962935
vn 0.246516 -0.073524 -0.966346
vn -0.121990 -0.031567 -0.992029
vn -0.010003 -0.999190 -0.038981
vn 0.027397 -0.997363 -0.067206
vn 0.016393 -0.997787 -0.064441
vn -0.020207 -0.999199 -0.034540
vn 0.027397 -0.997363 -0.067206
vn 0.071147 -0.996362 -0.046915
vn 0.065527 -0.996636 -0.049231
vn 0.016393 -0.997787 -0.064441
vn 0.088041 -0.996117 0.000004
vn 0.087762 -0.996141 0.000003
vn 0.080323 -0.996396 0.027278
vn 0.074263 -0.996887 0.026496
vn 0.074263 -0.996887 0.026496
vn 0.080323 -0.996396 0.027278
vn 0.045998 -0.998326 0.035059
vn 0.042710 -0.998201 0.042083
vn 0.045998 -0.998326 0.035059
vn 0.021996 -0.999186 0.033830
vn 0.018784 -0.999217 0.034824
vn 0.042710 -0.998201 0.042083
vn 0.018784 -0.999217 0.034824
vn 0.021996 -0.999186 0.033830
vn -0.010039 -0.999919 0.007765
vn -0.022045 -0.999721 0.008534
vn -0.010039 -0.999919 0.007765
vn -0.010003 -0.999190 -0.038981
vn -0.020207 -0.999199 -0.034540
vn -0.022045 -0.999721 0.008534
vn 0.389058 0.010503 -0.921153
vn -0.000015 0.011050 -0.999939
vn 0.000039 0.011761 -0.999931
vn 0.388387 0.006023 -0.921477
vn 0.715708 -0.131869 -0.685837
vn 0.389058 0.010503 -0.921153
vn 0.388387 0.006023 -0.921477
vn 0.690132 -0.156326 -0.706598
vn 0.916555 -0.128531 -0.378690
vn 0.715708 -0.131869 -0.685837
vn 0.690132 -0.156326 -0.706598
vn 0.918474 -0.127076 -0.374510
vn 0.988884 -0.148686 -0.000020
vn 0.988883 -0.148693 -0.000021
vn 0.916555 -0.128531 -0.378690
vn 0.918474 -0.127076 -0.374510
vn -0.000015 0.011050 -0.999939
vn -0.386078 0.008240 -0.922429
vn -0.382442 0.010474 -0.923920
vn 0.000039 0.011761 -0.999931
vn -0.386078 0.008240 -0.922429
vn -0.717802 -0.133399 -0.683348
vn -0.695493 -0.151922 -0.702288
vn -0.382442 0.010474 -0.923920
vn -0.717802 -0.133399 -0.683348
vn -0.916496 -0.128189 -0.378950
vn -0.918249 -0.127725 -0.374841
vn -0.695493 -0.151922 -0.702288
vn 0.000000 1.000000 -0.000000
vn 0.000000 1.000000 -0.000000
vn 0.000000 1.000000 -0.000000
vn 0.000000 1.000000 -0.000000
vn 0.000000 1.000000 -0.000000
vn 0.000000 1.000000 -0.000000
vn 0.000000 1.000000 -0.000000
vn 0.000000 1.000000 -0.000000
vn -0.001221 0.999995 0.002995
vn 0.000000 1.000000 -0.000000
vn 0.000000 1.000000 -0.000000
vn 0.003166 0.999966 0.007652
vn -0.034526 0.999404 0.000001
vn -0.019049 0.999819 0.000000
vn -0.001221 0.999995 0.002995
vn 0.003166 0.999966 0.007652
vn 0.000000 1.000000 -0.000000
vn 0.000000 1.000000 -0.000000
vn 0.000000 1.000000 -0.000000
vn 0.000000 1.000000 -0.000000
vn 0.000000 1.000000 -0.000000
vn 0.000000 1.000000 -0.000000
vn 0.000000 1.000000 -0.000000
vn 0.000000 1.000000 -0.000000
vn 0.000000 1.000000 -0.000000
vn 0.000000 1.000000 -0.000000
vn 0.004042 0.999989 0.002288
vn 0.000000 1.000000 -0.000000
vn -0.529084 -0.844509 0.082914
vn -0.529084 -0.844509 0.082914
vn -0.529084 -0.844509 0.082914
vn 0.271661 -0.064738 -0.960213
vn 0.682928 -0.056875 -0.728268
vn 0.668323 -0.086959 -0.738771
vn 0.258293 -0.077727 -0.962935
vn 0.668323 -0.086959 -0.738771
vn 0.682928 -0.056875 -0.728268
vn 0.920525 -0.028587 -0.389637
vn 0.915052 -0.067866 -0.397585
vn -0.993745 0.111672 -0.000045
vn -0.901191 0.090461 -0.423877
vn -0.895788 0.120159 -0.427931
vn -0.989487 0.144621 -0.000046
vn -0.901191 0.090461 -0.423877
vn -0.689346 0.045775 -0.722985
vn -0.682867 0.074049 -0.726780
vn -0.895788 0.120159 -0.427931
vn -0.689346 0.045775 -0.722985
vn -0.409289 -0.000420 -0.912404
vn -0.405604 0.012978 -0.913957
vn -0.682867 0.074049 -0.726780
vn -0.409289 -0.000420 -0.912404
vn -0.111342 -0.040425 -0.992960
vn -0.111502 -0.034492 -0.993165
vn -0.405604 0.012978 -0.913957
vn -0.111342 -0.040425 -0.992960
vn 0.271661 -0.064738 -0.960213
vn 0.258293 -0.077727 -0.962935
vn -0.111502 -0.034492 -0.993165
vn 0.000000 -0.687904 -0.725802
vn 0.000000 -0.291976 -0.956426
vn 0.000000 -0.291976 -0.956426
vn 0.000000 -0.687904 -0.725802
vn 0.000000 -0.921444 -0.388512
vn 0.000000 -0.687904 -0.725802
vn 0.000000 -0.687904 -0.725802
vn 0.000000 -0.921444 -0.388512
vn 0.000000 0.676248 -0.736674
vn 0.000000 0.901093 -0.433625
vn 0.000000 0.901093 -0.433625
vn 0.000000 0.676248 -0.736674
vn 0.000000 0.384810 -0.922996
vn 0.000000 0.676248 -0.736674
vn 0.000000 0.676248 -0.736674
vn 0.000000 0.384810 -0.922996
vn 0.000000 0.080997 -0.996714
vn 0.000000 0.384810 -0.922996
vn 0.000000 0.384810 -0.922996
vn 0.000000 0.080997 -0.996714
vn 0.000000 -0.291976 -0.956426
vn 0.000000 0.080997 -0.996714
vn 0.000000 0.080997 -0.996714
vn 0.000000 -0.291976 -0.956426
vn 0.000000 -1.000000 -0.000026
vn 0.000000 -1.000000 -0.000026
vn 0.000000 -0.921444 -0.388512
vn 0.000000 -0.921444 -0.388512
vn -0.684385 -0.501377 -0.529375
vn -0.680395 -0.212982 -0.701214
vn -0.347744 -0.275511 -0.896196
vn -0.352054 -0.644250 -0.678970
vn -0.684712 -0.671547 -0.283187
vn -0.684385 -0.501377 -0.529375
vn -0.352054 -0.644250 -0.678970
vn -0.353665 -0.861962 -0.363237
vn -0.672686 0.500600 -0.544880
vn -0.673212 0.666408 -0.320447
vn -0.345743 0.845392 -0.407153
vn -0.348558 0.633121 -0.691133
vn -0.672589 0.284204 -0.683265
vn -0.672686 0.500600 -0.544880
vn -0.348558 0.633121 -0.691133
vn -0.347416 0.362185 -0.864942
vn -0.347121 0.075658 -0.934763
vn -0.666449 0.060486 -0.743093
vn -0.672589 0.284204 -0.683265
vn -0.347416 0.362185 -0.864942
vn -0.680395 -0.212982 -0.701214
vn -0.666449 0.060486 -0.743093
vn -0.347121 0.075658 -0.934763
vn -0.347744 -0.275511 -0.896196
vn -0.353881 -0.935291 -0.000023
vn -0.685844 -0.727749 -0.000021
vn -0.684712 -0.671547 -0.283187
vn -0.353665 -0.861962 -0.363237
vn -0.684087 -0.501451 -0.529691
vn -0.679526 -0.213149 -0.702006
vn -0.680395 -0.212982 -0.701214
vn -0.684385 -0.501377 -0.529375
vn -0.684229 -0.671956 -0.283382
vn -0.684087 -0.501451 -0.529691
vn -0.684385 -0.501377 -0.529375
vn -0.684712 -0.671547 -0.283187
vn -0.672397 0.500778 -0.545072
vn -0.672510 0.666992 -0.320705
vn -0.673212 0.666408 -0.320447
vn -0.672686 0.500600 -0.544880
vn -0.672199 0.284334 -0.683596
vn -0.672397 0.500778 -0.545072
vn -0.672686 0.500600 -0.544880
vn -0.672589 0.284204 -0.683265
vn -0.666449 0.060486 -0.743093
vn -0.666220 0.060466 -0.743300
vn -0.672199 0.284334 -0.683596
vn -0.672589 0.284204 -0.683265
vn -0.679526 -0.213149 -0.702006
vn -0.666220 0.060466 -0.743300
vn -0.666449 0.060486 -0.743093
vn -0.680395 -0.212982 -0.701214
vn -0.685844 -0.727749 -0.000021
vn -0.685124 -0.728426 -0.000025
vn -0.684229 -0.671956 -0.283382
vn -0.684712 -0.671547 -0.283187
vn 0.051367 -0.687006 -0.724834
vn 0.050187 -0.291531 -0.955244
vn -0.361863 -0.269483 -0.892432
vn -0.362290 -0.640615 -0.677022
vn 0.051023 -0.920279 -0.387921
vn 0.051367 -0.687006 -0.724834
vn -0.362290 -0.640615 -0.677022
vn -0.360917 -0.859238 -0.362558
vn 0.049295 0.675530 -0.735683
vn 0.049514 0.899949 -0.433174
vn -0.354967 0.842555 -0.405091
vn -0.350816 0.634373 -0.688839
vn 0.049716 0.384286 -0.921874
vn 0.049295 0.675530 -0.735683
vn -0.350816 0.634373 -0.688839
vn -0.351498 0.358336 -0.864896
vn 0.048635 0.080921 -0.995533
vn 0.049716 0.384286 -0.921874
vn -0.351498 0.358336 -0.864896
vn -0.344122 0.076426 -0.935809
vn 0.050187 -0.291531 -0.955244
vn 0.048635 0.080921 -0.995533
vn -0.344122 0.076426 -0.935809
vn -0.361863 -0.269483 -0.892432
vn 0.000000 -1.000000 -0.000011
vn 0.000000 -1.000000 -0.000011
vn 0.000000 -0.923878 -0.382688
vn 0.000000 -0.923878 -0.382688
vn 0.000000 -0.923878 -0.382688
vn 0.000000 -0.707107 -0.707107
vn 0.000000 -0.707107 -0.707107
vn 0.000000 -0.923878 -0.382688
vn 0.000000 -0.707107 -0.707107
vn 0.000000 -0.382656 -0.923891
vn 0.000000 -0.382656 -0.923891
vn 0.000000 -0.707107 -0.707107
vn 0.000000 -0.382656 -0.923891
vn 0.000000 0.000000 -1.000000
vn 0.000000 0.000000 -1.000000
vn 0.000000 -0.382656 -0.923891
vn 0.000000 0.000000 -1.000000
vn 0.000000 0.382684 -0.923879
vn 0.000000 0.382684 -0.923879
vn 0.000000 0.000000 -1.000000
vn 0.000000 0.382684 -0.923879
vn 0.000000 0.707096 -0.707117
vn 0.000000 0.707096 -0.707117
vn 0.000000 0.382684 -0.923879
vn 0.000000 0.707096 -0.707117
vn 0.000000 0.923881 -0.382680
vn 0.000000 0.923881 -0.382680
vn 0.000000 0.707096 -0.707117
vn -0.336566 -0.941660 -0.000010
vn -0.655642 -0.755071 -0.000008
vn -0.654858 -0.698232 -0.289194
vn -0.335737 -0.870241 -0.360501
vn -0.654858 -0.698232 -0.289194
vn -0.655840 -0.533782 -0.533808
vn -0.336712 -0.665805 -0.665830
vn -0.335737 -0.870241 -0.360501
vn -0.655840 -0.533782 -0.533808
vn -0.654834 -0.289211 -0.698248
vn -0.335744 -0.360487 -0.870244
vn -0.336712 -0.665805 -0.665830
vn -0.654834 -0.289211 -0.698248
vn -0.654688 -0.000003 -0.755900
vn -0.335574 -0.000002 -0.942014
vn -0.335744 -0.360487 -0.870244
vn -0.654688 -0.000003 -0.755900
vn -0.654841 0.289207 -0.698243
vn -0.335729 0.360501 -0.870244
vn -0.335574 -0.000002 -0.942014
vn -0.654841 0.289207 -0.698243
vn -0.655180 0.534299 -0.534101
vn -0.336001 0.665925 -0.666068
vn -0.335729 0.360501 -0.870244
vn -0.655180 0.534299 -0.534101
vn -0.655716 0.697517 -0.288976
vn -0.336646 0.869961 -0.360329
vn -0.336001 0.665925 -0.666068
vn -0.912844 0.408309 0.000000
vn -1.000000 0.000000 -0.000000
vn -1.000000 0.000000 -0.000000
vn -0.913814 0.375196 0.155473
vn -1.000000 0.000000 -0.000000
vn -1.000000 0.000000 -0.000000
vn -0.913207 0.288132 0.288155
vn -0.913814 0.375196 0.155473
vn -1.000000 0.000000 -0.000000
vn -1.000000 0.000000 -0.000000
vn -0.913805 0.155493 0.375211
vn -0.913207 0.288132 0.288155
vn -1.000000 0.000000 -0.000000
vn -1.000000 0.000000 -0.000000
vn -0.913579 -0.000017 0.406661
vn -0.913805 0.155493 0.375211
vn -1.000000 0.000000 -0.000000
vn -1.000000 0.000000 -0.000000
vn -0.913808 -0.155462 0.375214
vn -0.913579 -0.000017 0.406661
vn -1.000000 0.000000 -0.000000
vn -1.000000 0.000000 -0.000000
vn -0.913211 -0.288142 0.288133
vn -0.913808 -0.155462 0.375214
vn -1.000000 0.000000 -0.000000
vn -1.000000 0.000000 -0.000000
vn -0.913121 -0.376678 0.155960
vn -0.913211 -0.288142 0.288133
vn -1.000000 0.000000 -0.000000
vn -1.000000 0.000000 -0.000000
vn -1.000000 0.000000 -0.000000
vn -1.000000 0.000000 -0.000000
vn -1.000000 0.000000 -0.000000
vn -1.000000 0.000000 -0.000000
vn -1.000000 0.000000 -0.000000
vn -1.000000 0.000000 -0.000000
vn -1.000000 0.000000 -0.000000
vn -1.000000 0.000000 -0.000000
vn -1.000000 0.000000 -0.000000
vn -1.000000 0.000000 -0.000000
vn -1.000000 0.000000 -0.000000
vn -1.000000 0.000000 -0.000000
vn -1.000000 0.000000 -0.000000
vn -1.000000 0.000000 -0.000000
vn -1.000000 0.000000 -0.000000
vn -1.000000 0.000000 -0.000000
vn -1.000000 0.000000 -0.000000
vn -1.000000 0.000000 -0.000000
vn -1.000000 0.000000 -0.000000
vn -1.000000 0.000000 -0.000000
vn -1.000000 0.000000 -0.000000
vn -1.000000 0.000000 -0.000000
vn -1.000000 0.000000 -0.000000
vn -1.000000 0.000000 -0.000000
vn -1.000000 0.000000 -0.000000
vn -1.000000 0.000000 -0.000000
vn -0.908696 0.417457 0.000002
vn -0.725988 0.687707 -0.000000
vn -0.727069 0.634306 0.262729
vn -0.908548 0.385981 0.159870
vn -0.727069 0.634306 0.262729
vn -0.726527 0.485878 0.485882
vn -0.908697 0.295160 0.295212
vn -0.908548 0.385981 0.159870
vn -0.726527 0.485878 0.485882
vn -0.727068 0.262759 0.634295
vn -0.908563 0.159858 0.385951
vn -0.908697 0.295160 0.295212
vn -0.727068 0.262759 0.634295
vn -0.726791 -0.000014 0.686858
vn -0.908575 -0.000004 0.417722
vn -0.908563 0.159858 0.385951
vn -0.726791 -0.000014 0.686858
vn -0.727168 -0.262637 0.634230
vn -0.908598 -0.159857 0.385870
vn -0.908575 -0.000004 0.417722
vn -0.727168 -0.262637 0.634230
vn -0.726529 -0.485920 0.485837
vn -0.908703 -0.295160 0.295193
vn -0.908598 -0.159857 0.385870
vn -0.726529 -0.485920 0.485837
vn -0.726345 -0.634971 0.263124
vn -0.908675 -0.385729 0.159761
vn -0.908703 -0.295160 0.295193
vn -0.526126 -0.850407 -0.000014
vn -0.524325 -0.851518 -0.000015
vn -0.523658 -0.787114 -0.325936
vn -0.524688 -0.786446 -0.325891
vn -0.523658 -0.787114 -0.325936
vn -0.524721 -0.601930 -0.601954
vn -0.526146 -0.601305 -0.601335
vn -0.524688 -0.786446 -0.325891
vn -0.524721 -0.601930 -0.601954
vn -0.523993 -0.325819 -0.786940
vn -0.524705 -0.325866 -0.786445
vn -0.526146 -0.601305 -0.601335
vn -0.523993 -0.325819 -0.786940
vn -0.522695 -0.000017 -0.852519
vn -0.522338 -0.000038 -0.852738
vn -0.524705 -0.325866 -0.786445
vn -0.522695 -0.000017 -0.852519
vn -0.524001 0.325838 -0.786926
vn -0.524666 0.325926 -0.786446
vn -0.522338 -0.000038 -0.852738
vn -0.524001 0.325838 -0.786926
vn -0.523286 0.602719 -0.602414
vn -0.523448 0.602214 -0.602778
vn -0.524666 0.325926 -0.786446
vn -0.523286 0.602719 -0.602414
vn -0.524003 0.786936 -0.325810
vn -0.524685 0.786451 -0.325884
vn -0.523448 0.602214 -0.602778
vn -0.870679 0.491851 0.000007
vn -0.637697 0.770287 0.000020
vn -0.638032 0.711425 0.294599
vn -0.870820 0.454166 0.188164
vn -0.638032 0.711425 0.294599
vn -0.637567 0.544767 0.544736
vn -0.870687 0.347793 0.347771
vn -0.870820 0.454166 0.188164
vn -0.637567 0.544767 0.544736
vn -0.638052 0.294599 0.711408
vn -0.870801 0.188171 0.454199
vn -0.870687 0.347793 0.347771
vn -0.638052 0.294599 0.711408
vn -0.637032 -0.000074 0.770837
vn -0.870859 -0.000020 0.491533
vn -0.870801 0.188171 0.454199
vn -0.637032 -0.000074 0.770837
vn -0.637904 -0.294650 0.711519
vn -0.870739 -0.188144 0.454329
vn -0.870859 -0.000020 0.491533
vn -0.637904 -0.294650 0.711519
vn -0.637068 -0.544978 0.545109
vn -0.870844 -0.347638 0.347532
vn -0.870739 -0.188144 0.454329
vn -0.637068 -0.544978 0.545109
vn -0.637058 -0.712144 0.294971
vn -0.870804 -0.454191 0.188175
vn -0.870844 -0.347638 0.347532
vn -1.000000 0.000000 -0.000000
vn -1.000000 0.000000 -0.000000
vn -1.000000 0.000000 -0.000000
vn -1.000000 0.000000 -0.000000
vn -1.000000 0.000000 -0.000000
vn -1.000000 0.000000 -0.000000
vn -1.000000 0.000000 -0.000000
vn -1.000000 0.000000 -0.000000
vn -1.000000 0.000000 -0.000000
vn -1.000000 0.000000 -0.000000
vn -1.000000 0.000000 -0.000000
vn -1.000000 0.000000 -0.000000
vn -1.000000 0.000000 -0.000000
vn -1.000000 0.000000 -0.000000
vn -1.000000 0.000000 -0.000000
vn -1.000000 0.000000 -0.000000
vn -1.000000 0.000000 -0.000000
vn -1.000000 0.000000 -0.000000
vn -1.000000 0.000000 -0.000000
vn -1.000000 0.000000 -0.000000
vn -1.000000 0.000000 -0.000000
vn -1.000000 0.000000 -0.000000
vn -1.000000 0.000000 -0.000000
vn -1.000000 0.000000 -0.000000
vn -1.000000 0.000000 -0.000000
vn -1.000000 0.000000 -0.000000
vn -1.000000 0.000000 -0.000000
vn -1.000000 0.000000 -0.000000
vn 0.923873 0.000000 -0.382700
vn 1.000000 0.000000 -0.000025
vn 1.000000 0.000000 -0.000025
vn 0.923873 0.000000 -0.382700
vn 0.923873 0.000000 -0.382700
vn 0.923873 0.000000 -0.382700
vn 0.707058 0.000000 -0.707156
vn 0.707058 0.000000 -0.707156
vn 0.707058 0.000000 -0.707156
vn 0.707058 0.000000 -0.707156
vn 0.382679 0.000000 -0.923881
vn 0.382679 0.000000 -0.923881
vn 0.382679 0.000000 -0.923881
vn 0.382679 0.000000 -0.923881
vn -0.000024 0.000000 -1.000000
vn -0.000024 0.000000 -1.000000
vn -0.000024 0.000000 -1.000000
vn -0.000024 0.000000 -1.000000
vn -0.382701 0.000000 -0.923872
vn -0.382701 0.000000 -0.923872
vn -0.382701 0.000000 -0.923872
vn -0.382701 0.000000 -0.923872
vn -0.707058 0.000000 -0.707156
vn -0.707058 0.000000 -0.707156
vn -0.707058 0.000000 -0.707156
vn -0.707058 0.000000 -0.707156
vn -0.923873 0.000000 -0.382700
vn -0.923873 0.000000 -0.382700
vn 0.156413 -0.985563 -0.064805
vn 0.169315 -0.985562 -0.000000
vn 0.170458 -0.985365 -0.000000
vn 0.157393 -0.985384 -0.065167
vn 0.156413 -0.985563 -0.064805
vn 0.157393 -0.985384 -0.065167
vn 0.120624 -0.985351 -0.120550
vn 0.119700 -0.985561 -0.119760
vn 0.119700 -0.985561 -0.119760
vn 0.120624 -0.985351 -0.120550
vn 0.064982 -0.985492 -0.156788
vn 0.064674 -0.985615 -0.156140
vn 0.064674 -0.985615 -0.156140
vn 0.064982 -0.985492 -0.156788
vn -0.000030 -0.985367 -0.170445
vn -0.000016 -0.985563 -0.169310
vn -0.000016 -0.985563 -0.169310
vn -0.000030 -0.985367 -0.170445
vn -0.064941 -0.985492 -0.156805
vn -0.064656 -0.985615 -0.156148
vn -0.064656 -0.985615 -0.156148
vn -0.064941 -0.985492 -0.156805
vn -0.120236 -0.985437 -0.120240
vn -0.119628 -0.985586 -0.119621
vn -0.119628 -0.985586 -0.119621
vn -0.120236 -0.985437 -0.120240
vn -0.157392 -0.985384 -0.065157
vn -0.156422 -0.985562 -0.064800
vn 0.923841 0.000000 -0.382776
vn 1.000000 0.000000 -0.000000
vn 1.000000 0.000000 -0.000000
vn 0.923841 0.000000 -0.382776
vn 0.923841 0.000000 -0.382776
vn 0.923841 0.000000 -0.382776
vn 0.707107 0.000000 -0.707107
vn 0.707107 0.000000 -0.707107
vn 0.707107 0.000000 -0.707107
vn 0.707107 0.000000 -0.707107
vn 0.382712 0.000000 -0.923868
vn 0.382712 0.000000 -0.923868
vn 0.382712 0.000000 -0.923868
vn 0.382712 0.000000 -0.923868
vn -0.000021 0.000000 -1.000000
vn -0.000021 0.000000 -1.000000
vn -0.000021 0.000000 -1.000000
vn -0.000021 0.000000 -1.000000
vn -0.382676 0.000000 -0.923883
vn -0.382676 0.000000 -0.923883
vn -0.382676 0.000000 -0.923883
vn -0.382676 0.000000 -0.923883
vn -0.707064 0.000000 -0.707149
vn -0.707064 0.000000 -0.707149
vn -0.707064 0.000000 -0.707149
vn -0.707064 0.000000 -0.707149
vn -0.923883 0.000000 -0.382675
vn -0.923883 0.000000 -0.382675
vn 1.000000 0.000000 -0.000025
vn 1.000000 0.000000 -0.000025
vn 0.923873 0.000000 -0.382700
vn 0.923873 0.000000 -0.382700
vn 0.923873 0.000000 -0.382700
vn 0.707058 0.000000 -0.707156
vn 0.707058 0.000000 -0.707156
vn 0.923873 0.000000 -0.382700
vn 0.707058 0.000000 -0.707156
vn 0.382679 0.000000 -0.923881
vn 0.382679 0.000000 -0.923881
vn 0.707058 0.000000 -0.707156
vn 0.382679 0.000000 -0.923881
vn -0.000024 0.000000 -1.000000
vn -0.000024 0.000000 -1.000000
vn 0.382679 0.000000 -0.923881
vn -0.000024 0.000000 -1.000000
vn -0.382701 0.000000 -0.923872
vn -0.382701 0.000000 -0.923872
vn -0.000024 0.000000 -1.000000
vn -0.382701 0.000000 -0.923872
vn -0.707058 0.000000 -0.707156
vn -0.707058 0.000000 -0.707156
vn -0.382701 0.000000 -0.923872
vn -0.707058 0.000000 -0.707156
vn -0.923873 0.000000 -0.382700
vn -0.923873 0.000000 -0.382700
vn -0.707058 0.000000 -0.707156
vn 0.168128 -0.985765 -0.000003
vn 0.169315 -0.985562 -0.000000
vn 0.156413 -0.985563 -0.064805
vn 0.155511 -0.985734 -0.064386
vn 0.156413 -0.985563 -0.064805
vn 0.119700 -0.985561 -0.119760
vn 0.119084 -0.985726 -0.119008
vn 0.155511 -0.985734 -0.064386
vn 0.119700 -0.985561 -0.119760
vn 0.064674 -0.985615 -0.156140
vn 0.064491 -0.985712 -0.155601
vn 0.119084 -0.985726 -0.119008
vn 0.064674 -0.985615 -0.156140
vn -0.000016 -0.985563 -0.169310
vn -0.000014 -0.985765 -0.168130
vn 0.064491 -0.985712 -0.155601
vn -0.000016 -0.985563 -0.169310
vn -0.064656 -0.985615 -0.156148
vn -0.064473 -0.985713 -0.155607
vn -0.000014 -0.985765 -0.168130
vn -0.064656 -0.985615 -0.156148
vn -0.119628 -0.985586 -0.119621
vn -0.118875 -0.985769 -0.118863
vn -0.064473 -0.985713 -0.155607
vn -0.119628 -0.985586 -0.119621
vn -0.156422 -0.985562 -0.064800
vn -0.155162 -0.985797 -0.064253
vn -0.118875 -0.985769 -0.118863
vn 0.167906 -0.985803 -0.000003
vn 0.168128 -0.985765 -0.000003
vn 0.155511 -0.985734 -0.064386
vn 0.155343 -0.985759 -0.064407
vn 0.155511 -0.985734 -0.064386
vn 0.119084 -0.985726 -0.119008
vn 0.118984 -0.985733 -0.119050
vn 0.155343 -0.985759 -0.064407
vn 0.119084 -0.985726 -0.119008
vn 0.064491 -0.985712 -0.155601
vn 0.064441 -0.985713 -0.155620
vn 0.118984 -0.985733 -0.119050
vn 0.064491 -0.985712 -0.155601
vn -0.000014 -0.985765 -0.168130
vn -0.000014 -0.985804 -0.167900
vn 0.064441 -0.985713 -0.155620
vn -0.000014 -0.985765 -0.168130
vn -0.064473 -0.985713 -0.155607
vn -0.064418 -0.985714 -0.155625
vn -0.000014 -0.985804 -0.167900
vn -0.064473 -0.985713 -0.155607
vn -0.118875 -0.985769 -0.118863
vn -0.118677 -0.985816 -0.118670
vn -0.064418 -0.985714 -0.155625
vn -0.118875 -0.985769 -0.118863
vn -0.155162 -0.985797 -0.064253
vn -0.154764 -0.985869 -0.064119
vn -0.118677 -0.985816 -0.118670
vn 1.000000 0.000000 -0.000000
vn 1.000000 0.000000 -0.000000
vn 0.923841 0.000000 -0.382776
vn 0.923841 0.000000 -0.382776
vn 0.923841 0.000000 -0.382776
vn 0.707107 0.000000 -0.707107
vn 0.707107 0.000000 -0.707107
vn 0.923841 0.000000 -0.382776
vn 0.707107 0.000000 -0.707107
vn 0.382712 0.000000 -0.923868
vn 0.382712 0.000000 -0.923868
vn 0.707107 0.000000 -0.707107
vn 0.382712 0.000000 -0.923868
vn -0.000021 0.000000 -1.000000
vn -0.000021 0.000000 -1.000000
vn 0.382712 0.000000 -0.923868
vn -0.000021 0.000000 -1.000000
vn -0.382676 0.000000 -0.923883
vn -0.382676 0.000000 -0.923883
vn -0.000021 0.000000 -1.000000
vn -0.382676 0.000000 -0.923883
vn -0.707064 0.000000 -0.707149
vn -0.707064 0.000000 -0.707149
vn -0.382676 0.000000 -0.923883
vn -0.707064 0.000000 -0.707149
vn -0.923883 0.000000 -0.382675
vn -0.923883 0.000000 -0.382675
vn -0.707064 0.000000 -0.707149
vn 1.000000 0.000000 -0.000000
vn 1.000000 0.000000 -0.000000
vn 0.923841 0.000000 -0.382776
vn 0.923841 0.000000 -0.382776
vn 0.923841 0.000000 -0.382776
vn 0.707107 0.000000 -0.707107
vn 0.707107 0.000000 -0.707107
vn 0.923841 0.000000 -0.382776
vn 0.707107 0.000000 -0.707107
vn 0.382712 0.000000 -0.923868
vn 0.382712 0.000000 -0.923868
vn 0.707107 0.000000 -0.707107
vn 0.382712 0.000000 -0.923868
vn -0.000021 0.000000 -1.000000
vn -0.000021 0.000000 -1.000000
vn 0.382712 0.000000 -0.923868
vn -0.000021 0.000000 -1.000000
vn -0.382676 0.000000 -0.923883
vn -0.382676 0.000000 -0.923883
vn -0.000021 0.000000 -1.000000
vn -0.382676 0.000000 -0.923883
vn -0.707064 0.000000 -0.707149
vn -0.707064 0.000000 -0.707149
vn -0.382676 0.000000 -0.923883
vn -0.707064 0.000000 -0.707149
vn -0.923883 0.000000 -0.382675
vn -0.923883 0.000000 -0.382675
vn -0.707064 0.000000 -0.707149
vn 0.000000 1.000000 -0.000000
vn 0.000000 1.000000 -0.000000
vn 0.000000 1.000000 -0.000000
vn 0.000000 1.000000 -0.000000
vn 0.000000 1.000000 -0.000000
vn 0.000000 1.000000 -0.000000
vn 0.000000 1.000000 -0.000000
vn 0.000000 1.000000 -0.000000
vn 0.000000 1.000000 -0.000000
vn 0.000000 1.000000 -0.000000
vn 0.000000 1.000000 -0.000000
vn 0.000000 1.000000 -0.000000
vn 0.000000 1.000000 -0.000000
vn 0.000000 1.000000 -0.000000
vn 0.000000 1.000000 -0.000000
vn 0.000000 1.000000 -0.000000
vn 0.000000 1.000000 -0.000000
vn 0.000000 1.000000 -0.000000
vn 0.000000 1.000000 -0.000000
vn 0.000000 1.000000 -0.000000
vn 0.000000 1.000000 -0.000000
vn 0.000000 1.000000 -0.000000
vn 0.000000 1.000000 -0.000000
vn 0.000000 1.000000 -0.000000
vn 0.000000 1.000000 -0.000000
vn 0.000000 1.000000 -0.000000
vn 0.000000 1.000000 -0.000000
vn 0.000000 1.000000 -0.000000
vn 0.000000 1.000000 -0.000000
vn 0.000000 1.000000 -0.000000
vn 0.000000 1.000000 -0.000000
vn 0.000000 1.000000 -0.000000
vn 0.000000 1.000000 -0.000000
vn 0.000000 1.000000 -0.000000
vn 0.000000 1.000000 -0.000000
vn 0.000000 1.000000 -0.000000
vn 0.000000 1.000000 -0.000000
vn 0.000000 1.000000 -0.000000
vn 0.000000 1.000000 -0.000000
vn 0.000000 1.000000 -0.000000
vn 0.000000 1.000000 -0.000000
vn 0.000000 1.000000 -0.000000
vn 0.000000 1.000000 -0.000000
vn 0.000000 1.000000 -0.000000
vn 0.000000 1.000000 -0.000000
vn 0.000000 1.000000 -0.000000
vn 0.000000 1.000000 -0.000000
vn 0.000000 1.000000 -0.000000
vn 0.000000 1.000000 -0.000000
vn 0.000000 1.000000 -0.000000
vn 0.000000 1.000000 -0.000000
vn 0.000000 1.000000 -0.000000
vn 0.000000 1.000000 -0.000000
vn 0.000000 1.000000 -0.000000
vn 0.000000 1.000000 -0.000000
vn 0.000000 1.000000 -0.000000
vn 0.923890 0.000000 -0.382659
vn 1.000000 0.000000 -0.000038
vn 1.000000 0.000000 -0.000038
vn 0.923890 0.000000 -0.382659
vn 0.923890 0.000000 -0.382659
vn 0.923890 0.000000 -0.382659
vn 0.707182 0.000000 -0.707031
vn 0.707182 0.000000 -0.707031
vn 0.707182 0.000000 -0.707031
vn 0.707182 0.000000 -0.707031
vn 0.382758 0.000000 -0.923848
vn 0.382758 0.000000 -0.923848
vn 0.382758 0.000000 -0.923848
vn 0.382758 0.000000 -0.923848
vn -0.000038 0.000000 -1.000000
vn -0.000038 0.000000 -1.000000
vn -0.000038 0.000000 -1.000000
vn -0.000038 0.000000 -1.000000
vn -0.382793 0.000000 -0.923834
vn -0.382793 0.000000 -0.923834
vn -0.382793 0.000000 -0.923834
vn -0.382793 0.000000 -0.923834
vn -0.707182 0.000000 -0.707031
vn -0.707182 0.000000 -0.707031
vn -0.707182 0.000000 -0.707031
vn -0.707182 0.000000 -0.707031
vn -0.923890 0.000000 -0.382659
vn -0.923890 0.000000 -0.382659
vn 0.000000 1.000000 -0.000000
vn 0.000000 1.000000 -0.000000
vn 0.000000 1.000000 -0.000000
vn 0.000000 1.000000 -0.000000
vn 0.000000 1.000000 -0.000000
vn 0.000000 1.000000 -0.000000
vn 0.000000 1.000000 -0.000000
vn 0.000000 1.000000 -0.000000
vn 0.000000 1.000000 -0.000000
vn 0.000000 1.000000 -0.000000
vn 0.000000 1.000000 -0.000000
vn 0.000000 1.000000 -0.000000
vn 0.000000 1.000000 -0.000000
vn 0.000000 1.000000 -0.000000
vn 0.000000 1.000000 -0.000000
vn 0.000000 1.000000 -0.000000
vn 0.000000 1.000000 -0.000000
vn 0.000000 1.000000 -0.000000
vn 0.000000 1.000000 -0.000000
vn 0.000000 1.000000 -0.000000
vn 0.000000 1.000000 -0.000000
vn 0.000000 1.000000 -0.000000
vn 0.000000 1.000000 -0.000000
vn 0.000000 1.000000 -0.000000
vn 0.000000 1.000000 -0.000000
vn 0.000000 1.000000 -0.000000
vn 0.000000 1.000000 -0.000000
vn 0.000000 1.000000 -0.000000
vn -0.621679 0.476609 0.621578
vn -0.811869 0.477277 0.336267
vn -0.811944 0.477137 0.336285
vn -0.621513 0.476579 0.621767
vn -0.336453 0.477230 0.811819
vn -0.621679 0.476609 0.621578
vn -0.621513 0.476579 0.621767
vn -0.336409 0.477221 0.811843
vn 0.000134 0.476753 0.879037
vn -0.336453 0.477230 0.811819
vn -0.336409 0.477221 0.811843
vn 0.000114 0.476757 0.879035
vn 0.336345 0.477223 0.811868
vn 0.000134 0.476753 0.879037
vn 0.000114 0.476757 0.879035
vn 0.336281 0.477295 0.811853
vn 0.621354 0.477395 0.621300
vn 0.336345 0.477223 0.811868
vn 0.336281 0.477295 0.811853
vn 0.621351 0.477396 0.621302
vn 0.811802 0.477352 0.336321
vn 0.621354 0.477395 0.621300
vn 0.621351 0.477396 0.621302
vn 0.811847 0.477277 0.336320
vn 0.878460 0.477817 0.000041
vn 0.878389 0.477947 0.000047
vn 0.811802 0.477352 0.336321
vn 0.811847 0.477277 0.336320
vn 0.000000 1.000000 -0.000000
vn 0.000000 1.000000 -0.000000
vn 0.000000 1.000000 -0.000000
vn 0.000000 1.000000 -0.000000
vn 0.000000 1.000000 -0.000000
vn 0.000000 1.000000 -0.000000
vn 0.000000 1.000000 -0.000000
vn 0.000000 1.000000 -0.000000
vn 0.000000 1.000000 -0.000000
vn 0.000000 1.000000 -0.000000
vn 0.000000 1.000000 -0.000000
vn 0.000000 1.000000 -0.000000
vn 0.000000 1.000000 -0.000000
vn 0.000000 1.000000 -0.000000
vn 0.000000 1.000000 -0.000000
vn 0.000000 1.000000 -0.000000
vn 0.000000 1.000000 -0.000000
vn 0.000000 1.000000 -0.000000
vn 0.000000 1.000000 -0.000000
vn 0.000000 1.000000 -0.000000
vn 0.000000 1.000000 -0.000000
vn 0.000000 1.000000 -0.000000
vn 0.000000 1.000000 -0.000000
vn 0.000000 1.000000 -0.000000
vn 0.000000 1.000000 -0.000000
vn 0.000000 1.000000 -0.000000
vn 0.000000 1.000000 -0.000000
vn 0.000000 1.000000 -0.000000
vn 0.707160 0.000000 -0.707053
vn 0.923861 0.000000 -0.382727
vn 0.923861 0.000000 -0.382727
vn 0.707160 0.000000 -0.707053
vn 0.382600 0.000000 -0.923914
vn 0.707160 0.000000 -0.707053
vn 0.707160 0.000000 -0.707053
vn 0.382600 0.000000 -0.923914
vn -0.000053 0.000000 -1.000000
vn 0.382600 0.000000 -0.923914
vn 0.382600 0.000000 -0.923914
vn -0.000053 0.000000 -1.000000
vn -0.382649 0.000000 -0.923894
vn -0.000053 0.000000 -1.000000
vn -0.000053 0.000000 -1.000000
vn -0.382649 0.000000 -0.923894
vn -0.707160 0.000000 -0.707053
vn -0.382649 0.000000 -0.923894
vn -0.382649 0.000000 -0.923894
vn -0.707160 0.000000 -0.707053
vn -0.923861 0.000000 -0.382727
vn -0.707160 0.000000 -0.707053
vn -0.707160 0.000000 -0.707053
vn -0.923861 0.000000 -0.382727
vn -1.000000 0.000000 -0.000053
vn -1.000000 0.000000 -0.000053
vn -0.923861 0.000000 -0.382727
vn -0.923861 0.000000 -0.382727
vn 0.923835 0.000000 -0.382791
vn 1.000000 0.000000 -0.000000
vn 1.000000 0.000000 -0.000000
vn 0.923835 0.000000 -0.382791
vn 0.923835 0.000000 -0.382791
vn 0.923835 0.000000 -0.382791
vn 0.706948 0.000000 -0.707266
vn 0.706948 0.000000 -0.707266
vn 0.706948 0.000000 -0.707266
vn 0.706948 0.000000 -0.707266
vn 0.382658 0.000000 -0.923890
vn 0.382658 0.000000 -0.923890
vn 0.382658 0.000000 -0.923890
vn 0.382658 0.000000 -0.923890
vn -0.000000 0.000000 -1.000000
vn -0.000000 0.000000 -1.000000
vn -0.000000 0.000000 -1.000000
vn -0.000000 0.000000 -1.000000
vn -0.382658 0.000000 -0.923890
vn -0.382658 0.000000 -0.923890
vn -0.382658 0.000000 -0.923890
vn -0.382658 0.000000 -0.923890
vn -0.706948 0.000000 -0.707266
vn -0.706948 0.000000 -0.707266
vn -0.706948 0.000000 -0.707266
vn -0.706948 0.000000 -0.707266
vn -0.923835 0.000000 -0.382791
vn -0.923835 0.000000 -0.382791
vn 0.923768 0.382953 -0.000000
vn 0.923768 0.382953 -0.000000
vn 1.000000 0.000000 -0.000000
vn 1.000000 -0.000000 -0.000000
vn 0.707172 0.707042 -0.000000
vn 0.707172 0.707042 -0.000000
vn 0.923768 0.382953 -0.000000
vn 0.923768 0.382953 -0.000000
vn 0.382738 0.923857 -0.000000
vn 0.382738 0.923857 -0.000000
vn 0.707172 0.707042 -0.000000
vn 0.707172 0.707042 -0.000000
vn -0.000064 1.000000 -0.000000
vn -0.000064 1.000000 -0.000000
vn 0.382738 0.923857 -0.000000
vn 0.382738 0.923857 -0.000000
vn -0.382797 0.923832 -0.000000
vn -0.382797 0.923832 -0.000000
vn -0.000064 1.000000 -0.000000
vn -0.000064 1.000000 -0.000000
vn -0.706977 0.707236 -0.000000
vn -0.706977 0.707236 -0.000000
vn -0.382797 0.923832 -0.000000
vn -0.382797 0.923832 -0.000000
vn -0.923787 0.382907 -0.000000
vn -0.923787 0.382907 -0.000000
vn -0.706977 0.707236 -0.000000
vn -0.706977 0.707236 -0.000000
vn -1.000000 -0.000000 -0.000000
vn -1.000000 -0.000000 -0.000000
vn -0.923787 0.382907 -0.000000
vn -0.923787 0.382907 -0.000000
vn -0.923857 -0.382737 -0.000000
vn -0.923857 -0.382737 -0.000000
vn -1.000000 -0.000000 -0.000000
vn -1.000000 -0.000000 -0.000000
vn -0.706913 -0.707301 -0.000000
vn -0.706913 -0.707301 -0.000000
vn -0.923857 -0.382737 -0.000000
vn -0.923857 -0.382737 -0.000000
vn -0.382543 -0.923938 -0.000000
vn -0.382543 -0.923938 -0.000000
vn -0.706913 -0.707301 -0.000000
vn -0.706913 -0.707301 -0.000000
vn -0.000064 -1.000000 -0.000000
vn -0.000064 -1.000000 -0.000000
vn -0.382543 -0.923938 -0.000000
vn -0.382543 -0.923938 -0.000000
vn 0.382484 -0.923962 -0.000000
vn 0.382484 -0.923962 -0.000000
vn -0.000064 -1.000000 -0.000000
vn -0.000064 -1.000000 -0.000000
vn 0.707107 -0.707106 -0.000000
vn 0.707107 -0.707106 -0.000000
vn 0.382484 -0.923962 -0.000000
vn 0.382484 -0.923962 -0.000000
vn 0.923838 -0.382783 -0.000000
vn 0.923838 -0.382783 -0.000000
vn 0.707107 -0.707106 -0.000000
vn 0.707107 -0.707106 -0.000000
vn 1.000000 -0.000000 -0.000000
vn 1.000000 0.000000 -0.000000
vn 0.923838 -0.382783 -0.000000
vn 0.923838 -0.382783 -0.000000
vn 0.000000 0.000000 -1.000000
vn 0.000000 0.000000 -1.000000
vn 0.000000 0.000000 -1.000000
vn 0.000000 0.000000 -1.000000
vn 0.000000 0.000000 -1.000000
vn 0.000000 0.000000 -1.000000
vn 0.000000 0.000000 -1.000000
vn 0.000000 0.000000 -1.000000
vn 0.000000 0.000000 -1.000000
vn 0.000000 0.000000 -1.000000
vn 0.000000 0.000000 -1.000000
vn 0.000000 0.000000 -1.000000
vn 0.000000 0.000000 -1.000000
vn 0.000000 0.000000 -1.000000
vn 0.000000 0.000000 -1.000000
vn 0.000000 0.000000 -1.000000
vn 0.000000 0.000000 -1.000000
vn 0.000000 0.000000 -1.000000
vn 0.000000 0.000000 -1.000000
vn 0.000000 0.000000 -1.000000
vn 0.000000 0.000000 -1.000000
vn 0.000000 0.000000 -1.000000
vn 0.000000 0.000000 -1.000000
vn 0.000000 0.000000 -1.000000
vn 0.000000 0.000000 -1.000000
vn 0.000000 0.000000 -1.000000
vn 0.000000 0.000000 -1.000000
vn 0.000000 0.000000 -1.000000
vn 0.000000 0.000000 -1.000000
vn 0.000000 0.000000 -1.000000
vn 0.000000 0.000000 -1.000000
vn 0.000000 0.000000 -1.000000
vn 0.000000 0.000000 -1.000000
vn 0.000000 0.000000 -1.000000
vn 0.000000 0.000000 -1.000000
vn 0.000000 0.000000 -1.000000
vn 0.000000 0.000000 -1.000000
vn 0.000000 0.000000 -1.000000
vn 0.000000 0.000000 -1.000000
vn 0.000000 0.000000 -1.000000
vn 0.000000 0.000000 -1.000000
vn 0.000000 0.000000 -1.000000
vn 0.000000 0.000000 -1.000000
vn 0.000000 0.000000 -1.000000
vn 0.000000 0.000000 -1.000000
vn 0.000000 0.000000 -1.000000
vn 0.000000 0.000000 -1.000000
vn 0.000000 0.000000 -1.000000
vn 0.000000 0.000000 -1.000000
vn 0.000000 0.000000 -1.000000
vn 0.000000 0.000000 -1.000000
vn 0.000000 0.000000 -1.000000
vn 0.000000 0.000000 -1.000000
vn 0.000000 0.000000 -1.000000
vn 0.000000 0.000000 -1.000000
vn 0.000000 0.000000 -1.000000
vn 0.000000 0.000000 -1.000000
vn 0.000000 0.000000 -1.000000
vn 0.000000 0.000000 -1.000000
vn 0.000000 0.000000 -1.000000
vn 0.000000 0.000000 -1.000000
vn 0.000000 0.000000 -1.000000
vn 0.000000 0.000000 -1.000000
vn 0.000000 0.000000 -1.000000
vn 0.918477 0.380685 0.107138
vn 0.994011 -0.000088 0.109282
vn 0.994551 -0.000026 0.104249
vn 0.918893 0.380817 0.103028
vn 0.703393 0.703907 0.098756
vn 0.918477 0.380685 0.107138
vn 0.918893 0.380817 0.103028
vn 0.703386 0.703885 0.098966
vn 0.380520 0.919569 0.097963
vn 0.703393 0.703907 0.098756
vn 0.703386 0.703885 0.098966
vn 0.380954 0.919307 0.098740
vn 0.000089 0.995044 0.099437
vn 0.380520 0.919569 0.097963
vn 0.380954 0.919307 0.098740
vn -0.000001 0.995048 0.099399
vn -0.381887 0.919386 0.094300
vn 0.000089 0.995044 0.099437
vn -0.000001 0.995048 0.099399
vn -0.380524 0.919678 0.096920
vn -0.703505 0.703853 0.098348
vn -0.381887 0.919386 0.094300
vn -0.380524 0.919678 0.096920
vn -0.703460 0.703811 0.098964
vn -0.919567 0.380520 0.097985
vn -0.703505 0.703853 0.098348
vn -0.703460 0.703811 0.098964
vn -0.919303 0.380968 0.098716
vn -0.995043 0.000088 0.099445
vn -0.919567 0.380520 0.097985
vn -0.919303 0.380968 0.098716
vn -0.995045 0.000052 0.099425
vn -0.919527 -0.380601 0.098043
vn -0.995043 0.000088 0.099445
vn -0.995045 0.000052 0.099425
vn -0.919286 -0.381012 0.098712
vn -0.703669 -0.703666 0.098512
vn -0.919527 -0.380601 0.098043
vn -0.919286 -0.381012 0.098712
vn -0.703682 -0.703583 0.099008
vn -0.381942 -0.918405 0.103211
vn -0.703669 -0.703666 0.098512
vn -0.703682 -0.703583 0.099008
vn -0.380084 -0.919393 0.101253
vn 0.000255 -0.995016 0.099714
vn -0.381942 -0.918405 0.103211
vn -0.380084 -0.919393 0.101253
vn 0.000064 -0.995029 0.099589
vn 0.380301 -0.918671 0.106842
vn 0.000255 -0.995016 0.099714
vn 0.000064 -0.995029 0.099589
vn 0.380413 -0.919054 0.103081
vn 0.703907 -0.703393 0.098755
vn 0.380301 -0.918671 0.106842
vn 0.380413 -0.919054 0.103081
vn 0.703737 -0.703514 0.099107
vn 0.918401 -0.380952 0.106837
vn 0.703907 -0.703393 0.098755
vn 0.703737 -0.703514 0.099107
vn 0.918826 -0.380917 0.103247
vn 0.994011 -0.000088 0.109282
vn 0.918401 -0.380952 0.106837
vn 0.918826 -0.380917 0.103247
vn 0.994551 -0.000026 0.104249
vn 0.453055 0.185463 -0.871977
vn 0.647250 0.268193 -0.713541
vn 0.700499 -0.000021 -0.713654
vn 0.484314 -0.000016 -0.874894
vn 0.352210 0.352201 -0.867123
vn 0.495321 0.495247 -0.713714
vn 0.647250 0.268193 -0.713541
vn 0.453055 0.185463 -0.871977
vn 0.185180 0.452971 -0.872081
vn 0.268048 0.646828 -0.713978
vn 0.495321 0.495247 -0.713714
vn 0.352210 0.352201 -0.867123
vn 0.000116 0.483724 -0.875221
vn 0.000144 0.699665 -0.714471
vn 0.268048 0.646828 -0.713978
vn 0.185180 0.452971 -0.872081
vn -0.185419 0.452999 -0.872016
vn -0.268194 0.647249 -0.713541
vn 0.000144 0.699665 -0.714471
vn 0.000116 0.483724 -0.875221
vn -0.352136 0.352163 -0.867169
vn -0.495305 0.495341 -0.713660
vn -0.268194 0.647249 -0.713541
vn -0.185419 0.452999 -0.872016
vn -0.453116 0.185298 -0.871981
vn -0.647341 0.267954 -0.713547
vn -0.495305 0.495341 -0.713660
vn -0.352136 0.352163 -0.867169
vn -0.484302 0.000027 -0.874901
vn -0.700509 0.000036 -0.713644
vn -0.647341 0.267954 -0.713547
vn -0.453116 0.185298 -0.871981
vn -0.453125 -0.185333 -0.871969
vn -0.647323 -0.268012 -0.713542
vn -0.700509 0.000036 -0.713644
vn -0.484302 0.000027 -0.874901
vn -0.352228 -0.352185 -0.867122
vn -0.495342 -0.495307 -0.713657
vn -0.647323 -0.268012 -0.713542
vn -0.453125 -0.185333 -0.871969
vn -0.185430 -0.453067 -0.871978
vn -0.268152 -0.647270 -0.713538
vn -0.495342 -0.495307 -0.713657
vn -0.352228 -0.352185 -0.867122
vn -0.000016 -0.484314 -0.874894
vn -0.000030 -0.700480 -0.713672
vn -0.268152 -0.647270 -0.713538
vn -0.185430 -0.453067 -0.871978
vn 0.185258 -0.452923 -0.872089
vn 0.268189 -0.646922 -0.713840
vn -0.000030 -0.700480 -0.713672
vn -0.000016 -0.484314 -0.874894
vn 0.352271 -0.352209 -0.867095
vn 0.495386 -0.495264 -0.713657
vn 0.268189 -0.646922 -0.713840
vn 0.185258 -0.452923 -0.872089
vn 0.453097 -0.185425 -0.871964
vn 0.647269 -0.268152 -0.713539
vn 0.495386 -0.495264 -0.713657
vn 0.352271 -0.352209 -0.867095
vn 0.484314 -0.000016 -0.874894
vn 0.700499 -0.000021 -0.713654
vn 0.647269 -0.268152 -0.713539
vn 0.453097 -0.185425 -0.871964
vn -0.057137 -0.057158 -0.996729
vn -0.055888 -0.007615 -0.998408
vn -0.004831 -0.004831 -0.999977
vn -0.007582 -0.055827 -0.998412
vn -0.007582 -0.055827 -0.998412
vn -0.004831 -0.004831 -0.999977
vn -0.000089 -0.005766 -0.999983
vn -0.000079 -0.053002 -0.998594
vn -0.000079 -0.053002 -0.998594
vn -0.000089 -0.005766 -0.999983
vn 0.005964 -0.005964 -0.999964
vn 0.008616 -0.054801 -0.998460
vn 0.008616 -0.054801 -0.998460
vn 0.005964 -0.005964 -0.999964
vn 0.054801 -0.008616 -0.998460
vn 0.054837 -0.054837 -0.996988
vn -0.055888 -0.007615 -0.998408
vn -0.053023 -0.000076 -0.998593
vn -0.005766 -0.000089 -0.999983
vn -0.004831 -0.004831 -0.999977
vn -0.004831 -0.004831 -0.999977
vn -0.005766 -0.000089 -0.999983
vn 0.000000 0.000000 -1.000000
vn -0.000089 -0.005766 -0.999983
vn -0.000089 -0.005766 -0.999983
vn 0.000000 0.000000 -1.000000
vn 0.005766 0.000089 -0.999983
vn 0.005964 -0.005964 -0.999964
vn 0.005964 -0.005964 -0.999964
vn 0.005766 0.000089 -0.999983
vn 0.053002 0.000079 -0.998594
vn 0.054801 -0.008616 -0.998460
vn -0.053023 -0.000076 -0.998593
vn -0.054885 0.008669 -0.998455
vn -0.005964 0.005964 -0.999964
vn -0.005766 -0.000089 -0.999983
vn -0.005766 -0.000089 -0.999983
vn -0.005964 0.005964 -0.999964
vn 0.000089 0.005766 -0.999983
vn 0.000000 0.000000 -1.000000
vn 0.000000 0.000000 -1.000000
vn 0.000089 0.005766 -0.999983
vn 0.004831 0.004831 -0.999977
vn 0.005766 0.000089 -0.999983
vn 0.005766 0.000089 -0.999983
vn 0.004831 0.004831 -0.999977
vn 0.055827 0.007582 -0.998412
vn 0.053002 0.000079 -0.998594
vn -0.054885 0.008669 -0.998455
vn -0.054846 0.054846 -0.996987
vn -0.008669 0.054885 -0.998455
vn -0.005964 0.005964 -0.999964
vn -0.005964 0.005964 -0.999964
vn -0.008669 0.054885 -0.998455
vn 0.000076 0.053023 -0.998593
vn 0.000089 0.005766 -0.999983
vn 0.000089 0.005766 -0.999983
vn 0.000076 0.053023 -0.998593
vn 0.007615 0.055888 -0.998408
vn 0.004831 0.004831 -0.999977
vn 0.004831 0.004831 -0.999977
vn 0.007615 0.055888 -0.998408
vn 0.057158 0.057137 -0.996729
vn 0.055827 0.007582 -0.998412
vn -0.453125 -0.185333 -0.871969
vn -0.484302 0.000027 -0.874901
vn -0.134963 0.000004 -0.990851
vn -0.142539 -0.048761 -0.988587
vn -0.352228 -0.352185 -0.867122
vn -0.453125 -0.185333 -0.871969
vn -0.142539 -0.048761 -0.988587
vn -0.128442 -0.128485 -0.983359
vn -0.048706 -0.142612 -0.988580
vn -0.185430 -0.453067 -0.871978
vn -0.352228 -0.352185 -0.867122
vn -0.128442 -0.128485 -0.983359
vn -0.000004 -0.134912 -0.990858
vn -0.000016 -0.484314 -0.874894
vn -0.185430 -0.453067 -0.871978
vn -0.048706 -0.142612 -0.988580
vn 0.185258 -0.452923 -0.872089
vn -0.000016 -0.484314 -0.874894
vn -0.000004 -0.134912 -0.990858
vn 0.048737 -0.142651 -0.988572
vn 0.352271 -0.352209 -0.867095
vn 0.185258 -0.452923 -0.872089
vn 0.048737 -0.142651 -0.988572
vn 0.128554 -0.128554 -0.983335
vn 0.142651 -0.048737 -0.988572
vn 0.453097 -0.185425 -0.871964
vn 0.352271 -0.352209 -0.867095
vn 0.128554 -0.128554 -0.983335
vn 0.134912 0.000004 -0.990858
vn 0.484314 -0.000016 -0.874894
vn 0.453097 -0.185425 -0.871964
vn 0.142651 -0.048737 -0.988572
vn 0.453055 0.185463 -0.871977
vn 0.484314 -0.000016 -0.874894
vn 0.134912 0.000004 -0.990858
vn 0.142611 0.048706 -0.988580
vn 0.352210 0.352201 -0.867123
vn 0.453055 0.185463 -0.871977
vn 0.142611 0.048706 -0.988580
vn 0.128486 0.128443 -0.983358
vn 0.048761 0.142539 -0.988587
vn 0.185180 0.452971 -0.872081
vn 0.352210 0.352201 -0.867123
vn 0.128486 0.128443 -0.983358
vn -0.000004 0.134964 -0.990851
vn 0.000116 0.483724 -0.875221
vn 0.185180 0.452971 -0.872081
vn 0.048761 0.142539 -0.988587
vn -0.185419 0.452999 -0.872016
vn 0.000116 0.483724 -0.875221
vn -0.000004 0.134964 -0.990851
vn -0.048731 0.142499 -0.988595
vn -0.352136 0.352163 -0.867169
vn -0.185419 0.452999 -0.872016
vn -0.048731 0.142499 -0.988595
vn -0.128375 0.128374 -0.983382
vn -0.142499 0.048731 -0.988595
vn -0.453116 0.185298 -0.871981
vn -0.352136 0.352163 -0.867169
vn -0.128375 0.128374 -0.983382
vn -0.134963 0.000004 -0.990851
vn -0.484302 0.000027 -0.874901
vn -0.453116 0.185298 -0.871981
vn -0.142499 0.048731 -0.988595
vn -0.053023 -0.000076 -0.998593
vn -0.055888 -0.007615 -0.998408
vn -0.142539 -0.048761 -0.988587
vn -0.134963 0.000004 -0.990851
vn -0.057137 -0.057158 -0.996729
vn -0.128442 -0.128485 -0.983359
vn -0.142539 -0.048761 -0.988587
vn -0.055888 -0.007615 -0.998408
vn -0.057137 -0.057158 -0.996729
vn -0.007582 -0.055827 -0.998412
vn -0.048706 -0.142612 -0.988580
vn -0.128442 -0.128485 -0.983359
vn -0.000079 -0.053002 -0.998594
vn -0.000004 -0.134912 -0.990858
vn -0.048706 -0.142612 -0.988580
vn -0.007582 -0.055827 -0.998412
vn -0.000079 -0.053002 -0.998594
vn 0.008616 -0.054801 -0.998460
vn 0.048737 -0.142651 -0.988572
vn -0.000004 -0.134912 -0.990858
vn 0.054837 -0.054837 -0.996988
vn 0.128554 -0.128554 -0.983335
vn 0.048737 -0.142651 -0.988572
vn 0.008616 -0.054801 -0.998460
vn 0.054837 -0.054837 -0.996988
vn 0.054801 -0.008616 -0.998460
vn 0.142651 -0.048737 -0.988572
vn 0.128554 -0.128554 -0.983335
vn 0.053002 0.000079 -0.998594
vn 0.134912 0.000004 -0.990858
vn 0.142651 -0.048737 -0.988572
vn 0.054801 -0.008616 -0.998460
vn 0.053002 0.000079 -0.998594
vn 0.055827 0.007582 -0.998412
vn 0.142611 0.048706 -0.988580
vn 0.134912 0.000004 -0.990858
vn 0.057158 0.057137 -0.996729
vn 0.128486 0.128443 -0.983358
vn 0.142611 0.048706 -0.988580
vn 0.055827 0.007582 -0.998412
vn 0.057158 0.057137 -0.996729
vn 0.007615 0.055888 -0.998408
vn 0.048761 0.142539 -0.988587
vn 0.128486 0.128443 -0.983358
vn 0.000076 0.053023 -0.998593
vn -0.000004 0.134964 -0.990851
vn 0.048761 0.142539 -0.988587
vn 0.007615 0.055888 -0.998408
vn 0.000076 0.053023 -0.998593
vn -0.008669 0.054885 -0.998455
vn -0.048731 0.142499 -0.988595
vn -0.000004 0.134964 -0.990851
vn -0.054846 0.054846 -0.996987
vn -0.128375 0.128374 -0.983382
vn -0.048731 0.142499 -0.988595
vn -0.008669 0.054885 -0.998455
vn -0.054846 0.054846 -0.996987
vn -0.054885 0.008669 -0.998455
vn -0.142499 0.048731 -0.988595
vn -0.128375 0.128374 -0.983382
vn -0.053023 -0.000076 -0.998593
vn -0.134963 0.000004 -0.990851
vn -0.142499 0.048731 -0.988595
vn -0.054885 0.008669 -0.998455
vn 0.919334 0.380777 0.099168
vn 0.995051 -0.000053 0.099366
vn 0.995031 -0.000218 0.099564
vn 0.919312 0.380986 0.098560
vn 0.703583 0.703646 0.099263
vn 0.919334 0.380777 0.099168
vn 0.919312 0.380986 0.098560
vn 0.703536 0.703693 0.099263
vn 0.380757 0.919281 0.099734
vn 0.703583 0.703646 0.099263
vn 0.703536 0.703693 0.099263
vn 0.381076 0.919108 0.100105
vn 0.000002 0.995010 0.099779
vn 0.380757 0.919281 0.099734
vn 0.381076 0.919108 0.100105
vn -0.000053 0.995012 0.099751
vn -0.380901 0.919237 0.099589
vn 0.000002 0.995010 0.099779
vn -0.000053 0.995012 0.099751
vn -0.380889 0.919228 0.099715
vn -0.703635 0.703556 0.099533
vn -0.380901 0.919237 0.099589
vn -0.380889 0.919228 0.099715
vn -0.703519 0.703614 0.099940
vn -0.919212 0.380926 0.099726
vn -0.703635 0.703556 0.099533
vn -0.703519 0.703614 0.099940
vn -0.919312 0.380748 0.099481
vn -0.995067 -0.000069 0.099202
vn -0.919212 0.380926 0.099726
vn -0.919312 0.380748 0.099481
vn -0.995119 -0.000203 0.098679
vn -0.919339 -0.380692 0.099445
vn -0.995067 -0.000069 0.099202
vn -0.995119 -0.000203 0.098679
vn -0.919398 -0.380507 0.099613
vn -0.703506 -0.703723 0.099268
vn -0.919339 -0.380692 0.099445
vn -0.919398 -0.380507 0.099613
vn -0.703614 -0.703622 0.099211
vn -0.380807 -0.919308 0.099292
vn -0.703506 -0.703723 0.099268
vn -0.703614 -0.703622 0.099211
vn -0.380824 -0.919261 0.099662
vn -0.000041 -0.995052 0.099360
vn -0.380807 -0.919308 0.099292
vn -0.380824 -0.919261 0.099662
vn -0.000023 -0.995009 0.099782
vn 0.380611 -0.919362 0.099544
vn -0.000041 -0.995052 0.099360
vn -0.000023 -0.995009 0.099782
vn 0.380729 -0.919282 0.099830
vn 0.703513 -0.703726 0.099197
vn 0.380611 -0.919362 0.099544
vn 0.380729 -0.919282 0.099830
vn 0.703841 -0.703527 0.098276
vn 0.919453 -0.380566 0.098877
vn 0.703513 -0.703726 0.099197
vn 0.703841 -0.703527 0.098276
vn 0.919409 -0.380719 0.098693
vn 0.995051 -0.000053 0.099366
vn 0.919453 -0.380566 0.098877
vn 0.919409 -0.380719 0.098693
vn 0.995031 -0.000218 0.099564
vn 0.919376 0.380597 0.099463
vn 0.995045 0.000065 0.099427
vn 0.995055 0.000100 0.099328
vn 0.919324 0.380713 0.099505
vn 0.703528 0.703676 0.099439
vn 0.919376 0.380597 0.099463
vn 0.919324 0.380713 0.099505
vn 0.703489 0.703711 0.099467
vn 0.380754 0.919316 0.099424
vn 0.703528 0.703676 0.099439
vn 0.703489 0.703711 0.099467
vn 0.380705 0.919337 0.099412
vn -0.000090 0.995046 0.099419
vn 0.380754 0.919316 0.099424
vn 0.380705 0.919337 0.099412
vn -0.000041 0.995030 0.099575
vn -0.380788 0.919304 0.099405
vn -0.000090 0.995046 0.099419
vn -0.000041 0.995030 0.099575
vn -0.380558 0.919377 0.099609
vn -0.703513 0.703690 0.099450
vn -0.380788 0.919304 0.099405
vn -0.380558 0.919377 0.099609
vn -0.703680 0.703543 0.099303
vn -0.919264 0.380875 0.099441
vn -0.703513 0.703690 0.099450
vn -0.703680 0.703543 0.099303
vn -0.919355 0.380649 0.099465
vn -0.995046 0.000053 0.099419
vn -0.919264 0.380875 0.099441
vn -0.919355 0.380649 0.099465
vn -0.995028 0.000067 0.099592
vn -0.919215 -0.381002 0.099402
vn -0.995046 0.000053 0.099419
vn -0.995028 0.000067 0.099592
vn -0.919315 -0.380739 0.099491
vn -0.703603 -0.703601 0.099439
vn -0.919215 -0.381002 0.099402
vn -0.919315 -0.380739 0.099491
vn -0.703700 -0.703497 0.099491
vn -0.380744 -0.919316 0.099458
vn -0.703603 -0.703601 0.099439
vn -0.703700 -0.703497 0.099491
vn -0.380712 -0.919348 0.099288
vn -0.000094 -0.995041 0.099470
vn -0.380744 -0.919316 0.099458
vn -0.380712 -0.919348 0.099288
vn -0.000099 -0.995061 0.099261
vn 0.380718 -0.919325 0.099477
vn -0.000094 -0.995041 0.099470
vn -0.000099 -0.995061 0.099261
vn 0.380962 -0.919265 0.099096
vn 0.703601 -0.703605 0.099430
vn 0.380718 -0.919325 0.099477
vn 0.380962 -0.919265 0.099096
vn 0.703486 -0.703699 0.099573
vn 0.919333 -0.380716 0.099405
vn 0.703601 -0.703605 0.099430
vn 0.703486 -0.703699 0.099573
vn 0.919266 -0.380846 0.099528
vn 0.995045 0.000065 0.099427
vn 0.919333 -0.380716 0.099405
vn 0.919266 -0.380846 0.099528
vn 0.995055 0.000100 0.099328
vn 1.000000 0.000000 -0.000038
vn 1.000000 0.000000 -0.000038
vn 0.923890 0.000000 -0.382659
vn 0.923890 0.000000 -0.382659
vn 0.923890 0.000000 -0.382659
vn 0.707182 0.000000 -0.707031
vn 0.707182 0.000000 -0.707031
vn 0.923890 0.000000 -0.382659
vn 0.707182 0.000000 -0.707031
vn 0.382758 0.000000 -0.923848
vn 0.382758 0.000000 -0.923848
vn 0.707182 0.000000 -0.707031
vn 0.382758 0.000000 -0.923848
vn -0.000038 0.000000 -1.000000
vn -0.000038 0.000000 -1.000000
vn 0.382758 0.000000 -0.923848
vn -0.000038 0.000000 -1.000000
vn -0.382793 0.000000 -0.923834
vn -0.382793 0.000000 -0.923834
vn -0.000038 0.000000 -1.000000
vn -0.382793 0.000000 -0.923834
vn -0.707182 0.000000 -0.707031
vn -0.707182 0.000000 -0.707031
vn -0.382793 0.000000 -0.923834
vn -0.707182 0.000000 -0.707031
vn -0.923890 0.000000 -0.382659
vn -0.923890 0.000000 -0.382659
vn -0.707182 0.000000 -0.707031
vn 1.000000 0.000000 -0.000038
vn 1.000000 0.000000 -0.000038
vn 0.923890 0.000000 -0.382659
vn 0.923890 0.000000 -0.382659
vn 0.923890 0.000000 -0.382659
vn 0.707182 0.000000 -0.707031
vn 0.707182 0.000000 -0.707031
vn 0.923890 0.000000 -0.382659
vn 0.707182 0.000000 -0.707031
vn 0.382758 0.000000 -0.923848
vn 0.382758 0.000000 -0.923848
vn 0.707182 0.000000 -0.707031
vn 0.382758 0.000000 -0.923848
vn -0.000038 0.000000 -1.000000
vn -0.000038 0.000000 -1.000000
vn 0.382758 0.000000 -0.923848
vn -0.000038 0.000000 -1.000000
vn -0.382793 0.000000 -0.923834
vn -0.382793 0.000000 -0.923834
vn -0.000038 0.000000 -1.000000
vn -0.382793 0.000000 -0.923834
vn -0.707182 0.000000 -0.707031
vn -0.707182 0.000000 -0.707031
vn -0.382793 0.000000 -0.923834
vn -0.707182 0.000000 -0.707031
vn -0.923890 0.000000 -0.382659
vn -0.923890 0.000000 -0.382659
vn -0.707182 0.000000 -0.707031
vn 0.000000 1.000000 -0.000000
vn 0.000000 1.000000 -0.000000
vn 0.000000 1.000000 -0.000000
vn 0.000000 1.000000 -0.000000
vn 0.000000 1.000000 -0.000000
vn 0.000000 1.000000 -0.000000
vn 0.000000 1.000000 -0.000000
vn 0.000000 1.000000 -0.000000
vn 0.000000 1.000000 -0.000000
vn 0.000000 1.000000 -0.000000
vn 0.000000 1.000000 -0.000000
vn 0.000000 1.000000 -0.000000
vn 0.000000 1.000000 -0.000000
vn 0.000000 1.000000 -0.000000
vn 0.000000 1.000000 -0.000000
vn 0.000000 1.000000 -0.000000
vn 0.000000 1.000000 -0.000000
vn 0.000000 1.000000 -0.000000
vn 0.000000 1.000000 -0.000000
vn 0.000000 1.000000 -0.000000
vn 0.000000 1.000000 -0.000000
vn 0.000000 1.000000 -0.000000
vn 0.000000 1.000000 -0.000000
vn 0.000000 1.000000 -0.000000
vn 0.000000 1.000000 -0.000000
vn 0.000000 1.000000 -0.000000
vn 0.000000 1.000000 -0.000000
vn 0.000000 1.000000 -0.000000
vn 1.000000 0.000000 -0.000038
vn 1.000000 0.000000 -0.000038
vn 0.923890 0.000000 -0.382659
vn 0.923890 0.000000 -0.382659
vn 0.923890 0.000000 -0.382659
vn 0.707182 0.000000 -0.707031
vn 0.707182 0.000000 -0.707031
vn 0.923890 0.000000 -0.382659
vn 0.707182 0.000000 -0.707031
vn 0.382758 0.000000 -0.923848
vn 0.382758 0.000000 -0.923848
vn 0.707182 0.000000 -0.707031
vn 0.382758 0.000000 -0.923848
vn -0.000038 0.000000 -1.000000
vn -0.000038 0.000000 -1.000000
vn 0.382758 0.000000 -0.923848
vn -0.000038 0.000000 -1.000000
vn -0.382793 0.000000 -0.923834
vn -0.382793 0.000000 -0.923834
vn -0.000038 0.000000 -1.000000
vn -0.382793 0.000000 -0.923834
vn -0.707182 0.000000 -0.707031
vn -0.707182 0.000000 -0.707031
vn -0.382793 0.000000 -0.923834
vn -0.707182 0.000000 -0.707031
vn -0.923890 0.000000 -0.382659
vn -0.923890 0.000000 -0.382659
vn -0.707182 0.000000 -0.707031
vn 1.000000 0.000000 -0.000000
vn 1.000000 0.000000 -0.000000
vn 0.923835 0.000000 -0.382791
vn 0.923835 0.000000 -0.382791
vn 0.923835 0.000000 -0.382791
vn 0.706948 0.000000 -0.707266
vn 0.706948 0.000000 -0.707266
vn 0.923835 0.000000 -0.382791
vn 0.706948 0.000000 -0.707266
vn 0.382658 0.000000 -0.923890
vn 0.382658 0.000000 -0.923890
vn 0.706948 0.000000 -0.707266
vn 0.382658 0.000000 -0.923890
vn -0.000000 0.000000 -1.000000
vn 0.000000 0.000000 -1.000000
vn 0.382658 0.000000 -0.923890
vn -0.000000 0.000000 -1.000000
vn -0.382658 0.000000 -0.923890
vn -0.382658 0.000000 -0.923890
vn 0.000000 0.000000 -1.000000
vn -0.382658 0.000000 -0.923890
vn -0.706948 0.000000 -0.707266
vn -0.706948 0.000000 -0.707266
vn -0.382658 0.000000 -0.923890
vn -0.706948 0.000000 -0.707266
vn -0.923835 0.000000 -0.382791
vn -0.923835 0.000000 -0.382791
vn -0.706948 0.000000 -0.707266
vn 1.000000 0.000000 -0.000000
vn 1.000000 0.000000 -0.000000
vn 0.923835 0.000000 -0.382791
vn 0.923835 0.000000 -0.382791
vn 0.923835 0.000000 -0.382791
vn 0.706948 0.000000 -0.707266
vn 0.706948 0.000000 -0.707266
vn 0.923835 0.000000 -0.382791
vn 0.706948 0.000000 -0.707266
vn 0.382658 0.000000 -0.923890
vn 0.382658 0.000000 -0.923890
vn 0.706948 0.000000 -0.707266
vn 0.382658 0.000000 -0.923890
vn -0.000000 0.000000 -1.000000
vn -0.000000 0.000000 -1.000000
vn 0.382658 0.000000 -0.923890
vn -0.000000 0.000000 -1.000000
vn -0.382658 0.000000 -0.923890
vn -0.382658 0.000000 -0.923890
vn -0.000000 0.000000 -1.000000
vn -0.382658 0.000000 -0.923890
vn -0.706948 0.000000 -0.707266
vn -0.706948 0.000000 -0.707266
vn -0.382658 0.000000 -0.923890
vn -0.706948 0.000000 -0.707266
vn -0.923835 0.000000 -0.382791
vn -0.923835 0.000000 -0.382791
vn -0.706948 0.000000 -0.707266
vn 0.918893 0.380817 0.103028
vn 0.994551 -0.000026 0.104249
vn 0.995045 0.000065 0.099427
vn 0.919376 0.380597 0.099463
vn 0.703386 0.703885 0.098966
vn 0.918893 0.380817 0.103028
vn 0.919376 0.380597 0.099463
vn 0.703528 0.703676 0.099439
vn 0.380954 0.919307 0.098740
vn 0.703386 0.703885 0.098966
vn 0.703528 0.703676 0.099439
vn 0.380754 0.919316 0.099424
vn -0.000001 0.995048 0.099399
vn 0.380954 0.919307 0.098740
vn 0.380754 0.919316 0.099424
vn -0.000090 0.995046 0.099419
vn -0.380524 0.919678 0.096920
vn -0.000001 0.995048 0.099399
vn -0.000090 0.995046 0.099419
vn -0.380788 0.919304 0.099405
vn -0.703460 0.703811 0.098964
vn -0.380524 0.919678 0.096920
vn -0.380788 0.919304 0.099405
vn -0.703513 0.703690 0.099450
vn -0.919303 0.380968 0.098716
vn -0.703460 0.703811 0.098964
vn -0.703513 0.703690 0.099450
vn -0.919264 0.380875 0.099441
vn -0.995045 0.000052 0.099425
vn -0.919303 0.380968 0.098716
vn -0.919264 0.380875 0.099441
vn -0.995046 0.000053 0.099419
vn -0.919286 -0.381012 0.098712
vn -0.995045 0.000052 0.099425
vn -0.995046 0.000053 0.099419
vn -0.919215 -0.381002 0.099402
vn -0.703682 -0.703583 0.099008
vn -0.919286 -0.381012 0.098712
vn -0.919215 -0.381002 0.099402
vn -0.703603 -0.703601 0.099439
vn -0.380084 -0.919393 0.101253
vn -0.703682 -0.703583 0.099008
vn -0.703603 -0.703601 0.099439
vn -0.380744 -0.919316 0.099458
vn 0.000064 -0.995029 0.099589
vn -0.380084 -0.919393 0.101253
vn -0.380744 -0.919316 0.099458
vn -0.000094 -0.995041 0.099470
vn 0.380413 -0.919054 0.103081
vn 0.000064 -0.995029 0.099589
vn -0.000094 -0.995041 0.099470
vn 0.380718 -0.919325 0.099477
vn 0.703737 -0.703514 0.099107
vn 0.380413 -0.919054 0.103081
vn 0.380718 -0.919325 0.099477
vn 0.703601 -0.703605 0.099430
vn 0.918826 -0.380917 0.103247
vn 0.703737 -0.703514 0.099107
vn 0.703601 -0.703605 0.099430
vn 0.919333 -0.380716 0.099405
vn 0.994551 -0.000026 0.104249
vn 0.918826 -0.380917 0.103247
vn 0.919333 -0.380716 0.099405
vn 0.995045 0.000065 0.099427
vn 0.000000 0.000000 -1.000000
vn 0.000000 0.000000 -1.000000
vn 0.000000 0.000000 -1.000000
vn 0.000000 0.000000 -1.000000
vn 0.000000 0.000000 -1.000000
vn 0.000000 0.000000 -1.000000
vn 0.000000 0.000000 -1.000000
vn 0.000000 0.000000 -1.000000
vn 0.000000 0.000000 -1.000000
vn 0.000000 0.000000 -1.000000
vn 0.000000 0.000000 -1.000000
vn 0.000000 0.000000 -1.000000
vn 0.000000 0.000000 -1.000000
vn 0.000000 0.000000 -1.000000
vn 0.000000 0.000000 -1.000000
vn 0.000000 0.000000 -1.000000
vn 0.000000 0.000000 -1.000000
vn 0.000000 0.000000 -1.000000
vn 0.000000 0.000000 -1.000000
vn 0.000000 0.000000 -1.000000
vn 0.000000 0.000000 -1.000000
vn 0.000000 0.000000 -1.000000
vn 0.000000 0.000000 -1.000000
vn 0.000000 0.000000 -1.000000
vn 0.000000 0.000000 -1.000000
vn 0.000000 0.000000 -1.000000
vn 0.000000 0.000000 -1.000000
vn 0.000000 0.000000 -1.000000
vn 0.000000 0.000000 -1.000000
vn 0.000000 0.000000 -1.000000
vn 0.000000 0.000000 -1.000000
vn 0.000000 0.000000 -1.000000
vn 0.000000 0.000000 -1.000000
vn 0.000000 0.000000 -1.000000
vn 0.000000 0.000000 -1.000000
vn 0.000000 0.000000 -1.000000
vn 0.000000 0.000000 -1.000000
vn 0.000000 0.000000 -1.000000
vn 0.000000 0.000000 -1.000000
vn 0.000000 0.000000 -1.000000
vn 0.000000 0.000000 -1.000000
vn 0.000000 0.000000 -1.000000
vn 0.000000 0.000000 -1.000000
vn 0.000000 0.000000 -1.000000
vn 0.000000 0.000000 -1.000000
vn 0.000000 0.000000 -1.000000
vn 0.000000 0.000000 -1.000000
vn 0.000000 0.000000 -1.000000
vn 0.000000 0.000000 -1.000000
vn 0.000000 0.000000 -1.000000
vn 0.000000 0.000000 -1.000000
vn 0.000000 0.000000 -1.000000
vn 0.000000 0.000000 -1.000000
vn 0.000000 0.000000 -1.000000
vn 0.000000 0.000000 -1.000000
vn 0.000000 0.000000 -1.000000
vn 0.000000 0.000000 -1.000000
vn 0.000000 0.000000 -1.000000
vn 0.000000 0.000000 -1.000000
vn 0.000000 0.000000 -1.000000
vn 0.000000 0.000000 -1.000000
vn 0.000000 0.000000 -1.000000
vn 0.000000 0.000000 -1.000000
vn 0.000000 0.000000 -1.000000
vn 0.000000 0.000000 -1.000000
vn 0.000000 0.000000 -1.000000
vn 0.000000 0.000000 -1.000000
vn 0.000000 0.000000 -1.000000
vn 0.000000 0.000000 -1.000000
vn 0.000000 0.000000 -1.000000
vn 0.000000 0.000000 -1.000000
vn 0.000000 0.000000 -1.000000
vn 0.000000 0.000000 -1.000000
vn 0.000000 0.000000 -1.000000
vn 0.000000 0.000000 -1.000000
vn 0.000000 0.000000 -1.000000
vn 0.000000 0.000000 -1.000000
vn 0.000000 0.000000 -1.000000
vn 0.000000 0.000000 -1.000000
vn 0.000000 0.000000 -1.000000
vn 0.000000 0.000000 -1.000000
vn 0.000000 0.000000 -1.000000
vn 0.000000 0.000000 -1.000000
vn 0.000000 0.000000 -1.000000
vn 0.000000 0.000000 -1.000000
vn 0.000000 0.000000 -1.000000
vn 0.000000 0.000000 -1.000000
vn 0.000000 0.000000 -1.000000
vn 0.000000 0.000000 -1.000000
vn 0.000000 0.000000 -1.000000
vn 0.000000 0.000000 -1.000000
vn 0.000000 0.000000 -1.000000
vn 0.000000 0.000000 -1.000000
vn 0.000000 0.000000 -1.000000
vn 0.000000 0.000000 -1.000000
vn 0.000000 0.000000 -1.000000
vn 0.000000 0.000000 -1.000000
vn 0.000000 0.000000 -1.000000
vn 0.000000 0.000000 -1.000000
vn 0.000000 0.000000 -1.000000
vn 0.000000 0.000000 -1.000000
vn 0.000000 0.000000 -1.000000
vn 0.000000 0.000000 -1.000000
vn 0.000000 0.000000 -1.000000
vn 0.000000 0.000000 -1.000000
vn 0.000000 0.000000 -1.000000
vn 0.000000 0.000000 -1.000000
vn 0.000000 0.000000 -1.000000
vn 0.000000 0.000000 -1.000000
vn 0.000000 0.000000 -1.000000
vn 0.000000 0.000000 -1.000000
vn 0.000000 0.000000 -1.000000
vn 0.000000 0.000000 -1.000000
vn 0.000000 0.000000 -1.000000
vn 0.000000 0.000000 -1.000000
vn 0.000000 0.000000 -1.000000
vn 0.000000 0.000000 -1.000000
vn 0.000000 0.000000 -1.000000
vn 0.000000 0.000000 -1.000000
vn 0.000000 0.000000 -1.000000
vn 0.000000 0.000000 -1.000000
vn 0.000000 0.000000 -1.000000
vn 0.000000 0.000000 -1.000000
vn 0.000000 0.000000 -1.000000
vn 0.000000 0.000000 -1.000000
vn 0.000000 0.000000 -1.000000
vn 0.000000 0.000000 -1.000000
vn 0.000000 0.000000 -1.000000
vn 0.923768 0.382953 -0.000000
vn 1.000000 -0.000000 -0.000000
vn 1.000000 0.000000 -0.000000
vn 0.923768 0.382953 -0.000000
vn 0.707172 0.707042 -0.000000
vn 0.923768 0.382953 -0.000000
vn 0.923768 0.382953 -0.000000
vn 0.707172 0.707042 -0.000000
vn 0.382738 0.923857 -0.000000
vn 0.707172 0.707042 -0.000000
vn 0.707172 0.707042 -0.000000
vn 0.382738 0.923857 -0.000000
vn -0.000064 1.000000 -0.000000
vn 0.382738 0.923857 -0.000000
vn 0.382738 0.923857 -0.000000
vn -0.000064 1.000000 -0.000000
vn -0.382797 0.923832 -0.000000
vn -0.000064 1.000000 -0.000000
vn -0.000064 1.000000 -0.000000
vn -0.382797 0.923832 -0.000000
vn -0.706977 0.707236 -0.000000
vn -0.382797 0.923832 -0.000000
vn -0.382797 0.923832 -0.000000
vn -0.706977 0.707236 -0.000000
vn -0.923787 0.382907 -0.000000
vn -0.706977 0.707236 -0.000000
vn -0.706977 0.707236 -0.000000
vn -0.923787 0.382907 -0.000000
vn -1.000000 -0.000000 -0.000000
vn -0.923787 0.382907 -0.000000
vn -0.923787 0.382907 -0.000000
vn -1.000000 0.000000 -0.000000
vn -0.923857 -0.382737 -0.000000
vn -1.000000 -0.000000 -0.000000
vn -1.000000 0.000000 -0.000000
vn -0.923857 -0.382737 -0.000000
vn -0.706913 -0.707301 -0.000000
vn -0.923857 -0.382737 -0.000000
vn -0.923857 -0.382737 -0.000000
vn -0.706913 -0.707301 -0.000000
vn -0.382543 -0.923938 -0.000000
vn -0.706913 -0.707301 -0.000000
vn -0.706913 -0.707301 -0.000000
vn -0.382543 -0.923938 -0.000000
vn -0.000064 -1.000000 -0.000000
vn -0.382543 -0.923938 -0.000000
vn -0.382543 -0.923938 -0.000000
vn -0.000064 -1.000000 -0.000000
vn 0.382484 -0.923962 -0.000000
vn -0.000064 -1.000000 -0.000000
vn -0.000064 -1.000000 -0.000000
vn 0.382484 -0.923962 -0.000000
vn 0.707107 -0.707106 -0.000000
vn 0.382484 -0.923962 -0.000000
vn 0.382484 -0.923962 -0.000000
vn 0.707107 -0.707106 -0.000000
vn 0.923838 -0.382783 -0.000000
vn 0.707107 -0.707106 -0.000000
vn 0.707107 -0.707106 -0.000000
vn 0.923838 -0.382783 -0.000000
vn 1.000000 -0.000000 -0.000000
vn 0.923838 -0.382783 -0.000000
vn 0.923838 -0.382783 -0.000000
vn 1.000000 0.000000 -0.000000
vn 0.919324 0.380713 0.099505
vn 0.995055 0.000100 0.099328
vn 0.995051 -0.000053 0.099366
vn 0.919334 0.380777 0.099168
vn 0.703489 0.703711 0.099467
vn 0.919324 0.380713 0.099505
vn 0.919334 0.380777 0.099168
vn 0.703583 0.703646 0.099263
vn 0.380705 0.919337 0.099412
vn 0.703489 0.703711 0.099467
vn 0.703583 0.703646 0.099263
vn 0.380757 0.919281 0.099734
vn -0.000041 0.995030 0.099575
vn 0.380705 0.919337 0.099412
vn 0.380757 0.919281 0.099734
vn 0.000002 0.995010 0.099779
vn -0.380558 0.919377 0.099609
vn -0.000041 0.995030 0.099575
vn 0.000002 0.995010 0.099779
vn -0.380901 0.919237 0.099589
vn -0.703680 0.703543 0.099303
vn -0.380558 0.919377 0.099609
vn -0.380901 0.919237 0.099589
vn -0.703635 0.703556 0.099533
vn -0.919355 0.380649 0.099465
vn -0.703680 0.703543 0.099303
vn -0.703635 0.703556 0.099533
vn -0.919212 0.380926 0.099726
vn -0.995028 0.000067 0.099592
vn -0.919355 0.380649 0.099465
vn -0.919212 0.380926 0.099726
vn -0.995067 -0.000069 0.099202
vn -0.919315 -0.380739 0.099491
vn -0.995028 0.000067 0.099592
vn -0.995067 -0.000069 0.099202
vn -0.919339 -0.380692 0.099445
vn -0.703700 -0.703497 0.099491
vn -0.919315 -0.380739 0.099491
vn -0.919339 -0.380692 0.099445
vn -0.703506 -0.703723 0.099268
vn -0.380712 -0.919348 0.099288
vn -0.703700 -0.703497 0.099491
vn -0.703506 -0.703723 0.099268
vn -0.380807 -0.919308 0.099292
vn -0.000099 -0.995061 0.099261
vn -0.380712 -0.919348 0.099288
vn -0.380807 -0.919308 0.099292
vn -0.000041 -0.995052 0.099360
vn 0.380962 -0.919265 0.099096
vn -0.000099 -0.995061 0.099261
vn -0.000041 -0.995052 0.099360
vn 0.380611 -0.919362 0.099544
vn 0.703486 -0.703699 0.099573
vn 0.380962 -0.919265 0.099096
vn 0.380611 -0.919362 0.099544
vn 0.703513 -0.703726 0.099197
vn 0.919266 -0.380846 0.099528
vn 0.703486 -0.703699 0.099573
vn 0.703513 -0.703726 0.099197
vn 0.919453 -0.380566 0.098877
vn 0.995055 0.000100 0.099328
vn 0.919266 -0.380846 0.099528
vn 0.919453 -0.380566 0.098877
vn 0.995051 -0.000053 0.099366
vn 0.159660 -0.222951 -0.961666
vn 0.470506 -0.482356 -0.738889
vn 0.611060 -0.289015 -0.736937
vn 0.212222 -0.151819 -0.965356
vn 0.470506 -0.482356 -0.738889
vn 0.656109 -0.640835 -0.398562
vn 0.847587 -0.356822 -0.392778
vn 0.611060 -0.289015 -0.736937
vn -0.939059 0.343755 -0.000038
vn -0.820302 0.571931 -0.000038
vn -0.745884 0.511875 -0.426194
vn -0.860384 0.306669 -0.407054
vn -0.745884 0.511875 -0.426194
vn -0.574985 0.374403 -0.727472
vn -0.673757 0.219961 -0.705456
vn -0.860384 0.306669 -0.407054
vn -0.574985 0.374403 -0.727472
vn -0.354018 0.196787 -0.914301
vn -0.419922 0.107282 -0.901197
vn -0.673757 0.219961 -0.705456
vn -0.354018 0.196787 -0.914301
vn -0.117953 0.008655 -0.992981
vn -0.133963 -0.011719 -0.990917
vn -0.419922 0.107282 -0.901197
vn -0.117953 0.008655 -0.992981
vn 0.159660 -0.222951 -0.961666
vn 0.212222 -0.151819 -0.965356
vn -0.133963 -0.011719 -0.990917
vn 0.146309 -0.655598 -0.740800
vn 0.205719 -0.642549 -0.738113
vn 0.055008 -0.283674 -0.957342
vn 0.017004 -0.296605 -0.954849
vn 0.240583 -0.882745 -0.403586
vn 0.290181 -0.866886 -0.405345
vn 0.205719 -0.642549 -0.738113
vn 0.146309 -0.655598 -0.740800
vn -0.247508 0.596280 -0.763669
vn -0.350261 0.543483 -0.762852
vn -0.464244 0.758694 -0.457013
vn -0.302733 0.837277 -0.455324
vn -0.176870 0.314698 -0.932567
vn -0.216468 0.283770 -0.934139
vn -0.350261 0.543483 -0.762852
vn -0.247508 0.596280 -0.763669
vn -0.101138 0.026995 -0.994506
vn -0.086306 0.026427 -0.995918
vn -0.216468 0.283770 -0.934139
vn -0.176870 0.314698 -0.932567
vn 0.017004 -0.296605 -0.954849
vn 0.055008 -0.283674 -0.957342
vn -0.086306 0.026427 -0.995918
vn -0.101138 0.026995 -0.994506
vn 0.282747 -0.959195 -0.000028
vn 0.319242 -0.947673 -0.000000
vn 0.290181 -0.866886 -0.405345
vn 0.240583 -0.882745 -0.403586
vn 0.271661 -0.064738 -0.960213
vn 0.263351 -0.081618 -0.961241
vn 0.686522 -0.094896 -0.720890
vn 0.682928 -0.056875 -0.728268
vn 0.682928 -0.056875 -0.728268
vn 0.686522 -0.094896 -0.720890
vn 0.923099 -0.074084 -0.377358
vn 0.920525 -0.028587 -0.389637
vn -0.993745 0.111672 -0.000045
vn -0.989531 0.144319 -0.000040
vn -0.906428 0.123408 -0.403929
vn -0.901191 0.090461 -0.423877
vn -0.901191 0.090461 -0.423877
vn -0.906428 0.123408 -0.403929
vn -0.708023 0.075469 -0.702145
vn -0.689346 0.045775 -0.722985
vn -0.689346 0.045775 -0.722985
vn -0.708023 0.075469 -0.702145
vn -0.434588 0.018790 -0.900433
vn -0.409289 -0.000420 -0.912404
vn -0.409289 -0.000420 -0.912404
vn -0.434588 0.018790 -0.900433
vn -0.127451 -0.034835 -0.991233
vn -0.111342 -0.040425 -0.992960
vn -0.111342 -0.040425 -0.992960
vn -0.127451 -0.034835 -0.991233
vn 0.263351 -0.081618 -0.961241
vn 0.271661 -0.064738 -0.960213
vn 1.000000 0.000000 -0.000000
vn 1.000000 0.000000 -0.000000
vn 1.000000 0.000000 -0.000000
vn 1.000000 0.000000 -0.000000
vn 1.000000 0.000000 -0.000000
vn 1.000000 0.000000 -0.000000
vn 1.000000 0.000000 -0.000000
vn 1.000000 0.000000 -0.000000
vn 1.000000 0.000000 -0.000000
vn 1.000000 0.000000 -0.000000
vn 1.000000 0.000000 -0.000000
vn 1.000000 0.000000 -0.000000
vn 1.000000 0.000000 -0.000000
vn 1.000000 0.000000 -0.000000
vn 1.000000 0.000000 -0.000000
vn 1.000000 0.000000 -0.000000
vn -0.923890 0.000000 -0.382659
vn -0.923890 0.000000 -0.382659
vn -1.000000 0.000000 -0.000038
vn -1.000000 0.000000 -0.000038
vn 0.000000 1.000000 -0.000000
vn 0.000000 1.000000 -0.000000
vn 0.000000 1.000000 -0.000000
vn 0.000000 1.000000 -0.000000
vn -0.811944 0.477137 0.336285
vn -0.811869 0.477277 0.336267
vn -0.879012 0.476800 0.000045
vn -0.879067 0.476699 0.000039
vn 0.000000 1.000000 -0.000000
vn 0.000000 1.000000 -0.000000
vn 0.000000 1.000000 -0.000000
vn 0.000000 1.000000 -0.000000
vn 0.923861 0.000000 -0.382727
vn 0.923861 0.000000 -0.382727
vn 1.000000 0.000000 -0.000053
vn 1.000000 0.000000 -0.000053
vn -0.923835 0.000000 -0.382791
vn -0.923835 0.000000 -0.382791
vn -1.000000 0.000000 -0.000000
vn -1.000000 0.000000 -0.000000
vn -0.923890 0.000000 -0.382659
vn -0.923890 0.000000 -0.382659
vn -1.000000 0.000000 -0.000038
vn -1.000000 0.000000 -0.000038
vn -0.923890 0.000000 -0.382659
vn -0.923890 0.000000 -0.382659
vn -1.000000 0.000000 -0.000038
vn -1.000000 0.000000 -0.000038
vn 0.000000 1.000000 -0.000000
vn 0.000000 1.000000 -0.000000
vn 0.000000 1.000000 -0.000000
vn 0.000000 1.000000 -0.000000
vn -0.923890 0.000000 -0.382659
vn -0.923890 0.000000 -0.382659
vn -1.000000 0.000000 -0.000038
vn -1.000000 0.000000 -0.000038
vn -0.923835 0.000000 -0.382791
vn -0.923835 0.000000 -0.382791
vn -1.000000 0.000000 -0.000000
vn -1.000000 0.000000 -0.000000
vn -0.923835 0.000000 -0.382791
vn -0.923835 0.000000 -0.382791
vn -1.000000 0.000000 -0.000000
vn -1.000000 0.000000 -0.000000
vn -0.999905 -0.002584 0.013556
vn -0.999908 -0.003460 0.013092
vn -0.999997 -0.002466 0.000004
vn -0.999998 -0.001953 0.000001
vn -0.048758 0.998758 -0.010264
vn -0.095460 0.995243 -0.019450
vn -0.095508 0.995429 -0.000000
vn -0.042250 0.999107 -0.000001
vn 0.084608 0.996173 -0.021946
vn 0.086721 0.996233 -0.000000
vn 0.340867 0.940112 -0.000003
vn 0.364858 0.929312 -0.057069
vn 0.000901 0.999998 -0.002027
vn -0.048758 0.998758 -0.010264
vn -0.042250 0.999107 -0.000001
vn 0.000050 1.000000 -0.000001
vn 0.998019 0.000000 0.062908
vn 0.926614 0.372381 0.052139
vn 0.933146 0.359497 -0.000022
vn 1.000000 0.000000 -0.000022
vn 0.926614 0.372381 0.052139
vn 0.379050 0.924971 0.027400
vn 0.408693 0.912672 -0.000008
vn 0.933146 0.359497 -0.000022
vn 0.999905 0.002624 -0.013555
vn 0.999998 0.002083 -0.000000
vn 0.999996 0.002786 -0.000005
vn 0.999904 0.002767 -0.013599
vn -0.972524 0.232734 -0.005752
vn -0.999904 -0.001947 0.013745
vn -0.999997 -0.002244 0.000007
vn -0.971519 0.236962 0.000003
vn -0.999904 -0.001947 0.013745
vn -0.999905 -0.002584 0.013556
vn -0.999998 -0.001953 0.000001
vn -0.999997 -0.002244 0.000007
vn 0.999901 0.003453 -0.013624
vn 0.999904 0.002767 -0.013599
vn 0.999996 0.002786 -0.000005
vn 0.999994 0.003390 -0.000006
vn 0.379050 0.924971 0.027400
vn 0.000901 0.999998 -0.002027
vn 0.000050 1.000000 -0.000001
vn 0.408693 0.912672 -0.000008
vn 0.998011 0.000000 0.063037
vn 0.998019 0.000000 0.062908
vn 1.000000 0.000000 -0.000022
vn 1.000000 0.000000 -0.000022
vn 0.077098 0.898426 -0.432303
vn 0.229512 0.875606 -0.425016
vn 0.258814 0.965927 -0.000005
vn 0.077341 0.997005 -0.000030
vn 0.049514 0.899949 -0.433174
vn 0.077098 0.898426 -0.432303
vn 0.077341 0.997005 -0.000030
vn 0.049697 0.998764 -0.000015
vn 0.229512 0.875606 -0.425016
vn 0.498295 0.722779 -0.478845
vn 0.568364 0.822777 -0.000021
vn 0.258814 0.965927 -0.000005
vn 0.000189 -1.000000 -0.000006
vn -0.172779 -0.981788 -0.078996
vn -0.146180 -0.978259 -0.147108
vn -0.077238 -0.978275 -0.192388
vn -0.407741 -0.888346 -0.211159
vn -0.172779 -0.981788 -0.078996
vn -0.179121 -0.983827 -0.000008
vn -0.428246 -0.903662 -0.000009
vn -0.643730 -0.697109 -0.315676
vn -0.407741 -0.888346 -0.211159
vn -0.428246 -0.903662 -0.000009
vn -0.680368 -0.732870 -0.000009
vn -0.679100 -0.607658 -0.411795
vn -0.643730 -0.697109 -0.315676
vn -0.680368 -0.732870 -0.000009
vn -0.710371 -0.703827 -0.000026
vn -0.908613 0.033896 -0.416262
vn -0.769865 0.374266 -0.516945
vn -0.880445 0.474149 -0.000019
vn -0.998744 0.050102 -0.000022
vn 0.000000 1.000000 -0.000000
vn 0.000000 1.000000 -0.000000
vn 0.000000 1.000000 -0.000000
vn 0.014634 0.999893 0.000001
vn -0.401257 -0.827137 -0.393493
vn -0.679100 -0.607658 -0.411795
vn -0.710371 -0.703827 -0.000026
vn -0.374093 -0.927391 -0.000030
vn 0.240583 -0.882745 -0.403586
vn 0.048919 -0.919245 -0.390636
vn 0.098524 -0.995135 -0.000031
vn 0.282747 -0.959195 -0.000028
vn 0.498295 0.722779 -0.478845
vn 0.769865 0.374266 -0.516945
vn 0.880445 0.474149 -0.000019
vn 0.568364 0.822777 -0.000021
vn 0.051023 -0.920279 -0.387921
vn -0.360917 -0.859238 -0.362558
vn -0.361749 -0.932275 -0.000034
vn 0.051215 -0.998688 -0.000035
vn 0.150204 -0.908655 -0.389595
vn 0.141726 -0.989906 -0.000031
vn 0.472943 -0.881093 -0.000030
vn 0.475838 -0.789954 -0.386717
vn -0.498295 0.722779 -0.478845
vn -0.568364 0.822778 -0.000021
vn -0.880445 0.474149 -0.000019
vn -0.769865 0.374266 -0.516945
vn 0.048919 -0.919245 -0.390636
vn -0.401257 -0.827137 -0.393493
vn -0.374093 -0.927391 -0.000030
vn 0.098524 -0.995135 -0.000031
vn 0.656109 -0.640835 -0.398562
vn 0.445116 -0.798291 -0.405713
vn 0.484284 -0.874911 -0.000000
vn 0.718876 -0.695138 -0.000009
vn -0.464244 0.758694 -0.457013
vn -0.603843 0.663794 -0.441306
vn -0.667594 0.744525 -0.000038
vn -0.516639 0.856203 -0.000030
vn 0.923099 -0.074084 -0.377358
vn 0.847587 -0.356822 -0.392778
vn 0.926471 -0.376367 -0.000040
vn 0.998139 -0.060983 -0.000040
vn -0.916496 -0.128189 -0.378950
vn -0.908613 0.033896 -0.416262
vn -0.998744 0.050102 -0.000022
vn -0.989166 -0.146798 -0.000021
vn -0.672510 0.666992 -0.320705
vn -0.354967 0.842555 -0.405091
vn -0.357207 0.934025 -0.000035
vn -0.673476 0.739210 -0.000024
vn 0.000000 0.901093 -0.433625
vn -0.345743 0.845392 -0.407153
vn -0.344619 0.938743 -0.000024
vn 0.000000 1.000000 -0.000026
vn 0.865183 -0.462233 -0.194421
vn 0.865159 -0.461957 -0.195182
vn 0.866017 -0.500015 -0.000012
vn 0.866063 -0.499935 -0.000012
vn -0.870820 0.454166 0.188164
vn -0.999284 -0.034956 -0.014487
vn -0.999282 -0.037896 -0.000003
vn -0.870679 0.491851 0.000007
vn -0.999284 -0.034956 -0.014487
vn -0.971640 -0.218461 -0.090498
vn -0.971632 -0.236497 -0.000004
vn -0.999282 -0.037896 -0.000003
vn -0.908548 0.385981 0.159870
vn -0.999362 -0.032990 -0.013667
vn -0.999361 -0.035754 0.000001
vn -0.908696 0.417457 0.000002
vn -0.999362 -0.032990 -0.013667
vn -0.847478 -0.490426 -0.203134
vn -0.847472 -0.530840 -0.000005
vn -0.999361 -0.035754 0.000001
vn -1.000000 0.000000 -0.000000
vn -1.000000 0.000000 -0.000000
vn -1.000000 0.000000 -0.000000
vn -1.000000 0.000000 -0.000000
vn -0.637058 -0.712144 0.294971
vn -0.636203 -0.712802 0.295227
vn -0.635863 -0.771802 0.000021
vn -0.636998 -0.770865 0.000010
vn -0.524003 0.786936 -0.325810
vn -0.523227 0.787314 -0.326144
vn -0.523111 0.852265 -0.000016
vn -0.524717 0.851277 -0.000015
vn -1.000000 0.000000 -0.000000
vn -1.000000 0.000000 -0.000000
vn -1.000000 0.000000 -0.000000
vn -1.000000 0.000000 -0.000000
vn -0.726345 -0.634971 0.263124
vn -0.913121 -0.376678 0.155960
vn -0.913572 -0.406677 0.000000
vn -0.726806 -0.686843 0.000005
vn -0.655716 0.697517 -0.288976
vn -0.847472 0.490434 -0.203139
vn -0.847479 0.530829 -0.000006
vn -0.654709 0.755881 -0.000008
vn 0.000000 0.923881 -0.382680
vn -0.336646 0.869961 -0.360329
vn -0.335576 0.942013 -0.000010
vn 0.000000 1.000000 -0.000011
vn 0.096930 -0.995291 -0.000005
vn 0.071147 -0.996362 -0.046915
vn 0.069688 -0.996582 -0.044360
vn 0.997307 -0.073336 -0.000043
vn 0.915925 -0.065811 -0.395917
vn 0.915052 -0.067866 -0.397585
vn 0.071147 -0.996362 -0.046915
vn 0.096930 -0.995291 -0.000005
vn 0.092874 -0.995678 -0.000007
vn 0.065527 -0.996636 -0.049231
vn -0.918249 -0.127725 -0.374841
vn -0.916496 -0.128189 -0.378950
vn -0.989166 -0.146798 -0.000021
vn -0.989343 -0.145602 -0.000020
vn 0.004042 0.999989 0.002288
vn 0.000000 1.000000 -0.000000
vn 0.014634 0.999893 0.000001
vn 0.043526 0.999052 0.000003
vn 0.915052 -0.067866 -0.397585
vn 0.920525 -0.028587 -0.389637
vn 0.999792 -0.020386 -0.000042
vn 0.997307 -0.073336 -0.000043
vn 0.000000 0.901093 -0.433625
vn 0.000000 0.901093 -0.433625
vn 0.000000 1.000000 -0.000026
vn 0.000000 1.000000 -0.000026
vn -0.345743 0.845392 -0.407153
vn -0.673212 0.666408 -0.320447
vn -0.673958 0.738770 -0.000020
vn -0.344619 0.938743 -0.000024
vn -0.673212 0.666408 -0.320447
vn -0.672510 0.666992 -0.320705
vn -0.673476 0.739210 -0.000024
vn -0.673958 0.738770 -0.000020
vn -0.354967 0.842555 -0.405091
vn 0.049514 0.899949 -0.433174
vn 0.049697 0.998764 -0.000015
vn -0.357207 0.934025 -0.000035
vn 0.042131 -0.921787 -0.385401
vn 0.051023 -0.920279 -0.387921
vn 0.051215 -0.998688 -0.000035
vn 0.036511 -0.999333 -0.000033
vn 0.000000 0.923881 -0.382680
vn 0.000000 0.923881 -0.382680
vn 0.000000 1.000000 -0.000011
vn 0.000000 1.000000 -0.000011
vn -0.336646 0.869961 -0.360329
vn -0.655716 0.697517 -0.288976
vn -0.654709 0.755881 -0.000008
vn -0.335576 0.942013 -0.000010
vn -0.913121 -0.376678 0.155960
vn -1.000000 0.000000 -0.000000
vn -1.000000 0.000000 -0.000000
vn -0.913572 -0.406677 0.000000
vn -1.000000 0.000000 -0.000000
vn -1.000000 0.000000 -0.000000
vn -1.000000 0.000000 -0.000000
vn -1.000000 0.000000 -0.000000
vn -0.908675 -0.385729 0.159761
vn -0.726345 -0.634971 0.263124
vn -0.726806 -0.686843 0.000005
vn -0.908571 -0.417731 0.000004
vn -0.524685 0.786451 -0.325884
vn -0.524003 0.786936 -0.325810
vn -0.524717 0.851277 -0.000015
vn -0.526174 0.850377 -0.000014
vn -0.870804 -0.454191 0.188175
vn -0.637058 -0.712144 0.294971
vn -0.636998 -0.770865 0.000010
vn -0.870879 -0.491498 0.000002
vn -1.000000 0.000000 -0.000000
vn -1.000000 0.000000 -0.000000
vn -1.000000 0.000000 -0.000000
vn -1.000000 0.000000 -0.000000
vn -0.923873 0.000000 -0.382700
vn -0.923873 0.000000 -0.382700
vn -1.000000 0.000000 -0.000025
vn -1.000000 0.000000 -0.000025
vn -0.156422 -0.985562 -0.064800
vn -0.157392 -0.985384 -0.065157
vn -0.170458 -0.985365 -0.000000
vn -0.169320 -0.985561 -0.000002
vn -0.923883 0.000000 -0.382675
vn -0.923883 0.000000 -0.382675
vn -1.000000 0.000000 -0.000000
vn -1.000000 0.000000 -0.000000
vn -0.923873 0.000000 -0.382700
vn -0.923873 0.000000 -0.382700
vn -1.000000 0.000000 -0.000025
vn -1.000000 0.000000 -0.000025
vn -0.155162 -0.985797 -0.064253
vn -0.156422 -0.985562 -0.064800
vn -0.169320 -0.985561 -0.000002
vn -0.168119 -0.985767 -0.000002
vn -0.154764 -0.985869 -0.064119
vn -0.155162 -0.985797 -0.064253
vn -0.168119 -0.985767 -0.000002
vn -0.167891 -0.985806 -0.000000
vn -0.923883 0.000000 -0.382675
vn -0.923883 0.000000 -0.382675
vn -1.000000 0.000000 -0.000000
vn -1.000000 0.000000 -0.000000
vn -0.923883 0.000000 -0.382675
vn -0.923883 0.000000 -0.382675
vn -1.000000 0.000000 -0.000000
vn -1.000000 0.000000 -0.000000
vn 0.000000 1.000000 -0.000000
vn 0.000000 1.000000 -0.000000
vn 0.000000 1.000000 -0.000000
vn 0.000000 1.000000 -0.000000
vn 0.000000 1.000000 -0.000000
vn 0.000000 1.000000 -0.000000
vn 0.000000 1.000000 -0.000000
vn 0.000000 1.000000 -0.000000
vn 0.847587 -0.356822 -0.392778
vn 0.656109 -0.640835 -0.398562
vn 0.718876 -0.695138 -0.000009
vn 0.926471 -0.376367 -0.000040
vn -0.302733 0.837277 -0.455324
vn -0.464244 0.758694 -0.457013
vn -0.516639 0.856203 -0.000030
vn -0.326437 0.945219 -0.000000
vn 0.920525 -0.028587 -0.389637
vn 0.923099 -0.074084 -0.377358
vn 0.998139 -0.060983 -0.000040
vn 0.999792 -0.020386 -0.000042
vn 0.000000 1.000000 -0.000000
vn 0.000000 1.000000 -0.000000
vn 0.000000 1.000000 -0.000000
vn 0.000000 1.000000 -0.000000
vn 0.000000 1.000000 -0.000000
vn 0.000000 1.000000 -0.000000
vn 0.000000 1.000000 -0.000000
vn 0.000000 1.000000 -0.000000
vn 0.000000 1.000000 -0.000000
vn 0.000000 1.000000 -0.000000
vn 0.000000 1.000000 -0.000000
vn 0.000000 1.000000 -0.000000
vn 0.000000 1.000000 -0.000000
vn 0.000000 1.000000 -0.000000
vn 0.000000 1.000000 -0.000000
vn 0.000000 1.000000 -0.000000
vn 0.000000 1.000000 -0.000000
vn 0.000000 1.000000 -0.000000
vn 0.000000 1.000000 -0.000000
vn 0.000000 1.000000 -0.000000
vn 0.000000 1.000000 -0.000000
vn 0.000000 1.000000 -0.000000
vn 0.000000 1.000000 -0.000000
vn 0.000000 1.000000 -0.000000
vn 0.000000 1.000000 -0.000000
vn 0.000000 1.000000 -0.000000
vn 0.000000 1.000000 -0.000000
vn 0.000000 1.000000 -0.000000
vn 0.000000 1.000000 -0.000000
vn 0.000000 1.000000 -0.000000
vn 0.000000 1.000000 -0.000000
vn 0.000000 1.000000 -0.000000
vn -0.671698 0.000000 -0.740825
vn -0.265697 0.000000 -0.964056
vn -0.254420 0.000000 -0.967094
vn -0.663481 0.000000 -0.748193
vn -0.917075 0.000000 -0.398714
vn -0.671698 0.000000 -0.740825
vn -0.663481 0.000000 -0.748193
vn -0.914524 0.000000 -0.404532
vn 0.901734 0.000000 -0.432292
vn 1.000000 0.000000 0.000057
vn 1.000000 0.000000 0.000058
vn 0.901148 0.000000 -0.433512
vn 0.682585 0.000000 -0.730807
vn 0.901734 0.000000 -0.432292
vn 0.901148 0.000000 -0.433512
vn 0.682258 0.000000 -0.731112
vn 0.402372 0.000000 -0.915476
vn 0.682585 0.000000 -0.730807
vn 0.682258 0.000000 -0.731112
vn 0.403998 0.000000 -0.914760
vn 0.108287 0.000000 -0.994120
vn 0.402372 0.000000 -0.915476
vn 0.403998 0.000000 -0.914760
vn 0.112028 0.000000 -0.993705
vn -0.265697 0.000000 -0.964056
vn 0.108287 0.000000 -0.994120
vn 0.112028 0.000000 -0.993705
vn -0.254420 0.000000 -0.967094
vn -1.000000 0.000000 0.000054
vn -0.917075 0.000000 -0.398714
vn -0.914524 0.000000 -0.404532
vn -1.000000 0.000000 0.000055
vn -0.265479 0.000000 0.964117
vn -0.671801 0.000000 0.740732
vn -0.663580 0.000000 0.748105
vn -0.254189 0.000000 0.967155
vn -0.671801 0.000000 0.740732
vn -0.917106 0.000000 0.398643
vn -0.914558 0.000000 0.404455
vn -0.663580 0.000000 0.748105
vn 1.000000 0.000000 0.000057
vn 0.901774 0.000000 0.432208
vn 0.901189 0.000000 0.433426
vn 1.000000 0.000000 0.000058
vn 0.901774 0.000000 0.432208
vn 0.682455 0.000000 0.730928
vn 0.682127 0.000000 0.731234
vn 0.901189 0.000000 0.433426
vn 0.682455 0.000000 0.730928
vn 0.402071 0.000000 0.915608
vn 0.403695 0.000000 0.914894
vn 0.682127 0.000000 0.731234
vn 0.402071 0.000000 0.915608
vn 0.108522 0.000000 0.994094
vn 0.112256 0.000000 0.993679
vn 0.403695 0.000000 0.914894
vn 0.108522 0.000000 0.994094
vn -0.265479 0.000000 0.964117
vn -0.254189 0.000000 0.967155
vn 0.112256 0.000000 0.993679
vn -0.917106 0.000000 0.398643
vn -1.000000 0.000000 0.000054
vn -1.000000 0.000000 0.000055
vn -0.914558 0.000000 0.404455
vn 0.000023 0.000000 -1.000000
vn -0.382706 0.000000 -0.923870
vn -0.382706 0.000000 -0.923870
vn 0.000023 0.000000 -1.000000
vn -0.382706 0.000000 -0.923870
vn -0.707130 0.000000 -0.707084
vn -0.707130 0.000000 -0.707084
vn -0.382706 0.000000 -0.923870
vn -0.707130 0.000000 -0.707084
vn -0.925476 0.000000 -0.378805
vn -0.926271 0.000000 -0.376858
vn -0.707130 0.000000 -0.707084
vn -0.925476 0.000000 -0.378805
vn -1.000000 0.000000 0.000023
vn -1.000000 0.000000 0.000023
vn -0.926271 0.000000 -0.376858
vn 0.382727 0.000000 -0.923861
vn 0.000023 0.000000 -1.000000
vn 0.000023 0.000000 -1.000000
vn 0.382727 0.000000 -0.923861
vn 0.707130 0.000000 -0.707084
vn 0.382727 0.000000 -0.923861
vn 0.382727 0.000000 -0.923861
vn 0.707130 0.000000 -0.707084
vn 0.925430 0.000000 -0.378918
vn 0.707130 0.000000 -0.707084
vn 0.707130 0.000000 -0.707084
vn 0.926225 0.000000 -0.376972
vn 1.000000 0.000000 0.000023
vn 0.925430 0.000000 -0.378918
vn 0.926225 0.000000 -0.376972
vn 1.000000 0.000000 0.000023
vn -0.382614 0.000000 0.923908
vn 0.000023 0.000000 1.000000
vn 0.000023 0.000000 1.000000
vn -0.382614 0.000000 0.923908
vn -0.707107 0.000000 0.707107
vn -0.382614 0.000000 0.923908
vn -0.382614 0.000000 0.923908
vn -0.707107 0.000000 0.707107
vn -0.925493 0.000000 0.378765
vn -0.707107 0.000000 0.707107
vn -0.707107 0.000000 0.707107
vn -0.926287 0.000000 0.376818
vn -1.000000 0.000000 0.000023
vn -0.925493 0.000000 0.378765
vn -0.926287 0.000000 0.376818
vn -1.000000 0.000000 0.000023
vn 0.000023 0.000000 1.000000
vn 0.382636 0.000000 0.923899
vn 0.382636 0.000000 0.923899
vn 0.000023 0.000000 1.000000
vn 0.382636 0.000000 0.923899
vn 0.707107 0.000000 0.707107
vn 0.707107 0.000000 0.707107
vn 0.382636 0.000000 0.923899
vn 0.707107 0.000000 0.707107
vn 0.925447 0.000000 0.378878
vn 0.926241 0.000000 0.376932
vn 0.707107 0.000000 0.707107
vn 0.925447 0.000000 0.378878
vn 1.000000 0.000000 0.000023
vn 1.000000 0.000000 0.000023
vn 0.926241 0.000000 0.376932
# 8770 vertex normals

vt 0.392500 0.074100 0.000000
vt 0.393200 0.065100 0.000000
vt 0.408100 0.066900 0.000000
vt 0.407300 0.075900 0.000000
vt 0.263100 0.011300 0.000000
vt 0.273000 0.011700 0.000000
vt 0.272700 0.019700 0.000000
vt 0.261300 0.019000 0.000000
vt 0.167700 0.009700 0.000000
vt 0.204900 0.010100 0.000000
vt 0.204600 0.016200 0.000000
vt 0.167800 0.017300 0.000000
vt 0.207700 0.010100 0.000000
vt 0.240900 0.010700 0.000000
vt 0.239200 0.017700 0.000000
vt 0.207700 0.016200 0.000000
vt 0.311100 0.013900 0.000000
vt 0.342700 0.016200 0.000000
vt 0.342200 0.022400 0.000000
vt 0.310700 0.021300 0.000000
vt 0.374800 0.018600 0.000000
vt 0.374200 0.025900 0.000000
vt 0.345100 0.022600 0.000000
vt 0.345400 0.016400 0.000000
vt 0.655400 0.946400 0.000000
vt 0.657400 0.947200 0.000000
vt 0.634500 0.964400 0.000000
vt 0.633300 0.963200 0.000000
vt 0.656700 0.822500 0.000000
vt 0.658800 0.821800 0.000000
vt 0.654300 0.842700 0.000000
vt 0.652400 0.843100 0.000000
vt 0.576600 0.727000 0.000000
vt 0.577600 0.725100 0.000000
vt 0.593100 0.753200 0.000000
vt 0.591900 0.754100 0.000000
vt 0.524800 0.725600 0.000000
vt 0.515800 0.725000 0.000000
vt 0.515800 0.723600 0.000000
vt 0.525000 0.724200 0.000000
vt 0.574800 0.726000 0.000000
vt 0.545200 0.726800 0.000000
vt 0.545200 0.725300 0.000000
vt 0.575900 0.724100 0.000000
vt 0.616900 0.784400 0.000000
vt 0.615900 0.785300 0.000000
vt 0.602300 0.769100 0.000000
vt 0.603100 0.767900 0.000000
vt 0.656000 0.820700 0.000000
vt 0.629100 0.798400 0.000000
vt 0.630500 0.797700 0.000000
vt 0.658100 0.820000 0.000000
vt 0.648000 0.881100 0.000000
vt 0.648900 0.863200 0.000000
vt 0.650400 0.863400 0.000000
vt 0.649400 0.881500 0.000000
vt 0.656100 0.944500 0.000000
vt 0.650700 0.916000 0.000000
vt 0.652300 0.916000 0.000000
vt 0.658200 0.945400 0.000000
vt 0.619000 0.977700 0.000000
vt 0.608300 0.987200 0.000000
vt 0.607400 0.986100 0.000000
vt 0.618100 0.976500 0.000000
vt 0.371200 0.068700 0.000000
vt 0.371800 0.060400 0.000000
vt 0.291200 0.012700 0.000000
vt 0.290800 0.020500 0.000000
vt 0.253300 0.054800 0.000000
vt 0.251400 0.063400 0.000000
vt 0.229300 0.058100 0.000000
vt 0.231300 0.050200 0.000000
vt 0.146400 0.009800 0.000000
vt 0.146500 0.017700 0.000000
vt 0.650100 0.897800 0.000000
vt 0.648500 0.897600 0.000000
vt 0.371100 0.070800 0.000000
vt 0.342300 0.060500 0.000000
vt 0.342500 0.058400 0.000000
vt 0.229200 0.060200 0.000000
vt 0.207100 0.053700 0.000000
vt 0.207100 0.051500 0.000000
vt 0.105300 0.061300 0.000000
vt 0.105400 0.063200 0.000000
vt 0.072100 0.055400 0.000000
vt 0.072000 0.053400 0.000000
vt 0.018400 0.072500 0.000000
vt 0.008800 0.073600 0.000000
vt 0.008600 0.071700 0.000000
vt 0.018300 0.070600 0.000000
vt 0.038600 0.065500 0.000000
vt 0.069600 0.053400 0.000000
vt 0.069700 0.055500 0.000000
vt 0.039300 0.067500 0.000000
vt 0.147000 0.063300 0.000000
vt 0.147500 0.065100 0.000000
vt 0.124400 0.065200 0.000000
vt 0.124300 0.063400 0.000000
vt 0.167900 0.060800 0.000000
vt 0.204500 0.051500 0.000000
vt 0.204500 0.053600 0.000000
vt 0.167700 0.062700 0.000000
vt 0.270800 0.065600 0.000000
vt 0.270800 0.067300 0.000000
vt 0.251200 0.065300 0.000000
vt 0.308100 0.064300 0.000000
vt 0.339800 0.058200 0.000000
vt 0.339700 0.060300 0.000000
vt 0.308200 0.066400 0.000000
vt 0.407100 0.077700 0.000000
vt 0.392200 0.076000 0.000000
vt 0.288600 0.067900 0.000000
vt 0.288600 0.066000 0.000000
vt 0.123100 0.010300 0.000000
vt 0.123300 0.018100 0.000000
vt 0.105100 0.052900 0.000000
vt 0.124100 0.054600 0.000000
vt 0.071700 0.046600 0.000000
vt 0.037800 0.057100 0.000000
vt 0.069100 0.046700 0.000000
vt 0.017400 0.061600 0.000000
vt 0.624100 0.824000 0.000000
vt 0.614700 0.809900 0.000000
vt 0.622500 0.806200 0.000000
vt 0.634600 0.820300 0.000000
vt 0.602800 0.793900 0.000000
vt 0.608600 0.789700 0.000000
vt 0.589500 0.778900 0.000000
vt 0.595400 0.774600 0.000000
vt 0.576000 0.766700 0.000000
vt 0.582100 0.759700 0.000000
vt 0.571200 0.747300 0.000000
vt 0.543800 0.738500 0.000000
vt 0.540600 0.747800 0.000000
vt 0.522900 0.743100 0.000000
vt 0.523500 0.735100 0.000000
vt 0.560600 0.741500 0.000000
vt 0.610600 0.970900 0.000000
vt 0.625000 0.955500 0.000000
vt 0.635700 0.943300 0.000000
vt 0.639800 0.932500 0.000000
vt 0.640000 0.916300 0.000000
vt 0.640300 0.897500 0.000000
vt 0.640200 0.845400 0.000000
vt 0.639500 0.831000 0.000000
vt 0.640200 0.863200 0.000000
vt 0.633900 0.880100 0.000000
vt 0.632800 0.863700 0.000000
vt 0.640300 0.880200 0.000000
vt 0.204500 0.044600 0.000000
vt 0.207200 0.044700 0.000000
vt 0.340300 0.051200 0.000000
vt 0.343000 0.051400 0.000000
vt 0.628100 0.833700 0.000000
vt 0.564600 0.757000 0.000000
vt 0.515500 0.734500 0.000000
vt 0.555500 0.752400 0.000000
vt 0.605000 0.965500 0.000000
vt 0.601400 0.978900 0.000000
vt 0.596600 0.973000 0.000000
vt 0.617100 0.950400 0.000000
vt 0.625300 0.938000 0.000000
vt 0.628800 0.928700 0.000000
vt 0.631200 0.914300 0.000000
vt 0.633200 0.896800 0.000000
vt 0.630900 0.847400 0.000000
vt 0.599700 0.794400 0.000000
vt 0.587800 0.781300 0.000000
vt 0.630200 0.895500 0.000000
vt 0.630700 0.879600 0.000000
vt 0.575300 0.770300 0.000000
vt 0.609800 0.808300 0.000000
vt 0.627400 0.848200 0.000000
vt 0.623400 0.834100 0.000000
vt 0.629600 0.863800 0.000000
vt 0.628000 0.911600 0.000000
vt 0.612500 0.950700 0.000000
vt 0.620000 0.937900 0.000000
vt 0.602600 0.964200 0.000000
vt 0.618000 0.821900 0.000000
vt 0.563300 0.761300 0.000000
vt 0.537500 0.750000 0.000000
vt 0.521700 0.745500 0.000000
vt 0.624700 0.926000 0.000000
vt 0.595300 0.971400 0.000000
vt 0.551700 0.755300 0.000000
vt 0.585800 0.784100 0.000000
vt 0.596200 0.795300 0.000000
vt 0.594600 0.796600 0.000000
vt 0.584300 0.785600 0.000000
vt 0.627200 0.879100 0.000000
vt 0.626800 0.894200 0.000000
vt 0.624700 0.894000 0.000000
vt 0.625100 0.879100 0.000000
vt 0.574300 0.774100 0.000000
vt 0.573000 0.775800 0.000000
vt 0.605300 0.807500 0.000000
vt 0.603500 0.808600 0.000000
vt 0.619100 0.834600 0.000000
vt 0.623600 0.849100 0.000000
vt 0.621500 0.849600 0.000000
vt 0.617100 0.835300 0.000000
vt 0.626100 0.864000 0.000000
vt 0.624100 0.864300 0.000000
vt 0.624700 0.909100 0.000000
vt 0.622600 0.908600 0.000000
vt 0.615300 0.937500 0.000000
vt 0.608100 0.950500 0.000000
vt 0.606200 0.949500 0.000000
vt 0.613300 0.936600 0.000000
vt 0.599700 0.962700 0.000000
vt 0.597900 0.961600 0.000000
vt 0.612900 0.820600 0.000000
vt 0.611000 0.821600 0.000000
vt 0.561800 0.765400 0.000000
vt 0.560700 0.767300 0.000000
vt 0.520200 0.748500 0.000000
vt 0.534500 0.752700 0.000000
vt 0.533700 0.754800 0.000000
vt 0.519500 0.750600 0.000000
vt 0.620800 0.923600 0.000000
vt 0.618800 0.922900 0.000000
vt 0.593800 0.969900 0.000000
vt 0.592400 0.969000 0.000000
vt 0.548400 0.758300 0.000000
vt 0.547500 0.760300 0.000000
vt 0.587000 0.782500 0.000000
vt 0.598200 0.794600 0.000000
vt 0.629200 0.879300 0.000000
vt 0.628700 0.894800 0.000000
vt 0.575000 0.772100 0.000000
vt 0.607400 0.807500 0.000000
vt 0.621100 0.834300 0.000000
vt 0.625700 0.848600 0.000000
vt 0.628100 0.863900 0.000000
vt 0.626500 0.910200 0.000000
vt 0.617300 0.937800 0.000000
vt 0.610200 0.950800 0.000000
vt 0.601400 0.963600 0.000000
vt 0.615000 0.820800 0.000000
vt 0.562600 0.763500 0.000000
vt 0.521100 0.746600 0.000000
vt 0.535900 0.751200 0.000000
vt 0.622700 0.924600 0.000000
vt 0.594900 0.970800 0.000000
vt 0.549900 0.756800 0.000000
vt 0.271200 0.056700 0.000000
vt 0.167800 0.052300 0.000000
vt 0.308600 0.055900 0.000000
vt 0.395900 0.028200 0.000000
vt 0.289000 0.057100 0.000000
vt 0.146900 0.054500 0.000000
vt 0.103800 0.018300 0.000000
vt 0.070400 0.018400 0.000000
vt 0.035300 0.022600 0.000000
vt 0.067300 0.018600 0.000000
vt 0.014500 0.024900 0.000000
vt 0.396500 0.020200 0.000000
vt 0.103600 0.010800 0.000000
vt 0.069900 0.012300 0.000000
vt 0.034700 0.015200 0.000000
vt 0.067000 0.012500 0.000000
vt 0.013900 0.017000 0.000000
vt 0.577700 0.792400 0.000000
vt 0.587300 0.802600 0.000000
vt 0.615700 0.879300 0.000000
vt 0.615300 0.893100 0.000000
vt 0.567200 0.783300 0.000000
vt 0.595600 0.813800 0.000000
vt 0.608200 0.838500 0.000000
vt 0.612300 0.851800 0.000000
vt 0.614700 0.865400 0.000000
vt 0.613400 0.906700 0.000000
vt 0.604700 0.932500 0.000000
vt 0.598000 0.944600 0.000000
vt 0.590000 0.956300 0.000000
vt 0.602600 0.825900 0.000000
vt 0.555800 0.775400 0.000000
vt 0.516800 0.759700 0.000000
vt 0.530500 0.763700 0.000000
vt 0.609900 0.919900 0.000000
vt 0.584700 0.963600 0.000000
vt 0.543500 0.768900 0.000000
vt 0.320100 0.697200 0.000000
vt 0.315800 0.748600 0.000000
vt 0.298500 0.697500 0.000000
vt 0.291600 0.665900 0.000000
vt 0.322400 0.664600 0.000000
vt 0.285500 0.637400 0.000000
vt 0.324300 0.635000 0.000000
vt 0.280300 0.606400 0.000000
vt 0.326100 0.606300 0.000000
vt 0.280000 0.574400 0.000000
vt 0.327800 0.575000 0.000000
vt 0.278900 0.543800 0.000000
vt 0.329300 0.545600 0.000000
vt 0.280500 0.507800 0.000000
vt 0.331100 0.510900 0.000000
vt 0.284400 0.469400 0.000000
vt 0.333200 0.473300 0.000000
vt 0.336100 0.424800 0.000000
vt 0.291300 0.420300 0.000000
vt 0.338100 0.390300 0.000000
vt 0.338100 0.391200 0.000000
vt 0.296900 0.386500 0.000000
vt 0.297100 0.385500 0.000000
vt 0.278200 0.703900 0.000000
vt 0.261900 0.675700 0.000000
vt 0.247500 0.647500 0.000000
vt 0.228700 0.616900 0.000000
vt 0.234600 0.575500 0.000000
vt 0.232600 0.540000 0.000000
vt 0.233600 0.499900 0.000000
vt 0.229200 0.465800 0.000000
vt 0.244500 0.412900 0.000000
vt 0.256300 0.377200 0.000000
vt 0.256800 0.376100 0.000000
vt 0.261200 0.715900 0.000000
vt 0.236700 0.692900 0.000000
vt 0.215700 0.672100 0.000000
vt 0.198300 0.652200 0.000000
vt 0.194800 0.433800 0.000000
vt 0.209900 0.396100 0.000000
vt 0.216300 0.363900 0.000000
vt 0.217200 0.362400 0.000000
vt 0.250800 0.731900 0.000000
vt 0.218300 0.717300 0.000000
vt 0.192000 0.700300 0.000000
vt 0.175000 0.684900 0.000000
vt 0.160400 0.408700 0.000000
vt 0.171400 0.377700 0.000000
vt 0.178300 0.346400 0.000000
vt 0.180500 0.343200 0.000000
vt 0.198100 0.573900 0.000000
vt 0.192300 0.609500 0.000000
vt 0.177400 0.643600 0.000000
vt 0.162500 0.673900 0.000000
vt 0.196900 0.475400 0.000000
vt 0.179100 0.446500 0.000000
vt 0.200900 0.501800 0.000000
vt 0.201700 0.538500 0.000000
vt 0.110600 0.572300 0.000000
vt 0.161300 0.572800 0.000000
vt 0.156300 0.605300 0.000000
vt 0.110500 0.603700 0.000000
vt 0.150300 0.636700 0.000000
vt 0.109500 0.633200 0.000000
vt 0.142900 0.664900 0.000000
vt 0.108200 0.660300 0.000000
vt 0.101800 0.465600 0.000000
vt 0.159600 0.453400 0.000000
vt 0.166200 0.485300 0.000000
vt 0.105900 0.494900 0.000000
vt 0.169200 0.506500 0.000000
vt 0.107800 0.513500 0.000000
vt 0.166800 0.538500 0.000000
vt 0.109600 0.541500 0.000000
vt 0.037400 0.606500 0.000000
vt 0.036500 0.575500 0.000000
vt 0.038600 0.635500 0.000000
vt 0.032700 0.499300 0.000000
vt 0.030600 0.470700 0.000000
vt 0.033900 0.517900 0.000000
vt 0.035400 0.545300 0.000000
vt 0.352700 0.670200 0.000000
vt 0.341600 0.700500 0.000000
vt 0.362700 0.642900 0.000000
vt 0.371700 0.612900 0.000000
vt 0.375400 0.581200 0.000000
vt 0.379600 0.550800 0.000000
vt 0.381600 0.514600 0.000000
vt 0.382100 0.475700 0.000000
vt 0.381000 0.426000 0.000000
vt 0.379500 0.391800 0.000000
vt 0.379300 0.390700 0.000000
vt 0.380900 0.684200 0.000000
vt 0.360800 0.709800 0.000000
vt 0.399200 0.658200 0.000000
vt 0.422200 0.630700 0.000000
vt 0.420500 0.588800 0.000000
vt 0.425800 0.553300 0.000000
vt 0.428800 0.512800 0.000000
vt 0.437000 0.479100 0.000000
vt 0.428300 0.424600 0.000000
vt 0.420900 0.387500 0.000000
vt 0.420500 0.386300 0.000000
vt 0.375600 0.724200 0.000000
vt 0.403400 0.704800 0.000000
vt 0.427400 0.687200 0.000000
vt 0.448100 0.670100 0.000000
vt 0.475000 0.451500 0.000000
vt 0.464600 0.412300 0.000000
vt 0.462200 0.379500 0.000000
vt 0.461500 0.377900 0.000000
vt 0.457300 0.593100 0.000000
vt 0.459800 0.629700 0.000000
vt 0.470400 0.665800 0.000000
vt 0.488800 0.465900 0.000000
vt 0.467400 0.492600 0.000000
vt 0.460400 0.518900 0.000000
vt 0.456300 0.555900 0.000000
vt 0.495600 0.634600 0.000000
vt 0.494300 0.600400 0.000000
vt 0.547600 0.614800 0.000000
vt 0.540100 0.646500 0.000000
vt 0.496800 0.666700 0.000000
vt 0.534700 0.675300 0.000000
vt 0.523200 0.445200 0.000000
vt 0.606000 0.484400 0.000000
vt 0.590100 0.511800 0.000000
vt 0.507100 0.475200 0.000000
vt 0.495800 0.506100 0.000000
vt 0.575500 0.538600 0.000000
vt 0.490400 0.527200 0.000000
vt 0.567400 0.556100 0.000000
vt 0.490800 0.560400 0.000000
vt 0.557000 0.583700 0.000000
vt 0.516300 0.439400 0.000000
vt 0.601100 0.671600 0.000000
vt 0.614400 0.645600 0.000000
vt 0.644700 0.668200 0.000000
vt 0.628800 0.691100 0.000000
vt 0.588700 0.696000 0.000000
vt 0.613600 0.712700 0.000000
vt 0.667700 0.562000 0.000000
vt 0.686100 0.539800 0.000000
vt 0.723800 0.577800 0.000000
vt 0.703900 0.596200 0.000000
vt 0.651200 0.584100 0.000000
vt 0.686000 0.615100 0.000000
vt 0.641600 0.598300 0.000000
vt 0.675400 0.627300 0.000000
vt 0.628300 0.620500 0.000000
vt 0.660500 0.646400 0.000000
vt 0.653900 0.715700 0.000000
vt 0.671800 0.696200 0.000000
vt 0.690600 0.728100 0.000000
vt 0.671200 0.743500 0.000000
vt 0.580000 0.628300 0.000000
vt 0.569400 0.657400 0.000000
vt 0.636300 0.734500 0.000000
vt 0.652300 0.758800 0.000000
vt 0.560300 0.684000 0.000000
vt 0.735500 0.637100 0.000000
vt 0.756600 0.622600 0.000000
vt 0.782000 0.672700 0.000000
vt 0.760100 0.683700 0.000000
vt 0.716600 0.652400 0.000000
vt 0.739800 0.695300 0.000000
vt 0.628300 0.534200 0.000000
vt 0.612900 0.559100 0.000000
vt 0.705200 0.662300 0.000000
vt 0.727400 0.702600 0.000000
vt 0.603900 0.575200 0.000000
vt 0.689200 0.678000 0.000000
vt 0.709800 0.714300 0.000000
vt 0.591800 0.600400 0.000000
vt 0.577400 0.718000 0.000000
vt 0.552100 0.707700 0.000000
vt 0.337900 0.394000 0.000000
vt 0.296300 0.389400 0.000000
vt 0.255400 0.380400 0.000000
vt 0.215900 0.367600 0.000000
vt 0.177300 0.351700 0.000000
vt 0.379700 0.394800 0.000000
vt 0.421400 0.390900 0.000000
vt 0.462200 0.383200 0.000000
vt 0.390800 0.204700 0.000000
vt 0.391100 0.213100 0.000000
vt 0.342400 0.211100 0.000000
vt 0.343000 0.203000 0.000000
vt 0.437700 0.201100 0.000000
vt 0.439000 0.209600 0.000000
vt 0.191900 0.159900 0.000000
vt 0.232100 0.176700 0.000000
vt 0.229500 0.184200 0.000000
vt 0.188200 0.166800 0.000000
vt 0.258100 0.185000 0.000000
vt 0.255700 0.192700 0.000000
vt 0.298200 0.194600 0.000000
vt 0.296600 0.202400 0.000000
vt 0.480800 0.191200 0.000000
vt 0.483900 0.199500 0.000000
vt 0.337900 0.257900 0.000000
vt 0.390700 0.261900 0.000000
vt 0.390500 0.269200 0.000000
vt 0.337000 0.264900 0.000000
vt 0.444500 0.261200 0.000000
vt 0.444900 0.268900 0.000000
vt 0.166700 0.208000 0.000000
vt 0.212900 0.228000 0.000000
vt 0.210400 0.234500 0.000000
vt 0.163500 0.214600 0.000000
vt 0.241900 0.237800 0.000000
vt 0.239800 0.244600 0.000000
vt 0.287400 0.248500 0.000000
vt 0.285900 0.255800 0.000000
vt 0.500900 0.255200 0.000000
vt 0.501800 0.264200 0.000000
vt 0.389400 0.296400 0.000000
vt 0.388200 0.311300 0.000000
vt 0.331300 0.304700 0.000000
vt 0.333800 0.290700 0.000000
vt 0.445500 0.297900 0.000000
vt 0.445000 0.313600 0.000000
vt 0.147200 0.251400 0.000000
vt 0.094600 0.229400 0.000000
vt 0.097800 0.214300 0.000000
vt 0.152600 0.239000 0.000000
vt 0.200900 0.259300 0.000000
vt 0.195300 0.272600 0.000000
vt 0.227900 0.284300 0.000000
vt 0.231800 0.269800 0.000000
vt 0.280200 0.282900 0.000000
vt 0.277200 0.296500 0.000000
vt 0.399300 0.750800 0.000000
vt 0.414200 0.756900 0.000000
vt 0.394500 0.786100 0.000000
vt 0.382900 0.775100 0.000000
vt 0.416300 0.757500 0.000000
vt 0.418500 0.758500 0.000000
vt 0.398200 0.789000 0.000000
vt 0.396300 0.787500 0.000000
vt 0.455400 0.772600 0.000000
vt 0.462900 0.776300 0.000000
vt 0.434200 0.820100 0.000000
vt 0.428000 0.814900 0.000000
vt 0.464800 0.777000 0.000000
vt 0.466800 0.777200 0.000000
vt 0.437900 0.822200 0.000000
vt 0.435900 0.821300 0.000000
vt 0.491800 0.785200 0.000000
vt 0.494400 0.785900 0.000000
vt 0.459700 0.839100 0.000000
vt 0.457500 0.837900 0.000000
vt 0.545400 0.805200 0.000000
vt 0.553900 0.809600 0.000000
vt 0.507000 0.879500 0.000000
vt 0.500600 0.873600 0.000000
vt 0.557400 0.812200 0.000000
vt 0.559800 0.815400 0.000000
vt 0.509800 0.883800 0.000000
vt 0.508800 0.881700 0.000000
vt 0.357500 0.793400 0.000000
vt 0.364800 0.807700 0.000000
vt 0.366100 0.809600 0.000000
vt 0.367500 0.811800 0.000000
vt 0.403900 0.793900 0.000000
vt 0.416100 0.804500 0.000000
vt 0.379400 0.832400 0.000000
vt 0.371300 0.818300 0.000000
vt 0.387300 0.846100 0.000000
vt 0.391400 0.853000 0.000000
vt 0.392700 0.854600 0.000000
vt 0.394100 0.856200 0.000000
vt 0.407200 0.877700 0.000000
vt 0.408700 0.879400 0.000000
vt 0.467800 0.845500 0.000000
vt 0.484400 0.859500 0.000000
vt 0.424400 0.905300 0.000000
vt 0.413800 0.887600 0.000000
vt 0.434400 0.922500 0.000000
vt 0.438100 0.929100 0.000000
vt 0.439400 0.931800 0.000000
vt 0.440400 0.934400 0.000000
vt 0.327100 0.803100 0.000000
vt 0.330000 0.818900 0.000000
vt 0.330500 0.821200 0.000000
vt 0.331000 0.823800 0.000000
vt 0.335800 0.847400 0.000000
vt 0.332600 0.831300 0.000000
vt 0.338900 0.863000 0.000000
vt 0.340600 0.870900 0.000000
vt 0.341100 0.872800 0.000000
vt 0.341700 0.874900 0.000000
vt 0.347000 0.899700 0.000000
vt 0.347700 0.901900 0.000000
vt 0.354200 0.932700 0.000000
vt 0.349800 0.911800 0.000000
vt 0.358400 0.953100 0.000000
vt 0.360000 0.961300 0.000000
vt 0.360400 0.964100 0.000000
vt 0.360700 0.966400 0.000000
vt 0.295200 0.804500 0.000000
vt 0.293300 0.820500 0.000000
vt 0.293000 0.822800 0.000000
vt 0.292700 0.825300 0.000000
vt 0.289700 0.849200 0.000000
vt 0.291700 0.832900 0.000000
vt 0.287800 0.865000 0.000000
vt 0.286800 0.873100 0.000000
vt 0.286500 0.875100 0.000000
vt 0.286200 0.877300 0.000000
vt 0.283100 0.902700 0.000000
vt 0.282800 0.905000 0.000000
vt 0.279100 0.935900 0.000000
vt 0.281600 0.914800 0.000000
vt 0.276600 0.956600 0.000000
vt 0.275600 0.964900 0.000000
vt 0.275300 0.967800 0.000000
vt 0.275000 0.970100 0.000000
vt 0.264600 0.795900 0.000000
vt 0.258000 0.810500 0.000000
vt 0.257000 0.812600 0.000000
vt 0.255800 0.814900 0.000000
vt 0.245400 0.836600 0.000000
vt 0.252400 0.821700 0.000000
vt 0.238600 0.850900 0.000000
vt 0.235000 0.858100 0.000000
vt 0.234000 0.859900 0.000000
vt 0.232900 0.861700 0.000000
vt 0.221800 0.884400 0.000000
vt 0.220600 0.886400 0.000000
vt 0.207100 0.914200 0.000000
vt 0.216200 0.895200 0.000000
vt 0.198400 0.932500 0.000000
vt 0.195200 0.939600 0.000000
vt 0.194000 0.942400 0.000000
vt 0.192900 0.944900 0.000000
vt 0.237800 0.778800 0.000000
vt 0.227100 0.790700 0.000000
vt 0.225500 0.792300 0.000000
vt 0.223600 0.794000 0.000000
vt 0.206900 0.811200 0.000000
vt 0.218200 0.799400 0.000000
vt 0.195900 0.822600 0.000000
vt 0.190100 0.828300 0.000000
vt 0.188500 0.829500 0.000000
vt 0.186700 0.830800 0.000000
vt 0.168800 0.848500 0.000000
vt 0.166800 0.849900 0.000000
vt 0.144300 0.872600 0.000000
vt 0.159500 0.857100 0.000000
vt 0.129500 0.888100 0.000000
vt 0.123700 0.894400 0.000000
vt 0.121900 0.896700 0.000000
vt 0.120600 0.898600 0.000000
vt 0.217700 0.754600 0.000000
vt 0.203700 0.762400 0.000000
vt 0.201700 0.763300 0.000000
vt 0.199400 0.764400 0.000000
vt 0.178100 0.775100 0.000000
vt 0.192700 0.767800 0.000000
vt 0.163900 0.782300 0.000000
vt 0.156600 0.786000 0.000000
vt 0.154600 0.786700 0.000000
vt 0.152300 0.787300 0.000000
vt 0.129100 0.798100 0.000000
vt 0.126700 0.798800 0.000000
vt 0.098300 0.812800 0.000000
vt 0.117500 0.803200 0.000000
vt 0.079700 0.822400 0.000000
vt 0.072500 0.826500 0.000000
vt 0.070200 0.828300 0.000000
vt 0.068500 0.830400 0.000000
vt 0.163600 0.732900 0.000000
vt 0.179800 0.731100 0.000000
vt 0.147500 0.734800 0.000000
vt 0.073400 0.742900 0.000000
vt 0.095400 0.740400 0.000000
vt 0.051500 0.745700 0.000000
vt 0.693500 0.784500 0.000000
vt 0.715100 0.775500 0.000000
vt 0.716700 0.777900 0.000000
vt 0.695600 0.786600 0.000000
vt 0.673600 0.795200 0.000000
vt 0.676000 0.796800 0.000000
vt 0.810800 0.747500 0.000000
vt 0.810300 0.750600 0.000000
vt 0.788700 0.754700 0.000000
vt 0.788800 0.752500 0.000000
vt 0.768200 0.758800 0.000000
vt 0.768600 0.761100 0.000000
vt 0.755600 0.762500 0.000000
vt 0.756400 0.764800 0.000000
vt 0.736500 0.768600 0.000000
vt 0.737700 0.771100 0.000000
vt 0.691800 0.782800 0.000000
vt 0.713400 0.773500 0.000000
vt 0.671900 0.793700 0.000000
vt 0.788400 0.750400 0.000000
vt 0.810200 0.744300 0.000000
vt 0.767400 0.756700 0.000000
vt 0.754500 0.760400 0.000000
vt 0.735000 0.766400 0.000000
vt 0.701400 0.795300 0.000000
vt 0.721500 0.787000 0.000000
vt 0.683000 0.804500 0.000000
vt 0.808500 0.760400 0.000000
vt 0.789800 0.764100 0.000000
vt 0.771200 0.770200 0.000000
vt 0.759000 0.774100 0.000000
vt 0.741300 0.780200 0.000000
vt 0.338900 0.377200 0.000000
vt 0.299700 0.372500 0.000000
vt 0.261200 0.363300 0.000000
vt 0.223900 0.350000 0.000000
vt 0.191200 0.331800 0.000000
vt 0.378500 0.377400 0.000000
vt 0.417800 0.373200 0.000000
vt 0.456400 0.364700 0.000000
vt 0.686000 0.773100 0.000000
vt 0.707000 0.762300 0.000000
vt 0.666400 0.785100 0.000000
vt 0.781600 0.733800 0.000000
vt 0.803600 0.725900 0.000000
vt 0.760400 0.741500 0.000000
vt 0.747300 0.746000 0.000000
vt 0.728000 0.753400 0.000000
vt 0.503200 0.298400 0.000000
vt 0.338500 0.251400 0.000000
vt 0.390800 0.255100 0.000000
vt 0.444000 0.253800 0.000000
vt 0.169600 0.202100 0.000000
vt 0.215100 0.221900 0.000000
vt 0.243900 0.231500 0.000000
vt 0.288700 0.242200 0.000000
vt 0.498900 0.247200 0.000000
vt 0.027800 0.576400 0.000000
vt 0.029700 0.607900 0.000000
vt 0.032800 0.637300 0.000000
vt 0.024300 0.469600 0.000000
vt 0.024900 0.498800 0.000000
vt 0.025500 0.517900 0.000000
vt 0.026800 0.545700 0.000000
vt 0.574600 0.827500 0.000000
vt 0.522200 0.897000 0.000000
vt 0.449100 0.950500 0.000000
vt 0.364400 0.984100 0.000000
vt 0.272800 0.988000 0.000000
vt 0.185300 0.961500 0.000000
vt 0.108600 0.912000 0.000000
vt 0.053000 0.840200 0.000000
vt 0.455500 0.837000 0.000000
vt 0.489000 0.784800 0.000000
vt 0.405700 0.876100 0.000000
vt 0.346400 0.897500 0.000000
vt 0.283400 0.900300 0.000000
vt 0.222900 0.882500 0.000000
vt 0.170600 0.847300 0.000000
vt 0.131500 0.797600 0.000000
vt 0.504100 0.789800 0.000000
vt 0.425100 0.761500 0.000000
vt 0.525300 0.439300 0.000000
vt 0.530800 0.419000 0.000000
vt 0.581100 0.432000 0.000000
vt 0.574500 0.452300 0.000000
vt 0.623300 0.470900 0.000000
vt 0.632200 0.451600 0.000000
vt 0.668800 0.496100 0.000000
vt 0.680300 0.478400 0.000000
vt 0.710000 0.527800 0.000000
vt 0.724100 0.511900 0.000000
vt 0.746300 0.565100 0.000000
vt 0.762500 0.551500 0.000000
vt 0.776700 0.607400 0.000000
vt 0.794800 0.596200 0.000000
vt 0.801100 0.653600 0.000000
vt 0.820400 0.644500 0.000000
vt 0.530800 0.417700 0.000000
vt 0.529400 0.414700 0.000000
vt 0.581500 0.425900 0.000000
vt 0.581500 0.429800 0.000000
vt 0.632900 0.449600 0.000000
vt 0.633900 0.446000 0.000000
vt 0.681400 0.476500 0.000000
vt 0.683200 0.473300 0.000000
vt 0.725500 0.510300 0.000000
vt 0.728000 0.507600 0.000000
vt 0.764200 0.550200 0.000000
vt 0.767200 0.548100 0.000000
vt 0.796700 0.595200 0.000000
vt 0.800100 0.593800 0.000000
vt 0.822600 0.643900 0.000000
vt 0.826400 0.643400 0.000000
vt 0.526500 0.394800 0.000000
vt 0.527100 0.392000 0.000000
vt 0.584600 0.405900 0.000000
vt 0.584200 0.407600 0.000000
vt 0.640700 0.428600 0.000000
vt 0.641400 0.426800 0.000000
vt 0.693100 0.457300 0.000000
vt 0.694200 0.455600 0.000000
vt 0.740500 0.493400 0.000000
vt 0.741800 0.491900 0.000000
vt 0.781900 0.536300 0.000000
vt 0.783500 0.535100 0.000000
vt 0.816600 0.585000 0.000000
vt 0.818300 0.584100 0.000000
vt 0.844300 0.638500 0.000000
vt 0.846000 0.637900 0.000000
vt 0.527500 0.399000 0.000000
vt 0.584300 0.410900 0.000000
vt 0.639700 0.431800 0.000000
vt 0.691400 0.460200 0.000000
vt 0.738200 0.496000 0.000000
vt 0.779200 0.538400 0.000000
vt 0.813600 0.586300 0.000000
vt 0.841100 0.638900 0.000000
vt 0.532700 0.372200 0.000000
vt 0.591000 0.387100 0.000000
vt 0.649800 0.409000 0.000000
vt 0.704900 0.439100 0.000000
vt 0.755000 0.477200 0.000000
vt 0.798600 0.522400 0.000000
vt 0.835000 0.573600 0.000000
vt 0.863800 0.629300 0.000000
vt 0.533700 0.369900 0.000000
vt 0.592000 0.384800 0.000000
vt 0.650900 0.406800 0.000000
vt 0.706300 0.437000 0.000000
vt 0.756600 0.475400 0.000000
vt 0.800500 0.520800 0.000000
vt 0.837000 0.572300 0.000000
vt 0.866000 0.628000 0.000000
vt 0.072900 0.102800 0.000000
vt 0.073900 0.104300 0.000000
vt 0.034900 0.141100 0.000000
vt 0.033400 0.140100 0.000000
vt 0.013100 0.189800 0.000000
vt 0.011300 0.189400 0.000000
vt 0.011600 0.243100 0.000000
vt 0.009900 0.243400 0.000000
vt 0.030800 0.292800 0.000000
vt 0.029300 0.293700 0.000000
vt 0.067700 0.331400 0.000000
vt 0.066600 0.332800 0.000000
vt 0.116700 0.353000 0.000000
vt 0.116300 0.354800 0.000000
vt 0.168600 0.354400 0.000000
vt 0.168900 0.356100 0.000000
vt 0.099000 0.144000 0.000000
vt 0.073300 0.168200 0.000000
vt 0.058900 0.200200 0.000000
vt 0.058000 0.235100 0.000000
vt 0.070500 0.267700 0.000000
vt 0.094800 0.293000 0.000000
vt 0.127100 0.307200 0.000000
vt 0.160600 0.308000 0.000000
vt 0.839100 0.096200 0.000000
vt 0.839100 0.157300 0.000000
vt 0.800000 0.157300 0.000000
vt 0.800000 0.096200 0.000000
vt 0.760800 0.096200 0.000000
vt 0.760800 0.157300 0.000000
vt 0.721700 0.096200 0.000000
vt 0.721700 0.157300 0.000000
vt 0.682500 0.096200 0.000000
vt 0.682500 0.157300 0.000000
vt 0.643300 0.096200 0.000000
vt 0.643300 0.157300 0.000000
vt 0.604100 0.096200 0.000000
vt 0.604100 0.157300 0.000000
vt 0.565000 0.096200 0.000000
vt 0.565000 0.157300 0.000000
vt 0.172600 0.121000 0.000000
vt 0.176100 0.119400 0.000000
vt 0.204100 0.146500 0.000000
vt 0.201400 0.149300 0.000000
vt 0.235800 0.168500 0.000000
vt 0.237600 0.165000 0.000000
vt 0.272400 0.180600 0.000000
vt 0.273400 0.176800 0.000000
vt 0.310300 0.186300 0.000000
vt 0.310600 0.182400 0.000000
vt 0.348600 0.185600 0.000000
vt 0.348100 0.181700 0.000000
vt 0.386600 0.178300 0.000000
vt 0.385200 0.174700 0.000000
vt 0.423100 0.163900 0.000000
vt 0.420800 0.160800 0.000000
vt 0.215900 0.132600 0.000000
vt 0.222400 0.124600 0.000000
vt 0.250300 0.139000 0.000000
vt 0.245700 0.148500 0.000000
vt 0.280700 0.148900 0.000000
vt 0.278000 0.159000 0.000000
vt 0.312500 0.153600 0.000000
vt 0.311800 0.164100 0.000000
vt 0.344600 0.153000 0.000000
vt 0.345900 0.163500 0.000000
vt 0.376000 0.147200 0.000000
vt 0.379400 0.157200 0.000000
vt 0.405600 0.136600 0.000000
vt 0.411000 0.145400 0.000000
vt 0.432500 0.121400 0.000000
vt 0.438300 0.127000 0.000000
vt 0.225200 0.120200 0.000000
vt 0.252500 0.133800 0.000000
vt 0.282000 0.143500 0.000000
vt 0.312800 0.148300 0.000000
vt 0.344000 0.147600 0.000000
vt 0.374500 0.141900 0.000000
vt 0.403400 0.131900 0.000000
vt 0.430200 0.119700 0.000000
vt 0.243200 0.084100 0.000000
vt 0.266900 0.096100 0.000000
vt 0.290900 0.104300 0.000000
vt 0.315400 0.108100 0.000000
vt 0.340300 0.107500 0.000000
vt 0.365100 0.102600 0.000000
vt 0.390200 0.093800 0.000000
vt 0.416200 0.083100 0.000000
vt 0.989800 0.007400 0.000000
vt 0.989800 0.077800 0.000000
vt 0.973300 0.077800 0.000000
vt 0.973300 0.007400 0.000000
vt 0.956600 0.007400 0.000000
vt 0.956600 0.077800 0.000000
vt 0.940000 0.007400 0.000000
vt 0.940000 0.077800 0.000000
vt 0.923400 0.007400 0.000000
vt 0.923400 0.077800 0.000000
vt 0.906700 0.007400 0.000000
vt 0.906700 0.077800 0.000000
vt 0.890100 0.007400 0.000000
vt 0.890100 0.077800 0.000000
vt 0.873500 0.007400 0.000000
vt 0.873500 0.077800 0.000000
vt 0.743800 0.088100 0.000000
vt 0.717300 0.088100 0.000000
vt 0.717300 0.008700 0.000000
vt 0.743800 0.008700 0.000000
vt 0.690800 0.088100 0.000000
vt 0.690800 0.008700 0.000000
vt 0.664300 0.088100 0.000000
vt 0.664300 0.008700 0.000000
vt 0.637800 0.088100 0.000000
vt 0.637800 0.008700 0.000000
vt 0.611300 0.088100 0.000000
vt 0.611300 0.008700 0.000000
vt 0.584800 0.088100 0.000000
vt 0.584800 0.008700 0.000000
vt 0.558300 0.088100 0.000000
vt 0.558300 0.008700 0.000000
vt 0.531800 0.088100 0.000000
vt 0.531800 0.008700 0.000000
vt 0.505300 0.088100 0.000000
vt 0.505300 0.008700 0.000000
vt 0.478800 0.088100 0.000000
vt 0.478800 0.008700 0.000000
vt 0.452300 0.088100 0.000000
vt 0.452300 0.008700 0.000000
vt 0.425900 0.088100 0.000000
vt 0.425900 0.008700 0.000000
vt 0.849800 0.088100 0.000000
vt 0.823300 0.088100 0.000000
vt 0.823300 0.008700 0.000000
vt 0.849800 0.008700 0.000000
vt 0.796800 0.088100 0.000000
vt 0.796800 0.008700 0.000000
vt 0.770300 0.088100 0.000000
vt 0.770300 0.008700 0.000000
vt 0.994500 0.470700 0.000000
vt 0.996400 0.470700 0.000000
vt 0.988700 0.509400 0.000000
vt 0.986900 0.508700 0.000000
vt 0.966900 0.542300 0.000000
vt 0.965500 0.540900 0.000000
vt 0.934100 0.564200 0.000000
vt 0.933300 0.562400 0.000000
vt 0.895400 0.571900 0.000000
vt 0.895400 0.569900 0.000000
vt 0.856700 0.564200 0.000000
vt 0.857400 0.562400 0.000000
vt 0.823900 0.542300 0.000000
vt 0.825300 0.540900 0.000000
vt 0.802000 0.509400 0.000000
vt 0.803800 0.508700 0.000000
vt 0.794300 0.470700 0.000000
vt 0.796300 0.470700 0.000000
vt 0.802000 0.432000 0.000000
vt 0.803800 0.432700 0.000000
vt 0.823900 0.399100 0.000000
vt 0.825300 0.400500 0.000000
vt 0.856700 0.377200 0.000000
vt 0.857400 0.379000 0.000000
vt 0.895400 0.369500 0.000000
vt 0.895400 0.371500 0.000000
vt 0.934100 0.377200 0.000000
vt 0.933300 0.379000 0.000000
vt 0.966900 0.399100 0.000000
vt 0.965500 0.400500 0.000000
vt 0.988700 0.432000 0.000000
vt 0.986900 0.432700 0.000000
vt 0.736900 0.807300 0.000000
vt 0.736600 0.806100 0.000000
vt 0.749400 0.802100 0.000000
vt 0.749800 0.803300 0.000000
vt 0.762100 0.797500 0.000000
vt 0.762600 0.798700 0.000000
vt 0.774600 0.792500 0.000000
vt 0.775100 0.793600 0.000000
vt 0.787000 0.786900 0.000000
vt 0.787500 0.788100 0.000000
vt 0.799000 0.780900 0.000000
vt 0.799600 0.782100 0.000000
vt 0.810900 0.774500 0.000000
vt 0.811500 0.775600 0.000000
vt 0.822500 0.767500 0.000000
vt 0.823100 0.768600 0.000000
vt 0.833800 0.760200 0.000000
vt 0.834500 0.761200 0.000000
vt 0.844800 0.752400 0.000000
vt 0.845500 0.753400 0.000000
vt 0.855400 0.744200 0.000000
vt 0.856200 0.745100 0.000000
vt 0.865700 0.735500 0.000000
vt 0.866600 0.736400 0.000000
vt 0.875400 0.726100 0.000000
vt 0.876300 0.727000 0.000000
vt 0.684000 0.817900 0.000000
vt 0.683800 0.816600 0.000000
vt 0.697200 0.815100 0.000000
vt 0.697400 0.816400 0.000000
vt 0.710400 0.812700 0.000000
vt 0.710700 0.814000 0.000000
vt 0.723600 0.809700 0.000000
vt 0.723900 0.810900 0.000000
vt 0.954300 0.469700 0.000000
vt 0.949800 0.492200 0.000000
vt 0.943100 0.489400 0.000000
vt 0.947100 0.469700 0.000000
vt 0.937100 0.511300 0.000000
vt 0.932000 0.506200 0.000000
vt 0.918000 0.524200 0.000000
vt 0.915200 0.517400 0.000000
vt 0.895400 0.528700 0.000000
vt 0.895400 0.521400 0.000000
vt 0.872800 0.524200 0.000000
vt 0.875600 0.517500 0.000000
vt 0.853700 0.511500 0.000000
vt 0.858800 0.506300 0.000000
vt 0.840800 0.492300 0.000000
vt 0.847600 0.489500 0.000000
vt 0.836300 0.469700 0.000000
vt 0.843600 0.469700 0.000000
vt 0.840800 0.447100 0.000000
vt 0.847500 0.449900 0.000000
vt 0.853600 0.427900 0.000000
vt 0.858700 0.433100 0.000000
vt 0.872800 0.415100 0.000000
vt 0.875600 0.421900 0.000000
vt 0.895400 0.410700 0.000000
vt 0.895400 0.418000 0.000000
vt 0.918000 0.415200 0.000000
vt 0.915200 0.421900 0.000000
vt 0.937100 0.428000 0.000000
vt 0.931900 0.433100 0.000000
vt 0.949900 0.447100 0.000000
vt 0.943100 0.449900 0.000000
vt 0.881300 0.455600 0.000000
vt 0.868800 0.455500 0.000000
vt 0.871000 0.445300 0.000000
vt 0.881200 0.443100 0.000000
vt 0.895300 0.455500 0.000000
vt 0.895400 0.442200 0.000000
vt 0.909400 0.455700 0.000000
vt 0.909500 0.443200 0.000000
vt 0.921800 0.455500 0.000000
vt 0.919600 0.445400 0.000000
vt 0.881100 0.469700 0.000000
vt 0.867800 0.469700 0.000000
vt 0.895300 0.469700 0.000000
vt 0.909500 0.469700 0.000000
vt 0.922800 0.469700 0.000000
vt 0.881300 0.483700 0.000000
vt 0.868800 0.483900 0.000000
vt 0.895300 0.483900 0.000000
vt 0.909400 0.483700 0.000000
vt 0.921800 0.483800 0.000000
vt 0.881200 0.496200 0.000000
vt 0.871000 0.494000 0.000000
vt 0.895400 0.497200 0.000000
vt 0.909500 0.496200 0.000000
vt 0.919700 0.493900 0.000000
vt 0.855500 0.469700 0.000000
vt 0.858000 0.453000 0.000000
vt 0.865400 0.439700 0.000000
vt 0.878600 0.432300 0.000000
vt 0.895400 0.429800 0.000000
vt 0.912100 0.432300 0.000000
vt 0.925300 0.439700 0.000000
vt 0.932700 0.453000 0.000000
vt 0.935200 0.469700 0.000000
vt 0.932700 0.486300 0.000000
vt 0.925300 0.499600 0.000000
vt 0.912100 0.507000 0.000000
vt 0.895400 0.509500 0.000000
vt 0.878700 0.507100 0.000000
vt 0.865400 0.499700 0.000000
vt 0.858000 0.486400 0.000000
vt 0.785900 0.973900 0.000000
vt 0.783100 0.964400 0.000000
vt 0.802100 0.958400 0.000000
vt 0.805300 0.967800 0.000000
vt 0.820800 0.951700 0.000000
vt 0.824400 0.961000 0.000000
vt 0.839300 0.944300 0.000000
vt 0.843200 0.953400 0.000000
vt 0.857500 0.936100 0.000000
vt 0.861700 0.945100 0.000000
vt 0.875300 0.927200 0.000000
vt 0.879900 0.936000 0.000000
vt 0.892800 0.917700 0.000000
vt 0.897700 0.926300 0.000000
vt 0.909900 0.907500 0.000000
vt 0.915100 0.915900 0.000000
vt 0.926500 0.896600 0.000000
vt 0.932100 0.904800 0.000000
vt 0.942800 0.885100 0.000000
vt 0.948700 0.893100 0.000000
vt 0.958600 0.873000 0.000000
vt 0.964800 0.880800 0.000000
vt 0.973900 0.860300 0.000000
vt 0.980400 0.867900 0.000000
vt 0.988900 0.847200 0.000000
vt 0.995600 0.854500 0.000000
vt 0.706700 0.991000 0.000000
vt 0.705300 0.981200 0.000000
vt 0.725000 0.978000 0.000000
vt 0.726700 0.987800 0.000000
vt 0.744500 0.974200 0.000000
vt 0.746600 0.983900 0.000000
vt 0.763900 0.969700 0.000000
vt 0.766300 0.979300 0.000000
vt 0.778600 0.949200 0.000000
vt 0.762100 0.893200 0.000000
vt 0.778300 0.888100 0.000000
vt 0.797000 0.943400 0.000000
vt 0.794400 0.882300 0.000000
vt 0.815200 0.936900 0.000000
vt 0.810200 0.876000 0.000000
vt 0.833100 0.929700 0.000000
vt 0.825700 0.869000 0.000000
vt 0.850700 0.921800 0.000000
vt 0.841000 0.861400 0.000000
vt 0.868000 0.913200 0.000000
vt 0.855900 0.853200 0.000000
vt 0.884900 0.904000 0.000000
vt 0.870600 0.844500 0.000000
vt 0.901500 0.894100 0.000000
vt 0.884800 0.835200 0.000000
vt 0.917600 0.883500 0.000000
vt 0.898800 0.825300 0.000000
vt 0.933400 0.872400 0.000000
vt 0.912300 0.814900 0.000000
vt 0.948700 0.860600 0.000000
vt 0.925400 0.804000 0.000000
vt 0.963600 0.848300 0.000000
vt 0.938100 0.792600 0.000000
vt 0.978100 0.835500 0.000000
vt 0.703200 0.965600 0.000000
vt 0.695400 0.907400 0.000000
vt 0.712200 0.904700 0.000000
vt 0.722200 0.962400 0.000000
vt 0.729000 0.901600 0.000000
vt 0.741200 0.958700 0.000000
vt 0.745600 0.897700 0.000000
vt 0.760000 0.954300 0.000000
vt 0.800000 0.196700 0.000000
vt 0.839100 0.196700 0.000000
vt 0.839100 0.210100 0.000000
vt 0.800000 0.210100 0.000000
vt 0.760800 0.210100 0.000000
vt 0.760800 0.196700 0.000000
vt 0.721700 0.210100 0.000000
vt 0.721700 0.196700 0.000000
vt 0.682500 0.210100 0.000000
vt 0.682500 0.196700 0.000000
vt 0.643300 0.210100 0.000000
vt 0.643300 0.196700 0.000000
vt 0.604100 0.210100 0.000000
vt 0.604100 0.196700 0.000000
vt 0.565000 0.210100 0.000000
vt 0.565000 0.196700 0.000000
vt 0.839100 0.212600 0.000000
vt 0.800000 0.212600 0.000000
vt 0.760800 0.212600 0.000000
vt 0.721700 0.212600 0.000000
vt 0.682500 0.212600 0.000000
vt 0.643300 0.212600 0.000000
vt 0.604100 0.212600 0.000000
vt 0.565000 0.212600 0.000000
vt 0.191200 0.110700 0.000000
vt 0.973300 0.121600 0.000000
vt 0.989800 0.121600 0.000000
vt 0.989800 0.158100 0.000000
vt 0.973300 0.158100 0.000000
vt 0.956600 0.158100 0.000000
vt 0.956600 0.121600 0.000000
vt 0.940000 0.158100 0.000000
vt 0.940000 0.121600 0.000000
vt 0.923400 0.158100 0.000000
vt 0.923400 0.121600 0.000000
vt 0.906700 0.158100 0.000000
vt 0.906700 0.121600 0.000000
vt 0.890100 0.158100 0.000000
vt 0.890100 0.121600 0.000000
vt 0.873500 0.158100 0.000000
vt 0.873500 0.121600 0.000000
vt 0.967300 0.470700 0.000000
vt 0.970100 0.470700 0.000000
vt 0.964400 0.499400 0.000000
vt 0.961800 0.498300 0.000000
vt 0.948300 0.523700 0.000000
vt 0.946300 0.521700 0.000000
vt 0.924000 0.539900 0.000000
vt 0.922900 0.537300 0.000000
vt 0.895400 0.545600 0.000000
vt 0.895400 0.542800 0.000000
vt 0.866700 0.539900 0.000000
vt 0.867800 0.537300 0.000000
vt 0.842500 0.523700 0.000000
vt 0.844500 0.521700 0.000000
vt 0.826300 0.499400 0.000000
vt 0.828900 0.498300 0.000000
vt 0.820600 0.470700 0.000000
vt 0.823500 0.470700 0.000000
vt 0.826300 0.442000 0.000000
vt 0.828900 0.443100 0.000000
vt 0.842500 0.417700 0.000000
vt 0.844500 0.419700 0.000000
vt 0.866700 0.401500 0.000000
vt 0.867800 0.404100 0.000000
vt 0.895400 0.395800 0.000000
vt 0.895400 0.398600 0.000000
vt 0.924000 0.401500 0.000000
vt 0.922900 0.404100 0.000000
vt 0.948300 0.417700 0.000000
vt 0.946300 0.419700 0.000000
vt 0.964400 0.442000 0.000000
vt 0.961800 0.443100 0.000000
vt 0.743800 0.006700 0.000000
vt 0.717300 0.006700 0.000000
vt 0.690800 0.006700 0.000000
vt 0.664300 0.006700 0.000000
vt 0.637800 0.006700 0.000000
vt 0.611300 0.006700 0.000000
vt 0.584800 0.006700 0.000000
vt 0.558300 0.006700 0.000000
vt 0.531800 0.006700 0.000000
vt 0.505300 0.006700 0.000000
vt 0.478800 0.006700 0.000000
vt 0.452300 0.006700 0.000000
vt 0.425900 0.006700 0.000000
vt 0.849800 0.006700 0.000000
vt 0.823300 0.006700 0.000000
vt 0.796800 0.006700 0.000000
vt 0.770300 0.006700 0.000000
vt 0.527800 0.699500 0.000000
vt 0.651200 0.234800 0.000000
vt 0.541800 0.331600 0.000000
vt 0.512800 0.282100 0.000000
vt 0.587600 0.366200 0.000000
vt 0.643100 0.380700 0.000000
vt 0.700000 0.372800 0.000000
vt 0.749500 0.343700 0.000000
vt 0.784100 0.298000 0.000000
vt 0.798200 0.243400 0.000000
vt 0.525900 0.096200 0.000000
vt 0.525900 0.157300 0.000000
vt 0.455400 0.139600 0.000000
vt 0.452200 0.137500 0.000000
vt 0.197700 0.106000 0.000000
vt 0.200200 0.104600 0.000000
vt 0.218900 0.070200 0.000000
vt 0.856900 0.007400 0.000000
vt 0.856900 0.077800 0.000000
vt 0.525900 0.196700 0.000000
vt 0.525900 0.210100 0.000000
vt 0.525900 0.212600 0.000000
vt 0.856900 0.121600 0.000000
vt 0.856900 0.158100 0.000000
vt 0.004200 0.017700 0.000000
vt 0.004800 0.025500 0.000000
vt 0.514900 0.742300 0.000000
vt 0.514700 0.744500 0.000000
vt 0.514300 0.747300 0.000000
vt 0.513800 0.749200 0.000000
vt 0.514700 0.745500 0.000000
vt 0.411000 0.029100 0.000000
vt 0.007700 0.062800 0.000000
vt 0.411500 0.021200 0.000000
vt 0.511400 0.758400 0.000000
vt 0.148700 0.421400 0.000000
vt 0.096700 0.435100 0.000000
vt 0.029100 0.441100 0.000000
vt 0.155300 0.416600 0.000000
vt 0.383500 0.741500 0.000000
vt 0.417900 0.731700 0.000000
vt 0.446500 0.718700 0.000000
vt 0.465800 0.706300 0.000000
vt 0.512300 0.431000 0.000000
vt 0.505100 0.398800 0.000000
vt 0.502200 0.367000 0.000000
vt 0.500400 0.363700 0.000000
vt 0.479300 0.698500 0.000000
vt 0.497800 0.695500 0.000000
vt 0.038600 0.662900 0.000000
vt 0.040300 0.661600 0.000000
vt 0.599400 0.731900 0.000000
vt 0.645300 0.509000 0.000000
vt 0.619600 0.750600 0.000000
vt 0.634300 0.772100 0.000000
vt 0.502500 0.372300 0.000000
vt 0.154000 0.134200 0.000000
vt 0.148600 0.140100 0.000000
vt 0.115300 0.179900 0.000000
vt 0.111400 0.187100 0.000000
vt 0.500000 0.315300 0.000000
vt 0.440400 0.767100 0.000000
vt 0.524800 0.797300 0.000000
vt 0.207700 0.727000 0.000000
vt 0.191800 0.729200 0.000000
vt 0.189500 0.729400 0.000000
vt 0.187100 0.729800 0.000000
vt 0.139200 0.736600 0.000000
vt 0.137000 0.736900 0.000000
vt 0.134900 0.736700 0.000000
vt 0.108600 0.738800 0.000000
vt 0.105800 0.738900 0.000000
vt 0.042100 0.748100 0.000000
vt 0.038100 0.749900 0.000000
vt 0.035700 0.751000 0.000000
vt 0.658700 0.807600 0.000000
vt 0.668600 0.815000 0.000000
vt 0.491300 0.351000 0.000000
vt 0.648700 0.797100 0.000000
vt 0.119900 0.174100 0.000000
vt 0.026900 0.439900 0.000000
vt 0.017800 0.760800 0.000000
vt 0.111400 0.738900 0.000000
vt 0.820100 0.700800 0.000000
vt 0.839600 0.692800 0.000000
vt 0.840900 0.692700 0.000000
vt 0.844000 0.693800 0.000000
vt 0.864200 0.694200 0.000000
vt 0.866900 0.693300 0.000000
vt 0.859900 0.693700 0.000000
vt 0.885800 0.685300 0.000000
vt 0.888100 0.684000 0.000000
vt 0.122300 0.085600 0.000000
vt 0.122000 0.084000 0.000000
vt 0.130300 0.132100 0.000000
vt 0.505000 0.226300 0.000000
vt 0.985900 0.710800 0.000000
vt 0.966000 0.740200 0.000000
vt 0.940300 0.714000 0.000000
vt 0.952100 0.696500 0.000000
vt 0.993100 0.676100 0.000000
vt 0.956400 0.675800 0.000000
vt 0.986400 0.641300 0.000000
vt 0.952500 0.655100 0.000000
vt 0.967000 0.611700 0.000000
vt 0.940800 0.637400 0.000000
vt 0.937600 0.591800 0.000000
vt 0.923400 0.625500 0.000000
vt 0.902900 0.584600 0.000000
vt 0.902700 0.621300 0.000000
vt 0.868100 0.591200 0.000000
vt 0.881900 0.625200 0.000000
vt 0.936400 0.759600 0.000000
vt 0.922600 0.725600 0.000000
vt 0.202300 0.316800 0.000000
vt 0.231400 0.337500 0.000000
vt 0.200300 0.318400 0.000000
vt 0.230600 0.338700 0.000000
vt 0.199200 0.320100 0.000000
vt 0.392500 0.074100 0.000000
vt 0.393200 0.065100 0.000000
vt 0.263100 0.011300 0.000000
vt 0.273000 0.011700 0.000000
vt 0.272700 0.019700 0.000000
vt 0.261300 0.019000 0.000000
vt 0.167700 0.009700 0.000000
vt 0.204900 0.010100 0.000000
vt 0.204600 0.016200 0.000000
vt 0.167800 0.017300 0.000000
vt 0.207700 0.010100 0.000000
vt 0.240900 0.010700 0.000000
vt 0.239200 0.017700 0.000000
vt 0.207700 0.016200 0.000000
vt 0.311100 0.013900 0.000000
vt 0.342700 0.016200 0.000000
vt 0.342200 0.022400 0.000000
vt 0.310700 0.021300 0.000000
vt 0.374800 0.018600 0.000000
vt 0.374200 0.025900 0.000000
vt 0.345100 0.022600 0.000000
vt 0.345400 0.016400 0.000000
vt 0.655400 0.946400 0.000000
vt 0.657400 0.947200 0.000000
vt 0.634500 0.964400 0.000000
vt 0.633300 0.963200 0.000000
vt 0.656700 0.822500 0.000000
vt 0.658800 0.821800 0.000000
vt 0.654300 0.842700 0.000000
vt 0.652400 0.843100 0.000000
vt 0.576600 0.727000 0.000000
vt 0.577600 0.725100 0.000000
vt 0.593100 0.753200 0.000000
vt 0.591900 0.754100 0.000000
vt 0.524800 0.725600 0.000000
vt 0.525000 0.724200 0.000000
vt 0.574800 0.726000 0.000000
vt 0.545200 0.726800 0.000000
vt 0.545200 0.725300 0.000000
vt 0.575900 0.724100 0.000000
vt 0.616900 0.784400 0.000000
vt 0.615900 0.785300 0.000000
vt 0.602300 0.769100 0.000000
vt 0.603100 0.767900 0.000000
vt 0.656000 0.820700 0.000000
vt 0.629100 0.798400 0.000000
vt 0.630500 0.797700 0.000000
vt 0.658100 0.820000 0.000000
vt 0.648000 0.881100 0.000000
vt 0.648900 0.863200 0.000000
vt 0.650400 0.863400 0.000000
vt 0.649400 0.881500 0.000000
vt 0.656100 0.944500 0.000000
vt 0.650700 0.916000 0.000000
vt 0.652300 0.916000 0.000000
vt 0.658200 0.945400 0.000000
vt 0.619000 0.977700 0.000000
vt 0.618100 0.976500 0.000000
vt 0.371200 0.068700 0.000000
vt 0.371800 0.060400 0.000000
vt 0.291200 0.012700 0.000000
vt 0.290800 0.020500 0.000000
vt 0.253300 0.054800 0.000000
vt 0.251400 0.063400 0.000000
vt 0.229300 0.058100 0.000000
vt 0.231300 0.050200 0.000000
vt 0.146400 0.009800 0.000000
vt 0.146500 0.017700 0.000000
vt 0.650100 0.897800 0.000000
vt 0.648500 0.897600 0.000000
vt 0.371100 0.070800 0.000000
vt 0.342300 0.060500 0.000000
vt 0.342500 0.058400 0.000000
vt 0.229200 0.060200 0.000000
vt 0.207100 0.053700 0.000000
vt 0.207100 0.051500 0.000000
vt 0.105300 0.061300 0.000000
vt 0.105400 0.063200 0.000000
vt 0.072100 0.055400 0.000000
vt 0.072000 0.053400 0.000000
vt 0.018400 0.072500 0.000000
vt 0.018300 0.070600 0.000000
vt 0.038600 0.065500 0.000000
vt 0.069600 0.053400 0.000000
vt 0.069700 0.055500 0.000000
vt 0.039300 0.067500 0.000000
vt 0.147000 0.063300 0.000000
vt 0.147500 0.065100 0.000000
vt 0.124400 0.065200 0.000000
vt 0.124300 0.063400 0.000000
vt 0.167900 0.060800 0.000000
vt 0.204500 0.051500 0.000000
vt 0.204500 0.053600 0.000000
vt 0.167700 0.062700 0.000000
vt 0.270800 0.065600 0.000000
vt 0.270800 0.067300 0.000000
vt 0.251200 0.065300 0.000000
vt 0.308100 0.064300 0.000000
vt 0.339800 0.058200 0.000000
vt 0.339700 0.060300 0.000000
vt 0.308200 0.066400 0.000000
vt 0.392200 0.076000 0.000000
vt 0.288600 0.067900 0.000000
vt 0.288600 0.066000 0.000000
vt 0.123100 0.010300 0.000000
vt 0.123300 0.018100 0.000000
vt 0.105100 0.052900 0.000000
vt 0.124100 0.054600 0.000000
vt 0.071700 0.046600 0.000000
vt 0.037800 0.057100 0.000000
vt 0.069100 0.046700 0.000000
vt 0.017400 0.061600 0.000000
vt 0.624100 0.824000 0.000000
vt 0.614700 0.809900 0.000000
vt 0.622500 0.806200 0.000000
vt 0.634600 0.820300 0.000000
vt 0.602800 0.793900 0.000000
vt 0.608600 0.789700 0.000000
vt 0.589500 0.778900 0.000000
vt 0.595400 0.774600 0.000000
vt 0.576000 0.766700 0.000000
vt 0.582100 0.759700 0.000000
vt 0.571200 0.747300 0.000000
vt 0.543800 0.738500 0.000000
vt 0.540600 0.747800 0.000000
vt 0.522900 0.743100 0.000000
vt 0.523500 0.735100 0.000000
vt 0.560600 0.741500 0.000000
vt 0.610600 0.970900 0.000000
vt 0.625000 0.955500 0.000000
vt 0.635700 0.943300 0.000000
vt 0.639800 0.932500 0.000000
vt 0.640000 0.916300 0.000000
vt 0.640300 0.897500 0.000000
vt 0.640200 0.845400 0.000000
vt 0.639500 0.831000 0.000000
vt 0.640200 0.863200 0.000000
vt 0.633900 0.880100 0.000000
vt 0.632800 0.863700 0.000000
vt 0.640300 0.880200 0.000000
vt 0.204500 0.044600 0.000000
vt 0.207200 0.044700 0.000000
vt 0.340300 0.051200 0.000000
vt 0.343000 0.051400 0.000000
vt 0.628100 0.833700 0.000000
vt 0.564600 0.757000 0.000000
vt 0.555500 0.752400 0.000000
vt 0.605000 0.965500 0.000000
vt 0.617100 0.950400 0.000000
vt 0.625300 0.938000 0.000000
vt 0.628800 0.928700 0.000000
vt 0.631200 0.914300 0.000000
vt 0.633200 0.896800 0.000000
vt 0.630900 0.847400 0.000000
vt 0.599700 0.794400 0.000000
vt 0.587800 0.781300 0.000000
vt 0.630200 0.895500 0.000000
vt 0.630700 0.879600 0.000000
vt 0.575300 0.770300 0.000000
vt 0.609800 0.808300 0.000000
vt 0.627400 0.848200 0.000000
vt 0.623400 0.834100 0.000000
vt 0.629600 0.863800 0.000000
vt 0.628000 0.911600 0.000000
vt 0.612500 0.950700 0.000000
vt 0.620000 0.937900 0.000000
vt 0.602600 0.964200 0.000000
vt 0.618000 0.821900 0.000000
vt 0.563300 0.761300 0.000000
vt 0.537500 0.750000 0.000000
vt 0.521700 0.745500 0.000000
vt 0.624700 0.926000 0.000000
vt 0.551700 0.755300 0.000000
vt 0.585800 0.784100 0.000000
vt 0.596200 0.795300 0.000000
vt 0.594600 0.796600 0.000000
vt 0.584300 0.785600 0.000000
vt 0.627200 0.879100 0.000000
vt 0.626800 0.894200 0.000000
vt 0.624700 0.894000 0.000000
vt 0.625100 0.879100 0.000000
vt 0.574300 0.774100 0.000000
vt 0.573000 0.775800 0.000000
vt 0.605300 0.807500 0.000000
vt 0.603500 0.808600 0.000000
vt 0.619100 0.834600 0.000000
vt 0.623600 0.849100 0.000000
vt 0.621500 0.849600 0.000000
vt 0.617100 0.835300 0.000000
vt 0.626100 0.864000 0.000000
vt 0.624100 0.864300 0.000000
vt 0.624700 0.909100 0.000000
vt 0.622600 0.908600 0.000000
vt 0.615300 0.937500 0.000000
vt 0.608100 0.950500 0.000000
vt 0.606200 0.949500 0.000000
vt 0.613300 0.936600 0.000000
vt 0.599700 0.962700 0.000000
vt 0.597900 0.961600 0.000000
vt 0.612900 0.820600 0.000000
vt 0.611000 0.821600 0.000000
vt 0.561800 0.765400 0.000000
vt 0.560700 0.767300 0.000000
vt 0.520200 0.748500 0.000000
vt 0.534500 0.752700 0.000000
vt 0.533700 0.754800 0.000000
vt 0.519500 0.750600 0.000000
vt 0.620800 0.923600 0.000000
vt 0.618800 0.922900 0.000000
vt 0.548400 0.758300 0.000000
vt 0.547500 0.760300 0.000000
vt 0.587000 0.782500 0.000000
vt 0.598200 0.794600 0.000000
vt 0.629200 0.879300 0.000000
vt 0.628700 0.894800 0.000000
vt 0.575000 0.772100 0.000000
vt 0.607400 0.807500 0.000000
vt 0.621100 0.834300 0.000000
vt 0.625700 0.848600 0.000000
vt 0.628100 0.863900 0.000000
vt 0.626500 0.910200 0.000000
vt 0.617300 0.937800 0.000000
vt 0.610200 0.950800 0.000000
vt 0.601400 0.963600 0.000000
vt 0.615000 0.820800 0.000000
vt 0.562600 0.763500 0.000000
vt 0.521100 0.746600 0.000000
vt 0.535900 0.751200 0.000000
vt 0.622700 0.924600 0.000000
vt 0.549900 0.756800 0.000000
vt 0.271200 0.056700 0.000000
vt 0.167800 0.052300 0.000000
vt 0.308600 0.055900 0.000000
vt 0.395900 0.028200 0.000000
vt 0.289000 0.057100 0.000000
vt 0.146900 0.054500 0.000000
vt 0.103800 0.018300 0.000000
vt 0.070400 0.018400 0.000000
vt 0.035300 0.022600 0.000000
vt 0.067300 0.018600 0.000000
vt 0.014500 0.024900 0.000000
vt 0.396500 0.020200 0.000000
vt 0.103600 0.010800 0.000000
vt 0.069900 0.012300 0.000000
vt 0.034700 0.015200 0.000000
vt 0.067000 0.012500 0.000000
vt 0.013900 0.017000 0.000000
vt 0.577700 0.792400 0.000000
vt 0.587300 0.802600 0.000000
vt 0.615700 0.879300 0.000000
vt 0.615300 0.893100 0.000000
vt 0.567200 0.783300 0.000000
vt 0.595600 0.813800 0.000000
vt 0.608200 0.838500 0.000000
vt 0.612300 0.851800 0.000000
vt 0.614700 0.865400 0.000000
vt 0.613400 0.906700 0.000000
vt 0.604700 0.932500 0.000000
vt 0.598000 0.944600 0.000000
vt 0.590000 0.956300 0.000000
vt 0.602600 0.825900 0.000000
vt 0.555800 0.775400 0.000000
vt 0.516800 0.759700 0.000000
vt 0.530500 0.763700 0.000000
vt 0.609900 0.919900 0.000000
vt 0.543500 0.768900 0.000000
vt 0.320100 0.697200 0.000000
vt 0.298500 0.697500 0.000000
vt 0.291600 0.665900 0.000000
vt 0.322400 0.664600 0.000000
vt 0.285500 0.637400 0.000000
vt 0.324300 0.635000 0.000000
vt 0.280300 0.606400 0.000000
vt 0.326100 0.606300 0.000000
vt 0.280000 0.574400 0.000000
vt 0.327800 0.575000 0.000000
vt 0.278900 0.543800 0.000000
vt 0.329300 0.545600 0.000000
vt 0.280500 0.507800 0.000000
vt 0.331100 0.510900 0.000000
vt 0.284400 0.469400 0.000000
vt 0.333200 0.473300 0.000000
vt 0.336100 0.424800 0.000000
vt 0.291300 0.420300 0.000000
vt 0.338100 0.390300 0.000000
vt 0.338100 0.391200 0.000000
vt 0.296900 0.386500 0.000000
vt 0.297100 0.385500 0.000000
vt 0.278200 0.703900 0.000000
vt 0.261900 0.675700 0.000000
vt 0.247500 0.647500 0.000000
vt 0.228700 0.616900 0.000000
vt 0.234600 0.575500 0.000000
vt 0.232600 0.540000 0.000000
vt 0.233600 0.499900 0.000000
vt 0.229200 0.465800 0.000000
vt 0.244500 0.412900 0.000000
vt 0.256300 0.377200 0.000000
vt 0.256800 0.376100 0.000000
vt 0.261200 0.715900 0.000000
vt 0.236700 0.692900 0.000000
vt 0.215700 0.672100 0.000000
vt 0.198300 0.652200 0.000000
vt 0.194800 0.433800 0.000000
vt 0.209900 0.396100 0.000000
vt 0.216300 0.363900 0.000000
vt 0.217200 0.362400 0.000000
vt 0.198100 0.573900 0.000000
vt 0.192300 0.609500 0.000000
vt 0.177400 0.643600 0.000000
vt 0.196900 0.475400 0.000000
vt 0.179100 0.446500 0.000000
vt 0.200900 0.501800 0.000000
vt 0.201700 0.538500 0.000000
vt 0.110600 0.572300 0.000000
vt 0.161300 0.572800 0.000000
vt 0.156300 0.605300 0.000000
vt 0.110500 0.603700 0.000000
vt 0.150300 0.636700 0.000000
vt 0.109500 0.633200 0.000000
vt 0.101800 0.465600 0.000000
vt 0.159600 0.453400 0.000000
vt 0.166200 0.485300 0.000000
vt 0.105900 0.494900 0.000000
vt 0.169200 0.506500 0.000000
vt 0.107800 0.513500 0.000000
vt 0.166800 0.538500 0.000000
vt 0.109600 0.541500 0.000000
vt 0.037400 0.606500 0.000000
vt 0.036500 0.575500 0.000000
vt 0.038600 0.635500 0.000000
vt 0.032700 0.499300 0.000000
vt 0.030600 0.470700 0.000000
vt 0.033900 0.517900 0.000000
vt 0.035400 0.545300 0.000000
vt 0.352700 0.670200 0.000000
vt 0.341600 0.700500 0.000000
vt 0.362700 0.642900 0.000000
vt 0.371700 0.612900 0.000000
vt 0.375400 0.581200 0.000000
vt 0.379600 0.550800 0.000000
vt 0.381600 0.514600 0.000000
vt 0.382100 0.475700 0.000000
vt 0.381000 0.426000 0.000000
vt 0.379500 0.391800 0.000000
vt 0.379300 0.390700 0.000000
vt 0.380900 0.684200 0.000000
vt 0.360800 0.709800 0.000000
vt 0.399200 0.658200 0.000000
vt 0.422200 0.630700 0.000000
vt 0.420500 0.588800 0.000000
vt 0.425800 0.553300 0.000000
vt 0.428800 0.512800 0.000000
vt 0.437000 0.479100 0.000000
vt 0.428300 0.424600 0.000000
vt 0.420900 0.387500 0.000000
vt 0.420500 0.386300 0.000000
vt 0.375600 0.724200 0.000000
vt 0.403400 0.704800 0.000000
vt 0.427400 0.687200 0.000000
vt 0.448100 0.670100 0.000000
vt 0.475000 0.451500 0.000000
vt 0.464600 0.412300 0.000000
vt 0.462200 0.379500 0.000000
vt 0.461500 0.377900 0.000000
vt 0.457300 0.593100 0.000000
vt 0.459800 0.629700 0.000000
vt 0.470400 0.665800 0.000000
vt 0.488800 0.465900 0.000000
vt 0.467400 0.492600 0.000000
vt 0.460400 0.518900 0.000000
vt 0.456300 0.555900 0.000000
vt 0.495600 0.634600 0.000000
vt 0.494300 0.600400 0.000000
vt 0.547600 0.614800 0.000000
vt 0.540100 0.646500 0.000000
vt 0.496800 0.666700 0.000000
vt 0.534700 0.675300 0.000000
vt 0.590100 0.511800 0.000000
vt 0.507100 0.475200 0.000000
vt 0.495800 0.506100 0.000000
vt 0.575500 0.538600 0.000000
vt 0.490400 0.527200 0.000000
vt 0.567400 0.556100 0.000000
vt 0.490800 0.560400 0.000000
vt 0.557000 0.583700 0.000000
vt 0.601100 0.671600 0.000000
vt 0.614400 0.645600 0.000000
vt 0.644700 0.668200 0.000000
vt 0.628800 0.691100 0.000000
vt 0.588700 0.696000 0.000000
vt 0.613600 0.712700 0.000000
vt 0.667700 0.562000 0.000000
vt 0.703900 0.596200 0.000000
vt 0.651200 0.584100 0.000000
vt 0.686000 0.615100 0.000000
vt 0.641600 0.598300 0.000000
vt 0.675400 0.627300 0.000000
vt 0.628300 0.620500 0.000000
vt 0.660500 0.646400 0.000000
vt 0.653900 0.715700 0.000000
vt 0.671800 0.696200 0.000000
vt 0.690600 0.728100 0.000000
vt 0.671200 0.743500 0.000000
vt 0.580000 0.628300 0.000000
vt 0.569400 0.657400 0.000000
vt 0.636300 0.734500 0.000000
vt 0.652300 0.758800 0.000000
vt 0.560300 0.684000 0.000000
vt 0.735500 0.637100 0.000000
vt 0.760100 0.683700 0.000000
vt 0.716600 0.652400 0.000000
vt 0.739800 0.695300 0.000000
vt 0.628300 0.534200 0.000000
vt 0.612900 0.559100 0.000000
vt 0.705200 0.662300 0.000000
vt 0.727400 0.702600 0.000000
vt 0.603900 0.575200 0.000000
vt 0.689200 0.678000 0.000000
vt 0.709800 0.714300 0.000000
vt 0.591800 0.600400 0.000000
vt 0.337900 0.394000 0.000000
vt 0.296300 0.389400 0.000000
vt 0.255400 0.380400 0.000000
vt 0.215900 0.367600 0.000000
vt 0.379700 0.394800 0.000000
vt 0.421400 0.390900 0.000000
vt 0.462200 0.383200 0.000000
vt 0.390800 0.204700 0.000000
vt 0.391100 0.213100 0.000000
vt 0.342400 0.211100 0.000000
vt 0.343000 0.203000 0.000000
vt 0.437700 0.201100 0.000000
vt 0.439000 0.209600 0.000000
vt 0.191900 0.159900 0.000000
vt 0.232100 0.176700 0.000000
vt 0.229500 0.184200 0.000000
vt 0.188200 0.166800 0.000000
vt 0.258100 0.185000 0.000000
vt 0.255700 0.192700 0.000000
vt 0.298200 0.194600 0.000000
vt 0.296600 0.202400 0.000000
vt 0.337900 0.257900 0.000000
vt 0.390700 0.261900 0.000000
vt 0.390500 0.269200 0.000000
vt 0.337000 0.264900 0.000000
vt 0.444500 0.261200 0.000000
vt 0.444900 0.268900 0.000000
vt 0.166700 0.208000 0.000000
vt 0.212900 0.228000 0.000000
vt 0.210400 0.234500 0.000000
vt 0.163500 0.214600 0.000000
vt 0.241900 0.237800 0.000000
vt 0.239800 0.244600 0.000000
vt 0.287400 0.248500 0.000000
vt 0.285900 0.255800 0.000000
vt 0.389400 0.296400 0.000000
vt 0.388200 0.311300 0.000000
vt 0.331300 0.304700 0.000000
vt 0.333800 0.290700 0.000000
vt 0.445500 0.297900 0.000000
vt 0.445000 0.313600 0.000000
vt 0.147200 0.251400 0.000000
vt 0.152600 0.239000 0.000000
vt 0.200900 0.259300 0.000000
vt 0.195300 0.272600 0.000000
vt 0.227900 0.284300 0.000000
vt 0.231800 0.269800 0.000000
vt 0.280200 0.282900 0.000000
vt 0.277200 0.296500 0.000000
vt 0.394500 0.786100 0.000000
vt 0.382900 0.775100 0.000000
vt 0.398200 0.789000 0.000000
vt 0.396300 0.787500 0.000000
vt 0.434200 0.820100 0.000000
vt 0.428000 0.814900 0.000000
vt 0.437900 0.822200 0.000000
vt 0.435900 0.821300 0.000000
vt 0.459700 0.839100 0.000000
vt 0.457500 0.837900 0.000000
vt 0.507000 0.879500 0.000000
vt 0.500600 0.873600 0.000000
vt 0.509800 0.883800 0.000000
vt 0.508800 0.881700 0.000000
vt 0.357500 0.793400 0.000000
vt 0.364800 0.807700 0.000000
vt 0.366100 0.809600 0.000000
vt 0.367500 0.811800 0.000000
vt 0.403900 0.793900 0.000000
vt 0.416100 0.804500 0.000000
vt 0.379400 0.832400 0.000000
vt 0.371300 0.818300 0.000000
vt 0.387300 0.846100 0.000000
vt 0.391400 0.853000 0.000000
vt 0.392700 0.854600 0.000000
vt 0.394100 0.856200 0.000000
vt 0.407200 0.877700 0.000000
vt 0.408700 0.879400 0.000000
vt 0.467800 0.845500 0.000000
vt 0.484400 0.859500 0.000000
vt 0.424400 0.905300 0.000000
vt 0.413800 0.887600 0.000000
vt 0.434400 0.922500 0.000000
vt 0.438100 0.929100 0.000000
vt 0.439400 0.931800 0.000000
vt 0.440400 0.934400 0.000000
vt 0.327100 0.803100 0.000000
vt 0.330000 0.818900 0.000000
vt 0.330500 0.821200 0.000000
vt 0.331000 0.823800 0.000000
vt 0.335800 0.847400 0.000000
vt 0.332600 0.831300 0.000000
vt 0.338900 0.863000 0.000000
vt 0.340600 0.870900 0.000000
vt 0.341100 0.872800 0.000000
vt 0.341700 0.874900 0.000000
vt 0.347000 0.899700 0.000000
vt 0.347700 0.901900 0.000000
vt 0.354200 0.932700 0.000000
vt 0.349800 0.911800 0.000000
vt 0.358400 0.953100 0.000000
vt 0.360000 0.961300 0.000000
vt 0.360400 0.964100 0.000000
vt 0.360700 0.966400 0.000000
vt 0.295200 0.804500 0.000000
vt 0.293300 0.820500 0.000000
vt 0.293000 0.822800 0.000000
vt 0.292700 0.825300 0.000000
vt 0.289700 0.849200 0.000000
vt 0.291700 0.832900 0.000000
vt 0.287800 0.865000 0.000000
vt 0.286800 0.873100 0.000000
vt 0.286500 0.875100 0.000000
vt 0.286200 0.877300 0.000000
vt 0.283100 0.902700 0.000000
vt 0.282800 0.905000 0.000000
vt 0.279100 0.935900 0.000000
vt 0.281600 0.914800 0.000000
vt 0.276600 0.956600 0.000000
vt 0.275600 0.964900 0.000000
vt 0.275300 0.967800 0.000000
vt 0.275000 0.970100 0.000000
vt 0.264600 0.795900 0.000000
vt 0.258000 0.810500 0.000000
vt 0.257000 0.812600 0.000000
vt 0.255800 0.814900 0.000000
vt 0.245400 0.836600 0.000000
vt 0.252400 0.821700 0.000000
vt 0.238600 0.850900 0.000000
vt 0.235000 0.858100 0.000000
vt 0.234000 0.859900 0.000000
vt 0.232900 0.861700 0.000000
vt 0.221800 0.884400 0.000000
vt 0.220600 0.886400 0.000000
vt 0.207100 0.914200 0.000000
vt 0.216200 0.895200 0.000000
vt 0.198400 0.932500 0.000000
vt 0.195200 0.939600 0.000000
vt 0.194000 0.942400 0.000000
vt 0.192900 0.944900 0.000000
vt 0.237800 0.778800 0.000000
vt 0.227100 0.790700 0.000000
vt 0.225500 0.792300 0.000000
vt 0.223600 0.794000 0.000000
vt 0.206900 0.811200 0.000000
vt 0.218200 0.799400 0.000000
vt 0.195900 0.822600 0.000000
vt 0.190100 0.828300 0.000000
vt 0.188500 0.829500 0.000000
vt 0.186700 0.830800 0.000000
vt 0.168800 0.848500 0.000000
vt 0.166800 0.849900 0.000000
vt 0.144300 0.872600 0.000000
vt 0.159500 0.857100 0.000000
vt 0.129500 0.888100 0.000000
vt 0.123700 0.894400 0.000000
vt 0.121900 0.896700 0.000000
vt 0.120600 0.898600 0.000000
vt 0.217700 0.754600 0.000000
vt 0.203700 0.762400 0.000000
vt 0.201700 0.763300 0.000000
vt 0.199400 0.764400 0.000000
vt 0.178100 0.775100 0.000000
vt 0.192700 0.767800 0.000000
vt 0.163900 0.782300 0.000000
vt 0.156600 0.786000 0.000000
vt 0.154600 0.786700 0.000000
vt 0.152300 0.787300 0.000000
vt 0.129100 0.798100 0.000000
vt 0.126700 0.798800 0.000000
vt 0.098300 0.812800 0.000000
vt 0.117500 0.803200 0.000000
vt 0.079700 0.822400 0.000000
vt 0.072500 0.826500 0.000000
vt 0.070200 0.828300 0.000000
vt 0.068500 0.830400 0.000000
vt 0.693500 0.784500 0.000000
vt 0.715100 0.775500 0.000000
vt 0.716700 0.777900 0.000000
vt 0.695600 0.786600 0.000000
vt 0.673600 0.795200 0.000000
vt 0.676000 0.796800 0.000000
vt 0.788700 0.754700 0.000000
vt 0.788800 0.752500 0.000000
vt 0.768200 0.758800 0.000000
vt 0.768600 0.761100 0.000000
vt 0.755600 0.762500 0.000000
vt 0.756400 0.764800 0.000000
vt 0.736500 0.768600 0.000000
vt 0.737700 0.771100 0.000000
vt 0.691800 0.782800 0.000000
vt 0.713400 0.773500 0.000000
vt 0.671900 0.793700 0.000000
vt 0.788400 0.750400 0.000000
vt 0.767400 0.756700 0.000000
vt 0.754500 0.760400 0.000000
vt 0.735000 0.766400 0.000000
vt 0.701400 0.795300 0.000000
vt 0.701400 0.795300 0.000000
vt 0.701400 0.795300 0.000000
vt 0.721500 0.787000 0.000000
vt 0.721500 0.787000 0.000000
vt 0.721500 0.787000 0.000000
vt 0.683000 0.804500 0.000000
vt 0.683000 0.804500 0.000000
vt 0.683000 0.804500 0.000000
vt 0.808500 0.760400 0.000000
vt 0.789800 0.764100 0.000000
vt 0.789800 0.764100 0.000000
vt 0.789800 0.764100 0.000000
vt 0.771200 0.770200 0.000000
vt 0.771200 0.770200 0.000000
vt 0.771200 0.770200 0.000000
vt 0.759000 0.774100 0.000000
vt 0.759000 0.774100 0.000000
vt 0.759000 0.774100 0.000000
vt 0.741300 0.780200 0.000000
vt 0.741300 0.780200 0.000000
vt 0.741300 0.780200 0.000000
vt 0.338900 0.377200 0.000000
vt 0.338900 0.377200 0.000000
vt 0.338900 0.377200 0.000000
vt 0.299700 0.372500 0.000000
vt 0.299700 0.372500 0.000000
vt 0.299700 0.372500 0.000000
vt 0.261200 0.363300 0.000000
vt 0.261200 0.363300 0.000000
vt 0.261200 0.363300 0.000000
vt 0.223900 0.350000 0.000000
vt 0.223900 0.350000 0.000000
vt 0.223900 0.350000 0.000000
vt 0.191200 0.331800 0.000000
vt 0.378500 0.377400 0.000000
vt 0.378500 0.377400 0.000000
vt 0.378500 0.377400 0.000000
vt 0.417800 0.373200 0.000000
vt 0.417800 0.373200 0.000000
vt 0.417800 0.373200 0.000000
vt 0.456400 0.364700 0.000000
vt 0.456400 0.364700 0.000000
vt 0.456400 0.364700 0.000000
vt 0.686000 0.773100 0.000000
vt 0.707000 0.762300 0.000000
vt 0.666400 0.785100 0.000000
vt 0.781600 0.733800 0.000000
vt 0.760400 0.741500 0.000000
vt 0.747300 0.746000 0.000000
vt 0.728000 0.753400 0.000000
vt 0.338500 0.251400 0.000000
vt 0.390800 0.255100 0.000000
vt 0.444000 0.253800 0.000000
vt 0.169600 0.202100 0.000000
vt 0.215100 0.221900 0.000000
vt 0.243900 0.231500 0.000000
vt 0.288700 0.242200 0.000000
vt 0.027800 0.576400 0.000000
vt 0.029700 0.607900 0.000000
vt 0.032800 0.637300 0.000000
vt 0.024300 0.469600 0.000000
vt 0.024900 0.498800 0.000000
vt 0.025500 0.517900 0.000000
vt 0.026800 0.545700 0.000000
vt 0.522200 0.897000 0.000000
vt 0.449100 0.950500 0.000000
vt 0.364400 0.984100 0.000000
vt 0.272800 0.988000 0.000000
vt 0.185300 0.961500 0.000000
vt 0.108600 0.912000 0.000000
vt 0.053000 0.840200 0.000000
vt 0.455500 0.837000 0.000000
vt 0.405700 0.876100 0.000000
vt 0.346400 0.897500 0.000000
vt 0.283400 0.900300 0.000000
vt 0.222900 0.882500 0.000000
vt 0.170600 0.847300 0.000000
vt 0.131500 0.797600 0.000000
vt 0.581100 0.432000 0.000000
vt 0.574500 0.452300 0.000000
vt 0.623300 0.470900 0.000000
vt 0.632200 0.451600 0.000000
vt 0.668800 0.496100 0.000000
vt 0.680300 0.478400 0.000000
vt 0.710000 0.527800 0.000000
vt 0.724100 0.511900 0.000000
vt 0.746300 0.565100 0.000000
vt 0.762500 0.551500 0.000000
vt 0.776700 0.607400 0.000000
vt 0.794800 0.596200 0.000000
vt 0.801100 0.653600 0.000000
vt 0.820400 0.644500 0.000000
vt 0.581500 0.425900 0.000000
vt 0.581500 0.429800 0.000000
vt 0.632900 0.449600 0.000000
vt 0.633900 0.446000 0.000000
vt 0.681400 0.476500 0.000000
vt 0.683200 0.473300 0.000000
vt 0.725500 0.510300 0.000000
vt 0.728000 0.507600 0.000000
vt 0.764200 0.550200 0.000000
vt 0.767200 0.548100 0.000000
vt 0.796700 0.595200 0.000000
vt 0.800100 0.593800 0.000000
vt 0.822600 0.643900 0.000000
vt 0.826400 0.643400 0.000000
vt 0.584600 0.405900 0.000000
vt 0.584200 0.407600 0.000000
vt 0.640700 0.428600 0.000000
vt 0.641400 0.426800 0.000000
vt 0.693100 0.457300 0.000000
vt 0.694200 0.455600 0.000000
vt 0.740500 0.493400 0.000000
vt 0.741800 0.491900 0.000000
vt 0.781900 0.536300 0.000000
vt 0.783500 0.535100 0.000000
vt 0.816600 0.585000 0.000000
vt 0.818300 0.584100 0.000000
vt 0.844300 0.638500 0.000000
vt 0.846000 0.637900 0.000000
vt 0.584300 0.410900 0.000000
vt 0.639700 0.431800 0.000000
vt 0.691400 0.460200 0.000000
vt 0.738200 0.496000 0.000000
vt 0.779200 0.538400 0.000000
vt 0.813600 0.586300 0.000000
vt 0.841100 0.638900 0.000000
vt 0.591000 0.387100 0.000000
vt 0.649800 0.409000 0.000000
vt 0.704900 0.439100 0.000000
vt 0.755000 0.477200 0.000000
vt 0.798600 0.522400 0.000000
vt 0.835000 0.573600 0.000000
vt 0.863800 0.629300 0.000000
vt 0.592000 0.384800 0.000000
vt 0.650900 0.406800 0.000000
vt 0.706300 0.437000 0.000000
vt 0.756600 0.475400 0.000000
vt 0.800500 0.520800 0.000000
vt 0.837000 0.572300 0.000000
vt 0.866000 0.628000 0.000000
vt 0.072900 0.102800 0.000000
vt 0.073900 0.104300 0.000000
vt 0.034900 0.141100 0.000000
vt 0.033400 0.140100 0.000000
vt 0.013100 0.189800 0.000000
vt 0.011300 0.189400 0.000000
vt 0.011600 0.243100 0.000000
vt 0.009900 0.243400 0.000000
vt 0.030800 0.292800 0.000000
vt 0.029300 0.293700 0.000000
vt 0.067700 0.331400 0.000000
vt 0.066600 0.332800 0.000000
vt 0.116700 0.353000 0.000000
vt 0.116300 0.354800 0.000000
vt 0.099000 0.144000 0.000000
vt 0.073300 0.168200 0.000000
vt 0.058900 0.200200 0.000000
vt 0.058000 0.235100 0.000000
vt 0.070500 0.267700 0.000000
vt 0.094800 0.293000 0.000000
vt 0.127100 0.307200 0.000000
vt 0.800000 0.157300 0.000000
vt 0.800000 0.096200 0.000000
vt 0.760800 0.096200 0.000000
vt 0.760800 0.157300 0.000000
vt 0.721700 0.096200 0.000000
vt 0.721700 0.157300 0.000000
vt 0.682500 0.096200 0.000000
vt 0.682500 0.157300 0.000000
vt 0.643300 0.096200 0.000000
vt 0.643300 0.157300 0.000000
vt 0.604100 0.096200 0.000000
vt 0.604100 0.157300 0.000000
vt 0.565000 0.096200 0.000000
vt 0.565000 0.157300 0.000000
vt 0.204100 0.146500 0.000000
vt 0.201400 0.149300 0.000000
vt 0.235800 0.168500 0.000000
vt 0.237600 0.165000 0.000000
vt 0.272400 0.180600 0.000000
vt 0.273400 0.176800 0.000000
vt 0.310300 0.186300 0.000000
vt 0.310600 0.182400 0.000000
vt 0.348600 0.185600 0.000000
vt 0.348100 0.181700 0.000000
vt 0.386600 0.178300 0.000000
vt 0.385200 0.174700 0.000000
vt 0.423100 0.163900 0.000000
vt 0.420800 0.160800 0.000000
vt 0.215900 0.132600 0.000000
vt 0.222400 0.124600 0.000000
vt 0.250300 0.139000 0.000000
vt 0.245700 0.148500 0.000000
vt 0.280700 0.148900 0.000000
vt 0.278000 0.159000 0.000000
vt 0.312500 0.153600 0.000000
vt 0.311800 0.164100 0.000000
vt 0.344600 0.153000 0.000000
vt 0.345900 0.163500 0.000000
vt 0.376000 0.147200 0.000000
vt 0.379400 0.157200 0.000000
vt 0.405600 0.136600 0.000000
vt 0.411000 0.145400 0.000000
vt 0.225200 0.120200 0.000000
vt 0.252500 0.133800 0.000000
vt 0.282000 0.143500 0.000000
vt 0.312800 0.148300 0.000000
vt 0.344000 0.147600 0.000000
vt 0.374500 0.141900 0.000000
vt 0.403400 0.131900 0.000000
vt 0.243200 0.084100 0.000000
vt 0.266900 0.096100 0.000000
vt 0.290900 0.104300 0.000000
vt 0.315400 0.108100 0.000000
vt 0.340300 0.107500 0.000000
vt 0.365100 0.102600 0.000000
vt 0.390200 0.093800 0.000000
vt 0.973300 0.077800 0.000000
vt 0.973300 0.007400 0.000000
vt 0.956600 0.007400 0.000000
vt 0.956600 0.077800 0.000000
vt 0.940000 0.007400 0.000000
vt 0.940000 0.077800 0.000000
vt 0.923400 0.007400 0.000000
vt 0.923400 0.077800 0.000000
vt 0.906700 0.007400 0.000000
vt 0.906700 0.077800 0.000000
vt 0.890100 0.007400 0.000000
vt 0.890100 0.077800 0.000000
vt 0.873500 0.007400 0.000000
vt 0.873500 0.077800 0.000000
vt 0.717300 0.008700 0.000000
vt 0.743800 0.008700 0.000000
vt 0.690800 0.008700 0.000000
vt 0.664300 0.008700 0.000000
vt 0.637800 0.008700 0.000000
vt 0.611300 0.008700 0.000000
vt 0.584800 0.008700 0.000000
vt 0.558300 0.008700 0.000000
vt 0.531800 0.008700 0.000000
vt 0.505300 0.008700 0.000000
vt 0.478800 0.008700 0.000000
vt 0.452300 0.008700 0.000000
vt 0.425900 0.008700 0.000000
vt 0.823300 0.008700 0.000000
vt 0.849800 0.008700 0.000000
vt 0.796800 0.008700 0.000000
vt 0.770300 0.008700 0.000000
vt 0.994500 0.470700 0.000000
vt 0.996400 0.470700 0.000000
vt 0.988700 0.509400 0.000000
vt 0.986900 0.508700 0.000000
vt 0.966900 0.542300 0.000000
vt 0.965500 0.540900 0.000000
vt 0.934100 0.564200 0.000000
vt 0.933300 0.562400 0.000000
vt 0.895400 0.571900 0.000000
vt 0.895400 0.569900 0.000000
vt 0.856700 0.564200 0.000000
vt 0.857400 0.562400 0.000000
vt 0.823900 0.542300 0.000000
vt 0.825300 0.540900 0.000000
vt 0.802000 0.509400 0.000000
vt 0.803800 0.508700 0.000000
vt 0.794300 0.470700 0.000000
vt 0.796300 0.470700 0.000000
vt 0.802000 0.432000 0.000000
vt 0.803800 0.432700 0.000000
vt 0.823900 0.399100 0.000000
vt 0.825300 0.400500 0.000000
vt 0.856700 0.377200 0.000000
vt 0.857400 0.379000 0.000000
vt 0.895400 0.369500 0.000000
vt 0.895400 0.371500 0.000000
vt 0.934100 0.377200 0.000000
vt 0.933300 0.379000 0.000000
vt 0.966900 0.399100 0.000000
vt 0.965500 0.400500 0.000000
vt 0.988700 0.432000 0.000000
vt 0.986900 0.432700 0.000000
vt 0.736900 0.807300 0.000000
vt 0.736600 0.806100 0.000000
vt 0.749400 0.802100 0.000000
vt 0.749800 0.803300 0.000000
vt 0.762100 0.797500 0.000000
vt 0.762600 0.798700 0.000000
vt 0.774600 0.792500 0.000000
vt 0.775100 0.793600 0.000000
vt 0.787000 0.786900 0.000000
vt 0.787500 0.788100 0.000000
vt 0.799000 0.780900 0.000000
vt 0.799600 0.782100 0.000000
vt 0.810900 0.774500 0.000000
vt 0.811500 0.775600 0.000000
vt 0.822500 0.767500 0.000000
vt 0.823100 0.768600 0.000000
vt 0.833800 0.760200 0.000000
vt 0.834500 0.761200 0.000000
vt 0.844800 0.752400 0.000000
vt 0.845500 0.753400 0.000000
vt 0.855400 0.744200 0.000000
vt 0.856200 0.745100 0.000000
vt 0.865700 0.735500 0.000000
vt 0.866600 0.736400 0.000000
vt 0.875400 0.726100 0.000000
vt 0.876300 0.727000 0.000000
vt 0.684000 0.817900 0.000000
vt 0.683800 0.816600 0.000000
vt 0.697200 0.815100 0.000000
vt 0.697400 0.816400 0.000000
vt 0.710400 0.812700 0.000000
vt 0.710700 0.814000 0.000000
vt 0.723600 0.809700 0.000000
vt 0.723900 0.810900 0.000000
vt 0.954300 0.469700 0.000000
vt 0.949800 0.492200 0.000000
vt 0.943100 0.489400 0.000000
vt 0.947100 0.469700 0.000000
vt 0.937100 0.511300 0.000000
vt 0.932000 0.506200 0.000000
vt 0.918000 0.524200 0.000000
vt 0.915200 0.517400 0.000000
vt 0.895400 0.528700 0.000000
vt 0.895400 0.521400 0.000000
vt 0.872800 0.524200 0.000000
vt 0.875600 0.517500 0.000000
vt 0.853700 0.511500 0.000000
vt 0.858800 0.506300 0.000000
vt 0.840800 0.492300 0.000000
vt 0.847600 0.489500 0.000000
vt 0.836300 0.469700 0.000000
vt 0.843600 0.469700 0.000000
vt 0.840800 0.447100 0.000000
vt 0.847500 0.449900 0.000000
vt 0.853600 0.427900 0.000000
vt 0.858700 0.433100 0.000000
vt 0.872800 0.415100 0.000000
vt 0.875600 0.421900 0.000000
vt 0.895400 0.410700 0.000000
vt 0.895400 0.418000 0.000000
vt 0.918000 0.415200 0.000000
vt 0.915200 0.421900 0.000000
vt 0.937100 0.428000 0.000000
vt 0.931900 0.433100 0.000000
vt 0.949900 0.447100 0.000000
vt 0.943100 0.449900 0.000000
vt 0.881300 0.455600 0.000000
vt 0.868800 0.455500 0.000000
vt 0.871000 0.445300 0.000000
vt 0.881200 0.443100 0.000000
vt 0.895300 0.455500 0.000000
vt 0.895400 0.442200 0.000000
vt 0.909400 0.455700 0.000000
vt 0.909500 0.443200 0.000000
vt 0.921800 0.455500 0.000000
vt 0.919600 0.445400 0.000000
vt 0.881100 0.469700 0.000000
vt 0.867800 0.469700 0.000000
vt 0.895300 0.469700 0.000000
vt 0.909500 0.469700 0.000000
vt 0.922800 0.469700 0.000000
vt 0.881300 0.483700 0.000000
vt 0.868800 0.483900 0.000000
vt 0.895300 0.483900 0.000000
vt 0.909400 0.483700 0.000000
vt 0.921800 0.483800 0.000000
vt 0.881200 0.496200 0.000000
vt 0.871000 0.494000 0.000000
vt 0.895400 0.497200 0.000000
vt 0.909500 0.496200 0.000000
vt 0.919700 0.493900 0.000000
vt 0.855500 0.469700 0.000000
vt 0.858000 0.453000 0.000000
vt 0.865400 0.439700 0.000000
vt 0.878600 0.432300 0.000000
vt 0.895400 0.429800 0.000000
vt 0.912100 0.432300 0.000000
vt 0.925300 0.439700 0.000000
vt 0.932700 0.453000 0.000000
vt 0.935200 0.469700 0.000000
vt 0.932700 0.486300 0.000000
vt 0.925300 0.499600 0.000000
vt 0.912100 0.507000 0.000000
vt 0.895400 0.509500 0.000000
vt 0.878700 0.507100 0.000000
vt 0.865400 0.499700 0.000000
vt 0.858000 0.486400 0.000000
vt 0.785900 0.973900 0.000000
vt 0.783100 0.964400 0.000000
vt 0.802100 0.958400 0.000000
vt 0.805300 0.967800 0.000000
vt 0.820800 0.951700 0.000000
vt 0.824400 0.961000 0.000000
vt 0.839300 0.944300 0.000000
vt 0.843200 0.953400 0.000000
vt 0.857500 0.936100 0.000000
vt 0.861700 0.945100 0.000000
vt 0.875300 0.927200 0.000000
vt 0.879900 0.936000 0.000000
vt 0.892800 0.917700 0.000000
vt 0.897700 0.926300 0.000000
vt 0.909900 0.907500 0.000000
vt 0.915100 0.915900 0.000000
vt 0.926500 0.896600 0.000000
vt 0.932100 0.904800 0.000000
vt 0.942800 0.885100 0.000000
vt 0.948700 0.893100 0.000000
vt 0.958600 0.873000 0.000000
vt 0.964800 0.880800 0.000000
vt 0.973900 0.860300 0.000000
vt 0.980400 0.867900 0.000000
vt 0.988900 0.847200 0.000000
vt 0.995600 0.854500 0.000000
vt 0.706700 0.991000 0.000000
vt 0.705300 0.981200 0.000000
vt 0.725000 0.978000 0.000000
vt 0.726700 0.987800 0.000000
vt 0.744500 0.974200 0.000000
vt 0.746600 0.983900 0.000000
vt 0.763900 0.969700 0.000000
vt 0.766300 0.979300 0.000000
vt 0.778600 0.949200 0.000000
vt 0.762100 0.893200 0.000000
vt 0.778300 0.888100 0.000000
vt 0.797000 0.943400 0.000000
vt 0.794400 0.882300 0.000000
vt 0.815200 0.936900 0.000000
vt 0.810200 0.876000 0.000000
vt 0.833100 0.929700 0.000000
vt 0.825700 0.869000 0.000000
vt 0.850700 0.921800 0.000000
vt 0.841000 0.861400 0.000000
vt 0.868000 0.913200 0.000000
vt 0.855900 0.853200 0.000000
vt 0.884900 0.904000 0.000000
vt 0.870600 0.844500 0.000000
vt 0.901500 0.894100 0.000000
vt 0.884800 0.835200 0.000000
vt 0.917600 0.883500 0.000000
vt 0.898800 0.825300 0.000000
vt 0.933400 0.872400 0.000000
vt 0.912300 0.814900 0.000000
vt 0.948700 0.860600 0.000000
vt 0.925400 0.804000 0.000000
vt 0.963600 0.848300 0.000000
vt 0.938100 0.792600 0.000000
vt 0.978100 0.835500 0.000000
vt 0.703200 0.965600 0.000000
vt 0.695400 0.907400 0.000000
vt 0.712200 0.904700 0.000000
vt 0.722200 0.962400 0.000000
vt 0.729000 0.901600 0.000000
vt 0.741200 0.958700 0.000000
vt 0.745600 0.897700 0.000000
vt 0.760000 0.954300 0.000000
vt 0.800000 0.196700 0.000000
vt 0.800000 0.210100 0.000000
vt 0.760800 0.210100 0.000000
vt 0.760800 0.196700 0.000000
vt 0.721700 0.210100 0.000000
vt 0.721700 0.196700 0.000000
vt 0.682500 0.210100 0.000000
vt 0.682500 0.196700 0.000000
vt 0.643300 0.210100 0.000000
vt 0.643300 0.196700 0.000000
vt 0.604100 0.210100 0.000000
vt 0.604100 0.196700 0.000000
vt 0.565000 0.210100 0.000000
vt 0.565000 0.196700 0.000000
vt 0.800000 0.212600 0.000000
vt 0.760800 0.212600 0.000000
vt 0.721700 0.212600 0.000000
vt 0.682500 0.212600 0.000000
vt 0.643300 0.212600 0.000000
vt 0.604100 0.212600 0.000000
vt 0.565000 0.212600 0.000000
vt 0.973300 0.121600 0.000000
vt 0.973300 0.158100 0.000000
vt 0.956600 0.158100 0.000000
vt 0.956600 0.121600 0.000000
vt 0.940000 0.158100 0.000000
vt 0.940000 0.121600 0.000000
vt 0.923400 0.158100 0.000000
vt 0.923400 0.121600 0.000000
vt 0.906700 0.158100 0.000000
vt 0.906700 0.121600 0.000000
vt 0.890100 0.158100 0.000000
vt 0.890100 0.121600 0.000000
vt 0.873500 0.158100 0.000000
vt 0.873500 0.121600 0.000000
vt 0.967300 0.470700 0.000000
vt 0.970100 0.470700 0.000000
vt 0.964400 0.499400 0.000000
vt 0.961800 0.498300 0.000000
vt 0.948300 0.523700 0.000000
vt 0.946300 0.521700 0.000000
vt 0.924000 0.539900 0.000000
vt 0.922900 0.537300 0.000000
vt 0.895400 0.545600 0.000000
vt 0.895400 0.542800 0.000000
vt 0.866700 0.539900 0.000000
vt 0.867800 0.537300 0.000000
vt 0.842500 0.523700 0.000000
vt 0.844500 0.521700 0.000000
vt 0.826300 0.499400 0.000000
vt 0.828900 0.498300 0.000000
vt 0.820600 0.470700 0.000000
vt 0.823500 0.470700 0.000000
vt 0.826300 0.442000 0.000000
vt 0.828900 0.443100 0.000000
vt 0.842500 0.417700 0.000000
vt 0.844500 0.419700 0.000000
vt 0.866700 0.401500 0.000000
vt 0.867800 0.404100 0.000000
vt 0.895400 0.395800 0.000000
vt 0.895400 0.398600 0.000000
vt 0.924000 0.401500 0.000000
vt 0.922900 0.404100 0.000000
vt 0.948300 0.417700 0.000000
vt 0.946300 0.419700 0.000000
vt 0.964400 0.442000 0.000000
vt 0.961800 0.443100 0.000000
vt 0.743800 0.006700 0.000000
vt 0.717300 0.006700 0.000000
vt 0.690800 0.006700 0.000000
vt 0.664300 0.006700 0.000000
vt 0.637800 0.006700 0.000000
vt 0.611300 0.006700 0.000000
vt 0.584800 0.006700 0.000000
vt 0.558300 0.006700 0.000000
vt 0.531800 0.006700 0.000000
vt 0.505300 0.006700 0.000000
vt 0.478800 0.006700 0.000000
vt 0.452300 0.006700 0.000000
vt 0.425900 0.006700 0.000000
vt 0.849800 0.006700 0.000000
vt 0.823300 0.006700 0.000000
vt 0.796800 0.006700 0.000000
vt 0.770300 0.006700 0.000000
vt 0.541800 0.331600 0.000000
vt 0.512800 0.282100 0.000000
vt 0.587600 0.366200 0.000000
vt 0.643100 0.380700 0.000000
vt 0.700000 0.372800 0.000000
vt 0.749500 0.343700 0.000000
vt 0.784100 0.298000 0.000000
vt 0.668600 0.815000 0.000000
vt 0.491300 0.351000 0.000000
vt 0.985900 0.710800 0.000000
vt 0.966000 0.740200 0.000000
vt 0.940300 0.714000 0.000000
vt 0.952100 0.696500 0.000000
vt 0.993100 0.676100 0.000000
vt 0.956400 0.675800 0.000000
vt 0.986400 0.641300 0.000000
vt 0.952500 0.655100 0.000000
vt 0.967000 0.611700 0.000000
vt 0.940800 0.637400 0.000000
vt 0.937600 0.591800 0.000000
vt 0.923400 0.625500 0.000000
vt 0.902900 0.584600 0.000000
vt 0.902700 0.621300 0.000000
vt 0.200300 0.318400 0.000000
# 2551 texture coords

g TAP_LP_UVW
s 1
f 3/3/1 4/4/2 1/1/3 2/2/4 
f 7/7/5 8/8/6 5/5/7 6/6/8 
f 11/11/9 12/12/10 9/9/11 10/10/12 
f 15/15/13 16/16/14 13/13/15 14/14/16 
f 19/19/17 20/20/18 17/17/19 18/18/20 
f 23/23/21 24/24/22 21/21/23 22/22/24 
f 27/27/25 28/28/26 25/25/27 26/26/28 
f 31/31/29 32/32/30 29/29/31 30/30/32 
f 35/35/33 36/36/34 33/33/35 34/34/36 
f 39/39/37 40/40/38 37/37/39 38/38/40 
f 43/43/41 44/44/42 41/41/43 42/42/44 
f 47/47/45 48/48/46 45/45/47 46/46/48 
f 51/51/49 52/52/50 49/49/51 50/50/52 
f 55/55/53 56/56/54 53/53/55 54/54/56 
f 59/59/57 60/60/58 57/57/59 58/58/60 
f 63/63/61 64/64/62 61/61/63 62/62/64 
f 2/2/65 1/1/66 65/65/67 66/66/68 
f 20/20/69 68/68/70 67/67/71 17/17/72 
f 71/71/73 72/72/74 69/69/75 70/70/76 
f 12/12/77 74/74/78 73/73/79 9/9/80 
f 61/61/81 64/64/82 28/28/83 27/27/84 
f 55/55/85 54/54/86 32/32/87 31/31/88 
f 48/48/89 47/47/90 36/36/91 35/35/92 
f 42/42/93 37/37/94 40/40/95 43/43/96 
f 50/50/97 46/46/98 45/45/99 51/51/100 
f 58/58/101 76/76/102 75/75/103 59/59/104 
f 26/78/105 77/79/106 65/65/107 27/77/108 
f 30/81/109 78/82/110 71/71/111 31/80/112 
f 34/85/113 80/86/114 79/83/115 35/84/116 
f 81/89/117 82/90/118 40/87/119 39/88/120 
f 44/93/121 43/94/122 83/91/123 84/92/124 
f 48/97/125 86/98/126 85/95/127 45/96/128 
f 52/101/129 51/102/130 87/99/131 88/100/132 
f 55/105/133 70/70/134 89/103/135 56/104/136 
f 60/108/137 59/109/138 90/106/139 91/107/140 
f 62/110/141 61/111/142 1/1/143 4/4/144 
f 1/1/145 61/111/146 27/77/147 65/65/148 
f 70/70/149 55/105/150 31/80/151 71/71/152 
f 86/98/153 48/97/154 35/84/155 79/83/156 
f 82/90/157 83/91/158 43/94/159 40/87/160 
f 85/95/161 87/99/162 51/102/163 45/96/164 
f 92/113/165 90/106/166 59/109/167 75/112/168 
f 74/74/169 94/115/170 93/114/171 73/73/172 
f 96/117/173 86/98/174 79/83/175 95/116/176 
f 95/116/177 79/83/178 80/86/179 97/118/180 
f 98/119/181 99/120/182 84/92/183 83/91/184 
f 100/121/185 98/119/186 83/91/187 82/90/188 
f 103/124/189 104/125/190 101/122/191 102/123/192 
f 105/126/193 106/127/194 103/124/195 102/123/196 
f 108/129/197 106/127/198 105/126/199 107/128/200 
f 110/131/201 108/129/202 107/128/203 109/130/204 
f 111/132/205 33/33/206 36/36/207 110/131/208 
f 114/135/209 115/136/210 112/133/211 113/134/212 
f 116/137/213 112/133/214 42/42/215 41/41/216 
f 118/139/217 28/28/218 64/64/219 117/138/220 
f 119/140/221 25/25/222 28/28/223 118/139/224 
f 120/141/225 121/142/226 58/58/227 57/57/228 
f 121/142/229 122/143/230 76/76/231 58/58/232 
f 124/145/233 29/29/234 32/32/235 123/144/236 
f 123/144/237 32/32/238 54/54/239 125/146/240 
f 125/146/241 128/149/242 126/147/243 127/148/244 
f 122/143/245 128/149/246 53/53/247 76/76/248 
f 76/76/249 53/53/250 56/56/251 75/75/252 
f 56/104/253 89/103/254 92/113/255 75/112/256 
f 67/67/257 68/68/258 7/7/259 6/6/260 
f 129/150/261 130/151/262 78/82/263 88/100/264 
f 131/152/265 132/153/266 77/79/267 91/107/268 
f 57/57/269 60/60/270 26/26/271 25/25/272 
f 34/34/273 33/33/274 41/41/275 44/44/276 
f 30/30/277 29/29/278 49/49/279 52/52/280 
f 60/108/281 91/107/282 77/79/283 26/78/284 
f 52/101/285 88/100/286 78/82/287 30/81/288 
f 80/86/289 34/85/290 44/93/291 84/92/292 
f 99/120/293 97/118/294 80/86/295 84/92/296 
f 111/132/297 116/137/298 41/41/299 33/33/300 
f 119/140/301 120/141/302 57/57/303 25/25/304 
f 104/125/305 124/145/306 133/154/307 101/122/308 
f 50/50/309 49/49/310 104/125/311 103/124/312 
f 46/46/313 50/50/314 103/124/315 106/127/316 
f 47/47/317 46/46/318 106/127/319 108/129/320 
f 36/36/321 47/47/322 108/129/323 110/131/324 
f 110/131/325 109/130/326 134/155/327 111/132/328 
f 37/37/329 42/42/330 112/133/331 115/136/332 
f 38/38/333 37/37/334 115/136/335 135/156/336 
f 136/157/337 113/134/338 112/133/339 116/137/340 
f 138/159/341 139/160/342 137/158/343 117/138/344 
f 137/158/345 140/161/346 118/139/347 117/138/348 
f 118/139/349 140/161/350 141/162/351 119/140/352 
f 142/163/353 143/164/354 121/142/355 120/141/356 
f 121/142/357 143/164/358 144/165/359 122/143/360 
f 123/144/361 145/166/362 133/154/363 124/145/364 
f 125/146/365 127/148/366 145/166/367 123/144/368 
f 54/54/369 53/53/370 128/149/371 125/146/372 
f 144/165/373 126/147/374 128/149/375 122/143/376 
f 134/155/377 136/157/378 116/137/379 111/132/380 
f 141/162/381 142/163/382 120/141/383 119/140/384 
f 49/49/385 29/29/386 124/145/387 104/125/388 
f 146/167/389 147/168/390 107/128/391 105/126/392 
f 148/169/393 149/170/394 126/147/395 144/165/396 
f 150/171/397 109/130/398 107/128/399 147/168/400 
f 151/172/401 146/167/402 105/126/403 102/123/404 
f 152/173/405 153/174/406 133/154/407 145/166/408 
f 149/170/409 154/175/410 127/148/411 126/147/412 
f 155/176/413 148/169/414 144/165/415 143/164/416 
f 157/178/417 141/162/418 140/161/419 156/177/420 
f 156/177/421 140/161/422 137/158/423 158/179/424 
f 154/175/425 152/173/426 145/166/427 127/148/428 
f 159/180/429 151/172/430 102/123/431 101/122/432 
f 160/181/433 134/155/434 109/130/435 150/171/436 
f 161/182/437 162/183/438 114/135/439 113/134/440 
f 163/184/441 155/176/442 143/164/443 142/163/444 
f 158/179/445 137/158/446 139/160/447 164/185/448 
f 165/186/449 161/182/450 113/134/451 136/157/452 
f 163/184/453 142/163/454 141/162/455 157/178/456 
f 160/181/457 165/186/458 136/157/459 134/155/460 
f 153/174/461 159/180/462 101/122/463 133/154/464 
f 168/189/465 169/190/466 166/187/467 167/188/468 
f 172/193/469 173/194/470 170/191/471 171/192/472 
f 169/190/473 175/196/474 174/195/475 166/187/476 
f 177/198/477 168/189/478 167/188/479 176/197/480 
f 180/201/481 181/202/482 178/199/483 179/200/484 
f 173/194/485 183/204/486 182/203/487 170/191/488 
f 185/206/489 172/193/490 171/192/491 184/205/492 
f 188/209/493 189/210/494 186/207/495 187/208/496 
f 191/212/497 188/209/498 187/208/499 190/211/500 
f 183/204/501 180/201/502 179/200/503 182/203/504 
f 193/214/505 177/198/506 176/197/507 192/213/508 
f 175/196/509 195/216/510 194/215/511 174/195/512 
f 198/219/513 199/220/514 196/217/515 197/218/516 
f 201/222/517 185/206/518 184/205/519 200/221/520 
f 191/212/521 190/211/522 202/223/523 203/224/524 
f 205/226/525 198/219/526 197/218/527 204/225/528 
f 189/210/529 201/222/530 200/221/531 186/207/532 
f 195/216/533 205/226/534 204/225/535 194/215/536 
f 181/202/537 193/214/538 192/213/539 178/199/540 
f 167/188/541 166/187/542 206/227/543 207/228/544 
f 171/192/545 170/191/546 208/229/547 209/230/548 
f 166/187/549 174/195/550 210/231/551 206/227/552 
f 176/197/553 167/188/554 207/228/555 211/232/556 
f 179/200/557 178/199/558 212/233/559 213/234/560 
f 170/191/561 182/203/562 214/235/563 208/229/564 
f 184/205/565 171/192/566 209/230/567 215/236/568 
f 187/208/569 186/207/570 216/237/571 217/238/572 
f 190/211/573 187/208/574 217/238/575 218/239/576 
f 182/203/577 179/200/578 213/234/579 214/235/580 
f 192/213/581 176/197/582 211/232/583 219/240/584 
f 174/195/585 194/215/586 220/241/587 210/231/588 
f 197/218/589 196/217/590 221/242/591 222/243/592 
f 200/221/593 184/205/594 215/236/595 223/244/596 
f 190/211/597 218/239/598 224/245/599 202/223/600 
f 204/225/601 197/218/602 222/243/603 225/246/604 
f 186/207/605 200/221/606 223/244/607 216/237/608 
f 194/215/609 204/225/610 225/246/611 220/241/612 
f 178/199/613 192/213/614 219/240/615 212/233/616 
f 89/103/617 70/70/618 69/69/619 226/247/620 
f 88/100/621 87/99/622 227/248/623 129/150/624 
f 72/72/625 71/71/626 78/82/627 130/151/628 
f 91/107/629 90/106/630 228/249/631 131/152/632 
f 66/66/633 65/65/634 77/79/635 132/153/636 
f 66/66/637 22/22/638 229/250/639 2/2/640 
f 90/106/641 92/113/642 230/251/643 228/249/644 
f 15/15/645 8/8/646 69/69/647 72/72/648 
f 87/99/649 85/95/650 231/252/651 227/248/652 
f 231/252/653 85/95/654 86/98/655 96/117/656 
f 95/116/657 232/253/658 94/115/659 96/117/660 
f 97/118/661 233/254/662 232/253/663 95/116/664 
f 234/255/665 235/256/666 99/120/667 98/119/668 
f 236/257/669 234/255/670 98/119/671 100/121/672 
f 92/113/673 89/103/674 226/247/675 230/251/676 
f 129/150/677 11/11/678 16/16/679 130/151/680 
f 131/152/681 19/19/682 23/23/683 132/153/684 
f 99/120/685 235/256/686 233/254/687 97/118/688 
f 226/247/689 69/69/690 8/8/691 7/7/692 
f 129/150/693 227/248/694 12/12/695 11/11/696 
f 72/72/697 130/151/698 16/16/699 15/15/700 
f 131/152/701 228/249/702 20/20/703 19/19/704 
f 22/22/705 66/66/706 132/153/707 23/23/708 
f 228/249/709 230/251/710 68/68/711 20/20/712 
f 227/248/713 231/252/714 74/74/715 12/12/716 
f 74/74/717 231/252/718 96/117/719 94/115/720 
f 230/251/721 226/247/722 7/7/723 68/68/724 
f 22/22/725 21/21/726 237/258/727 229/250/728 
f 14/14/729 5/5/730 8/8/731 15/15/732 
f 232/253/733 238/259/734 93/114/735 94/115/736 
f 233/254/737 239/260/738 238/259/739 232/253/740 
f 240/261/741 241/262/742 235/256/743 234/255/744 
f 242/263/745 240/261/746 234/255/747 236/257/748 
f 11/11/749 10/10/750 13/13/751 16/16/752 
f 19/19/753 18/18/754 24/24/755 23/23/756 
f 235/256/757 241/262/758 239/260/759 233/254/760 
f 207/228/761 206/227/762 147/168/763 146/167/764 
f 209/230/765 208/229/766 149/170/767 148/169/768 
f 147/168/769 206/227/770 210/231/771 150/171/772 
f 211/232/773 207/228/774 146/167/775 151/172/776 
f 213/234/777 212/233/778 153/174/779 152/173/780 
f 208/229/781 214/235/782 154/175/783 149/170/784 
f 215/236/785 209/230/786 148/169/787 155/176/788 
f 156/177/789 217/238/790 216/237/791 157/178/792 
f 158/179/793 218/239/794 217/238/795 156/177/796 
f 214/235/797 213/234/798 152/173/799 154/175/800 
f 219/240/801 211/232/802 151/172/803 159/180/804 
f 150/171/805 210/231/806 220/241/807 160/181/808 
f 222/243/809 221/242/810 162/183/811 161/182/812 
f 223/244/813 215/236/814 155/176/815 163/184/816 
f 218/239/817 158/179/818 164/185/819 224/245/820 
f 225/246/821 222/243/822 161/182/823 165/186/824 
f 157/178/825 216/237/826 223/244/827 163/184/828 
f 220/241/829 225/246/830 165/186/831 160/181/832 
f 212/233/833 219/240/834 159/180/835 153/174/836 
f 168/189/837 244/265/838 243/264/839 169/190/840 
f 172/193/841 246/267/842 245/266/843 173/194/844 
f 169/190/845 243/264/846 247/268/847 175/196/848 
f 177/198/849 248/269/850 244/265/851 168/189/852 
f 180/201/853 250/271/854 249/270/855 181/202/856 
f 173/194/857 245/266/858 251/272/859 183/204/860 
f 185/206/861 252/273/862 246/267/863 172/193/864 
f 188/209/865 254/275/866 253/274/867 189/210/868 
f 191/212/869 255/276/870 254/275/871 188/209/872 
f 183/204/873 251/272/874 250/271/875 180/201/876 
f 193/214/877 256/277/878 248/269/879 177/198/880 
f 175/196/881 247/268/882 257/278/883 195/216/884 
f 198/219/885 259/280/886 258/279/887 199/220/888 
f 201/222/889 260/281/890 252/273/891 185/206/892 
f 261/282/893 255/276/894 191/212/895 203/224/896 
f 205/226/897 262/283/898 259/280/899 198/219/900 
f 189/210/901 253/274/902 260/281/903 201/222/904 
f 195/216/905 257/278/906 262/283/907 205/226/908 
f 181/202/909 249/270/910 256/277/911 193/214/912 
f 263/284/913 345/366/914 264/285/915 265/286/916 
f 266/287/917 267/288/918 263/284/919 265/286/920 
f 268/289/921 269/290/922 267/288/923 266/287/924 
f 270/291/925 271/292/926 269/290/927 268/289/928 
f 272/293/929 273/294/930 271/292/931 270/291/932 
f 274/295/933 275/296/934 273/294/935 272/293/936 
f 276/297/937 277/298/938 275/296/939 274/295/940 
f 278/299/941 279/300/942 277/298/943 276/297/944 
f 278/299/945 281/302/946 280/301/947 279/300/948 
s 2
f 284/305/949 285/306/950 282/303/951 283/304/952 
s 1
f 264/285/953 297/318/954 286/307/955 265/286/956 
f 286/307/957 287/308/958 266/287/959 265/286/960 
f 287/308/961 288/309/962 268/289/963 266/287/964 
f 288/309/965 289/310/966 270/291/967 268/289/968 
f 290/311/969 272/293/970 270/291/971 289/310/972 
f 291/312/973 274/295/974 272/293/975 290/311/976 
f 292/313/977 276/297/978 274/295/979 291/312/980 
f 293/314/981 278/299/982 276/297/983 292/313/984 
f 294/315/985 281/302/986 278/299/987 293/314/988 
s 2
f 295/316/989 296/317/990 285/306/991 284/305/992 
s 1
f 298/319/993 287/308/994 286/307/995 297/318/996 
f 299/320/997 288/309/998 287/308/999 298/319/1000 
f 300/321/1001 289/310/1002 288/309/1003 299/320/1004 
f 301/322/1005 302/323/1006 294/315/1007 293/314/1008 
s 2
f 303/324/1009 304/325/1010 296/317/1011 295/316/1012 
s 1
f 264/285/1013 1522/1669/1014 305/326/1015 297/318/1016 
f 306/327/1017 298/319/1018 297/318/1019 305/326/1020 
f 306/327/1021 307/328/1022 299/320/1023 298/319/1024 
f 300/321/1025 299/320/1026 307/328/1027 308/329/1028 
f 309/330/1029 310/331/1030 302/323/1031 301/322/1032 
s 2
f 312/333/1033 304/325/1034 303/324/1035 311/332/1036 
s 1
f 289/310/1037 314/335/1038 313/334/1039 290/311/1040 
f 300/321/1041 315/336/1042 314/335/1043 289/310/1044 
f 308/329/1045 316/337/1046 315/336/1047 300/321/1048 
f 317/338/1049 318/339/1050 301/322/1051 293/314/1052 
f 292/313/1053 319/340/1054 317/338/1055 293/314/1056 
f 320/341/1057 319/340/1058 292/313/1059 291/312/1060 
f 313/334/1061 320/341/1062 291/312/1063 290/311/1064 
f 323/344/1065 324/345/1066 321/342/1067 322/343/1068 
f 325/346/1069 326/347/1070 324/345/1071 323/344/1072 
f 327/348/1073 328/349/1074 326/347/1075 325/346/1076 
f 331/352/1077 332/353/1078 329/350/1079 330/351/1080 
f 333/354/1081 334/355/1082 332/353/1083 331/352/1084 
f 335/356/1085 336/357/1086 334/355/1087 333/354/1088 
f 322/343/1089 321/342/1090 336/357/1091 335/356/1092 
f 337/358/1093 338/359/1094 321/342/1095 324/345/1096 
f 339/360/1097 337/358/1098 324/345/1099 326/347/1100 
f 340/361/1101 341/362/1102 329/350/1103 332/353/1104 
f 342/363/1105 340/361/1106 332/353/1107 334/355/1108 
f 343/364/1109 342/363/1110 334/355/1111 336/357/1112 
f 338/359/1113 343/364/1114 336/357/1115 321/342/1116 
f 322/343/1117 313/334/1118 314/335/1119 323/344/1120 
f 323/344/1121 314/335/1122 315/336/1123 325/346/1124 
f 331/352/1125 330/351/1126 318/339/1127 317/338/1128 
f 331/352/1129 317/338/1130 319/340/1131 333/354/1132 
f 335/356/1133 333/354/1134 319/340/1135 320/341/1136 
f 322/343/1137 335/356/1138 320/341/1139 313/334/1140 
f 344/365/1141 345/366/1142 263/284/1143 267/288/1144 
f 346/367/1145 344/365/1146 267/288/1147 269/290/1148 
f 347/368/1149 346/367/1150 269/290/1151 271/292/1152 
f 348/369/1153 347/368/1154 271/292/1155 273/294/1156 
f 349/370/1157 348/369/1158 273/294/1159 275/296/1160 
f 350/371/1161 349/370/1162 275/296/1163 277/298/1164 
f 351/372/1165 350/371/1166 277/298/1167 279/300/1168 
f 280/301/1169 352/373/1170 351/372/1171 279/300/1172 
s 2
f 282/303/1173 354/375/1174 353/374/1175 283/304/1176 
s 1
f 355/376/1177 356/377/1178 345/366/1179 344/365/1180 
f 357/378/1181 355/376/1182 344/365/1183 346/367/1184 
f 358/379/1185 357/378/1186 346/367/1187 347/368/1188 
f 359/380/1189 358/379/1190 347/368/1191 348/369/1192 
f 360/381/1193 359/380/1194 348/369/1195 349/370/1196 
f 361/382/1197 360/381/1198 349/370/1199 350/371/1200 
f 362/383/1201 361/382/1202 350/371/1203 351/372/1204 
f 363/384/1205 362/383/1206 351/372/1207 352/373/1208 
s 2
f 354/375/1209 365/386/1210 364/385/1211 353/374/1212 
s 1
f 355/376/1213 367/388/1214 366/387/1215 356/377/1216 
f 357/378/1217 368/389/1218 367/388/1219 355/376/1220 
f 369/390/1221 368/389/1222 357/378/1223 358/379/1224 
f 363/384/1225 371/392/1226 370/391/1227 362/383/1228 
s 2
f 365/386/1229 373/394/1230 372/393/1231 364/385/1232 
s 1
f 374/395/1233 375/396/1234 358/379/1235 359/380/1236 
f 375/396/1237 376/397/1238 369/390/1239 358/379/1240 
f 378/399/1241 362/383/1242 370/391/1243 377/398/1244 
f 378/399/1245 379/400/1246 361/382/1247 362/383/1248 
f 380/401/1249 360/381/1250 361/382/1251 379/400/1252 
f 374/395/1253 359/380/1254 360/381/1255 380/401/1256 
f 383/404/1257 384/405/1258 381/402/1259 382/403/1260 
f 384/405/1261 386/407/1262 385/406/1263 381/402/1264 
f 389/410/1265 390/411/1266 387/408/1267 388/409/1268 
f 389/410/1269 392/413/1270 391/412/1271 390/411/1272 
f 392/413/1273 394/415/1274 393/414/1275 391/412/1276 
f 394/415/1277 396/417/1278 395/416/1279 393/414/1280 
f 383/404/1281 382/403/1282 395/416/1283 396/417/1284 
f 382/403/1285 381/402/1286 375/396/1287 374/395/1288 
f 381/402/1289 385/406/1290 376/397/1291 375/396/1292 
f 397/418/1293 387/408/1294 390/411/1295 377/398/1296 
f 377/398/1297 390/411/1298 391/412/1299 378/399/1300 
f 391/412/1301 393/414/1302 379/400/1303 378/399/1304 
f 379/400/1305 393/414/1306 395/416/1307 380/401/1308 
f 380/401/1309 395/416/1310 382/403/1311 374/395/1312 
f 400/421/1313 401/422/1314 398/419/1315 399/420/1316 
f 401/422/1317 403/424/1318 402/423/1319 398/419/1320 
f 406/427/1321 407/428/1322 404/425/1323 405/426/1324 
f 407/428/1325 409/430/1326 408/429/1327 404/425/1328 
f 409/430/1329 411/432/1330 410/431/1331 408/429/1332 
f 411/432/1333 413/434/1334 412/433/1335 410/431/1336 
f 413/434/1337 400/421/1338 399/420/1339 412/433/1340 
f 416/437/1341 417/438/1342 414/435/1343 415/436/1344 
f 398/419/1345 419/440/1346 418/439/1347 399/420/1348 
f 417/438/1349 421/442/1350 420/441/1351 414/435/1352 
f 402/423/1353 422/443/1354 419/440/1355 398/419/1356 
f 425/446/1357 426/447/1358 423/444/1359 424/445/1360 
f 426/447/1361 428/449/1362 427/448/1363 423/444/1364 
f 408/429/1365 430/451/1366 429/450/1367 404/425/1368 
f 428/449/1369 432/453/1370 431/452/1371 427/448/1372 
f 410/431/1373 433/454/1374 430/451/1375 408/429/1376 
f 432/453/1377 435/456/1378 434/455/1379 431/452/1380 
f 412/433/1381 436/457/1382 433/454/1383 410/431/1384 
f 435/456/1385 416/437/1386 415/436/1387 434/455/1388 
f 399/420/1389 418/439/1390 436/457/1391 412/433/1392 
f 437/458/1393 438/459/1394 422/443/1395 402/423/1396 
f 281/302/1397 440/461/1398 439/460/1399 280/301/1400 
f 441/462/1401 440/461/1402 281/302/1403 294/315/1404 
f 302/323/1405 442/463/1406 441/462/1407 294/315/1408 
f 310/331/1409 443/464/1410 442/463/1411 302/323/1412 
f 280/301/1413 439/460/1414 444/465/1415 352/373/1416 
f 352/373/1417 444/465/1418 445/466/1419 363/384/1420 
f 445/466/1421 446/467/1422 371/392/1423 363/384/1424 
f 449/470/1425 450/471/1426 447/468/1427 448/469/1428 
f 452/473/1429 448/469/1430 447/468/1431 451/472/1432 
f 455/476/1433 456/477/1434 453/474/1435 454/475/1436 
f 458/479/1437 455/476/1438 454/475/1439 457/478/1440 
f 460/481/1441 458/479/1442 457/478/1443 459/480/1444 
f 460/481/1445 459/480/1446 450/471/1447 449/470/1448 
f 452/473/1449 451/472/1450 461/482/1451 462/483/1452 
f 465/486/1453 466/487/1454 463/484/1455 464/485/1456 
f 468/489/1457 465/486/1458 464/485/1459 467/488/1460 
f 471/492/1461 472/493/1462 469/490/1463 470/491/1464 
f 474/495/1465 471/492/1466 470/491/1467 473/494/1468 
f 476/497/1469 474/495/1470 473/494/1471 475/496/1472 
f 466/487/1473 476/497/1474 475/496/1475 463/484/1476 
f 468/489/1477 467/488/1478 477/498/1479 478/499/1480 
s 2
f 481/502/1481 482/503/1482 479/500/1483 480/501/1484 
f 480/501/1485 479/500/1486 483/504/1487 484/505/1488 
f 487/508/1489 488/509/1490 485/506/1491 486/507/1492 
f 485/506/1493 488/509/1494 489/510/1495 490/511/1496 
f 489/510/1497 492/513/1498 491/512/1499 490/511/1500 
f 491/512/1501 492/513/1502 493/514/1503 494/515/1504 
f 494/515/1505 493/514/1506 482/503/1507 481/502/1508 
s 1
f 497/518/1509 498/519/1510 495/516/1511 496/517/1512 
s 2
f 501/522/1513 502/523/1514 499/520/1515 500/521/1516 
s 1
f 505/526/1517 506/527/1518 503/524/1519 504/525/1520 
s 2
f 509/530/1521 510/531/1522 507/528/1523 508/529/1524 
f 513/534/1525 514/535/1526 511/532/1527 512/533/1528 
f 517/538/1529 518/539/1530 515/536/1531 516/537/1532 
f 521/542/1533 522/543/1534 519/540/1535 520/541/1536 
s 1
f 497/518/1537 524/545/1538 523/544/1539 498/519/1540 
s 2
f 501/522/1541 526/547/1542 525/546/1543 502/523/1544 
f 529/550/1545 530/551/1546 527/548/1547 528/549/1548 
f 531/552/1549 529/550/1550 528/549/1551 506/527/1552 
s 1
f 505/526/1553 532/553/1554 531/552/1555 506/527/1556 
s 2
f 509/530/1557 534/555/1558 533/554/1559 510/531/1560 
f 513/534/1561 536/557/1562 535/556/1563 514/535/1564 
f 539/560/1565 540/561/1566 537/558/1567 538/559/1568 
f 541/562/1569 539/560/1570 538/559/1571 518/539/1572 
f 517/538/1573 542/563/1574 541/562/1575 518/539/1576 
f 521/542/1577 544/565/1578 543/564/1579 522/543/1580 
s 1
f 524/545/1581 546/567/1582 545/566/1583 523/544/1584 
s 2
f 526/547/1585 548/569/1586 547/568/1587 525/546/1588 
f 549/570/1589 550/571/1590 530/551/1591 529/550/1592 
f 551/572/1593 549/570/1594 529/550/1595 531/552/1596 
s 1
f 532/553/1597 552/573/1598 551/572/1599 531/552/1600 
s 2
f 534/555/1601 554/575/1602 553/574/1603 533/554/1604 
f 536/557/1605 556/577/1606 555/576/1607 535/556/1608 
f 557/578/1609 558/579/1610 540/561/1611 539/560/1612 
f 559/580/1613 557/578/1614 539/560/1615 541/562/1616 
f 542/563/1617 560/581/1618 559/580/1619 541/562/1620 
f 544/565/1621 562/583/1622 561/582/1623 543/564/1624 
s 1
f 546/567/1625 564/585/1626 563/584/1627 545/566/1628 
s 2
f 548/569/1629 566/587/1630 565/586/1631 547/568/1632 
f 567/588/1633 568/589/1634 550/571/1635 549/570/1636 
f 569/590/1637 567/588/1638 549/570/1639 551/572/1640 
s 1
f 552/573/1641 570/591/1642 569/590/1643 551/572/1644 
s 2
f 554/575/1645 572/593/1646 571/592/1647 553/574/1648 
f 556/577/1649 574/595/1650 573/594/1651 555/576/1652 
f 575/596/1653 576/597/1654 558/579/1655 557/578/1656 
f 577/598/1657 575/596/1658 557/578/1659 559/580/1660 
f 560/581/1661 578/599/1662 577/598/1663 559/580/1664 
f 562/583/1665 580/601/1666 579/600/1667 561/582/1668 
s 1
f 564/585/1669 582/603/1670 581/602/1671 563/584/1672 
s 2
f 566/587/1673 584/605/1674 583/604/1675 565/586/1676 
f 585/606/1677 586/607/1678 568/589/1679 567/588/1680 
f 587/608/1681 585/606/1682 567/588/1683 569/590/1684 
s 1
f 570/591/1685 588/609/1686 587/608/1687 569/590/1688 
s 2
f 572/593/1689 590/611/1690 589/610/1691 571/592/1692 
f 574/595/1693 592/613/1694 591/612/1695 573/594/1696 
f 593/614/1697 594/615/1698 576/597/1699 575/596/1700 
f 595/616/1701 593/614/1702 575/596/1703 577/598/1704 
f 578/599/1705 596/617/1706 595/616/1707 577/598/1708 
f 580/601/1709 598/619/1710 597/618/1711 579/600/1712 
s 1
f 582/603/1713 600/621/1714 599/620/1715 581/602/1716 
s 2
f 584/605/1717 602/623/1718 601/622/1719 583/604/1720 
f 603/624/1721 604/625/1722 586/607/1723 585/606/1724 
f 605/626/1725 603/624/1726 585/606/1727 587/608/1728 
s 1
f 588/609/1729 606/627/1730 605/626/1731 587/608/1732 
s 2
f 590/611/1733 608/629/1734 607/628/1735 589/610/1736 
f 592/613/1737 610/631/1738 609/630/1739 591/612/1740 
f 611/632/1741 612/633/1742 594/615/1743 593/614/1744 
f 613/634/1745 611/632/1746 593/614/1747 595/616/1748 
f 596/617/1749 614/635/1750 613/634/1751 595/616/1752 
f 598/619/1753 616/637/1754 615/636/1755 597/618/1756 
s 1
f 600/621/1757 618/639/1758 617/638/1759 599/620/1760 
s 2
f 602/623/1761 620/641/1762 619/640/1763 601/622/1764 
f 621/642/1765 622/643/1766 604/625/1767 603/624/1768 
f 623/644/1769 621/642/1770 603/624/1771 605/626/1772 
s 1
f 606/627/1773 624/645/1774 623/644/1775 605/626/1776 
s 2
f 608/629/1777 626/647/1778 625/646/1779 607/628/1780 
f 610/631/1781 628/649/1782 627/648/1783 609/630/1784 
f 629/650/1785 630/651/1786 612/633/1787 611/632/1788 
f 631/652/1789 629/650/1790 611/632/1791 613/634/1792 
f 614/635/1793 632/653/1794 631/652/1795 613/634/1796 
f 616/637/1797 634/655/1798 633/654/1799 615/636/1800 
f 636/657/1801 622/643/1802 621/642/1803 635/656/1804 
f 635/656/1805 621/642/1806 623/644/1807 637/658/1808 
f 639/660/1809 630/651/1810 629/650/1811 638/659/1812 
f 638/659/1813 629/650/1814 631/652/1815 640/661/1816 
f 643/664/1817 644/665/1818 641/662/1819 642/663/1820 
f 644/665/1821 646/667/1822 645/666/1823 641/662/1824 
f 649/670/1825 650/671/1826 647/668/1827 648/669/1828 
f 649/670/1829 652/673/1830 651/672/1831 650/671/1832 
f 652/673/1833 654/675/1834 653/674/1835 651/672/1836 
f 654/675/1837 656/677/1838 655/676/1839 653/674/1840 
f 643/664/1841 642/663/1842 655/676/1843 656/677/1844 
s 1
f 658/679/1845 642/663/1846 641/662/1847 657/678/1848 
f 657/678/1849 641/662/1850 645/666/1851 659/680/1852 
f 661/682/1853 647/668/1854 650/671/1855 660/681/1856 
f 660/681/1857 650/671/1858 651/672/1859 662/683/1860 
f 662/683/1861 651/672/1862 653/674/1863 663/684/1864 
f 663/684/1865 653/674/1866 655/676/1867 664/685/1868 
f 664/685/1869 655/676/1870 642/663/1871 658/679/1872 
s 2
f 643/664/1873 666/687/1874 665/686/1875 644/665/1876 
f 644/665/1877 665/686/1878 667/688/1879 646/667/1880 
f 668/689/1881 669/690/1882 649/670/1883 648/669/1884 
f 669/690/1885 670/691/1886 652/673/1887 649/670/1888 
f 652/673/1889 670/691/1890 671/692/1891 654/675/1892 
f 671/692/1893 672/693/1894 656/677/1895 654/675/1896 
f 656/677/1897 672/693/1898 666/687/1899 643/664/1900 
s 1
f 440/461/1901 284/305/1902 283/304/1903 439/460/1904 
f 441/462/1905 295/316/1906 284/305/1907 440/461/1908 
f 442/463/1909 303/324/1910 295/316/1911 441/462/1912 
f 311/332/1913 303/324/1914 442/463/1915 443/464/1916 
f 439/460/1917 283/304/1918 353/374/1919 444/465/1920 
f 444/465/1921 353/374/1922 364/385/1923 445/466/1924 
f 445/466/1925 364/385/1926 372/393/1927 446/467/1928 
s 2
f 285/306/1929 674/695/1930 673/694/1931 282/303/1932 
f 296/317/1933 675/696/1934 674/695/1935 285/306/1936 
f 304/325/1937 676/697/1938 675/696/1939 296/317/1940 
f 677/698/1941 676/697/1942 304/325/1943 312/333/1944 
f 282/303/1945 673/694/1946 678/699/1947 354/375/1948 
f 354/375/1949 678/699/1950 679/700/1951 365/386/1952 
f 365/386/1953 679/700/1954 680/701/1955 373/394/1956 
s 1
f 682/703/1957 658/679/1958 657/678/1959 681/702/1960 
f 657/678/1961 659/680/1962 683/704/1963 681/702/1964 
f 685/706/1965 661/682/1966 660/681/1967 684/705/1968 
f 684/705/1969 660/681/1970 662/683/1971 686/707/1972 
f 686/707/1973 662/683/1974 663/684/1975 687/708/1976 
f 687/708/1977 663/684/1978 664/685/1979 688/709/1980 
f 688/709/1981 664/685/1982 658/679/1983 682/703/1984 
f 465/486/1985 479/500/1986 482/503/1987 466/487/1988 
f 468/489/1989 483/504/1990 479/500/1991 465/486/1992 
f 471/492/1993 489/510/1994 488/509/1995 472/493/1996 
f 474/495/1997 492/513/1998 489/510/1999 471/492/2000 
f 476/497/2001 493/514/2002 492/513/2003 474/495/2004 
f 466/487/2005 482/503/2006 493/514/2007 476/497/2008 
f 689/710/2009 483/504/2010 468/489/2011 478/499/2012 
f 691/712/2013 464/485/2014 463/484/2015 690/711/2016 
f 692/713/2017 467/488/2018 464/485/2019 691/712/2020 
f 694/715/2021 470/491/2022 469/490/2023 693/714/2024 
f 695/716/2025 473/494/2026 470/491/2027 694/715/2028 
f 475/496/2029 473/494/2030 695/716/2031 696/717/2032 
f 690/711/2033 463/484/2034 475/496/2035 696/717/2036 
f 477/498/2037 467/488/2038 692/713/2039 697/718/2040 
f 448/469/2041 691/712/2042 690/711/2043 449/470/2044 
f 452/473/2045 692/713/2046 691/712/2047 448/469/2048 
f 455/476/2049 694/715/2050 693/714/2051 456/477/2052 
f 458/479/2053 695/716/2054 694/715/2055 455/476/2056 
f 696/717/2057 695/716/2058 458/479/2059 460/481/2060 
f 449/470/2061 690/711/2062 696/717/2063 460/481/2064 
f 697/718/2065 692/713/2066 452/473/2067 462/483/2068 
f 337/358/2069 447/720/2070 450/719/2071 338/359/2072 
f 339/360/2073 451/721/2074 447/720/2075 337/358/2076 
f 340/361/2077 454/723/2078 453/722/2079 341/362/2080 
f 342/363/2081 457/724/2082 454/723/2083 340/361/2084 
f 343/364/2085 459/725/2086 457/724/2087 342/363/2088 
f 338/359/2089 450/719/2090 459/725/2091 343/364/2092 
s 2
f 698/726/2093 699/727/2094 521/542/2095 520/541/2096 
f 521/542/2097 699/727/2098 700/728/2099 544/565/2100 
f 544/565/2101 700/728/2102 701/729/2103 562/583/2104 
f 562/583/2105 701/729/2106 702/730/2107 580/601/2108 
f 580/601/2109 702/730/2110 703/731/2111 598/619/2112 
f 598/619/2113 703/731/2114 704/732/2115 616/637/2116 
f 616/637/2117 704/732/2118 705/733/2119 634/655/2120 
f 519/540/2121 522/543/2122 517/538/2123 516/537/2124 
f 517/538/2125 522/543/2126 543/564/2127 542/563/2128 
f 542/563/2129 543/564/2130 561/582/2131 560/581/2132 
f 560/581/2133 561/582/2134 579/600/2135 578/599/2136 
f 578/599/2137 579/600/2138 597/618/2139 596/617/2140 
f 596/617/2141 597/618/2142 615/636/2143 614/635/2144 
f 614/635/2145 615/636/2146 633/654/2147 632/653/2148 
f 511/532/2149 514/535/2150 706/734/2151 707/735/2152 
f 706/734/2153 514/535/2154 535/556/2155 708/736/2156 
f 708/736/2157 535/556/2158 555/576/2159 709/737/2160 
f 709/737/2161 555/576/2162 573/594/2163 710/738/2164 
f 710/738/2165 573/594/2166 591/612/2167 711/739/2168 
f 711/739/2169 591/612/2170 609/630/2171 712/740/2172 
f 712/740/2173 609/630/2174 627/648/2175 713/741/2176 
f 707/735/2177 706/734/2178 509/530/2179 508/529/2180 
f 509/530/2181 706/734/2182 708/736/2183 534/555/2184 
f 534/555/2185 708/736/2186 709/737/2187 554/575/2188 
f 554/575/2189 709/737/2190 710/738/2191 572/593/2192 
f 572/593/2193 710/738/2194 711/739/2195 590/611/2196 
f 590/611/2197 711/739/2198 712/740/2199 608/629/2200 
f 608/629/2201 712/740/2202 713/741/2203 626/647/2204 
f 714/742/2205 537/558/2206 513/534/2207 512/533/2208 
f 513/534/2209 537/558/2210 540/561/2211 536/557/2212 
f 536/557/2213 540/561/2214 558/579/2215 556/577/2216 
f 556/577/2217 558/579/2218 576/597/2219 574/595/2220 
f 574/595/2221 576/597/2222 594/615/2223 592/613/2224 
f 592/613/2225 594/615/2226 612/633/2227 610/631/2228 
f 610/631/2229 612/633/2230 630/651/2231 628/649/2232 
s 1
f 507/528/2233 510/531/2234 505/526/2235 504/525/2236 
f 505/526/2237 510/531/2238 533/554/2239 532/553/2240 
f 532/553/2241 533/554/2242 553/574/2243 552/573/2244 
f 552/573/2245 553/574/2246 571/592/2247 570/591/2248 
f 570/591/2249 571/592/2250 589/610/2251 588/609/2252 
f 588/609/2253 589/610/2254 607/628/2255 606/627/2256 
f 606/627/2257 607/628/2258 625/646/2259 624/645/2260 
s 2
f 715/743/2261 527/548/2262 501/522/2263 500/521/2264 
f 501/522/2265 527/548/2266 530/551/2267 526/547/2268 
f 526/547/2269 530/551/2270 550/571/2271 548/569/2272 
f 548/569/2273 550/571/2274 568/589/2275 566/587/2276 
f 566/587/2277 568/589/2278 586/607/2279 584/605/2280 
f 584/605/2281 586/607/2282 604/625/2283 602/623/2284 
f 602/623/2285 604/625/2286 622/643/2287 620/641/2288 
s 1
f 499/520/2289 502/523/2290 497/518/2291 496/517/2292 
f 497/518/2293 502/523/2294 525/546/2295 524/545/2296 
f 524/545/2297 525/546/2298 547/568/2299 546/567/2300 
f 546/567/2301 547/568/2302 565/586/2303 564/585/2304 
f 564/585/2305 565/586/2306 583/604/2307 582/603/2308 
f 582/603/2309 583/604/2310 601/622/2311 600/621/2312 
f 600/621/2313 601/622/2314 619/640/2315 618/639/2316 
f 718/746/2317 719/747/2318 716/744/2319 717/745/2320 
f 718/746/2321 721/749/2322 720/748/2323 719/747/2324 
f 721/749/2325 723/751/2326 722/750/2327 720/748/2328 
f 723/751/2329 725/753/2330 724/752/2331 722/750/2332 
f 725/753/2333 727/755/2334 726/754/2335 724/752/2336 
f 727/755/2337 729/757/2338 728/756/2339 726/754/2340 
f 729/757/2341 731/759/2342 730/758/2343 728/756/2344 
s 2
f 734/762/2345 735/763/2346 732/760/2347 733/761/2348 
f 734/762/2349 737/765/2350 736/764/2351 735/763/2352 
f 737/765/2353 739/767/2354 738/766/2355 736/764/2356 
f 739/767/2357 741/769/2358 740/768/2359 738/766/2360 
f 741/769/2361 743/771/2362 742/770/2363 740/768/2364 
f 743/771/2365 745/773/2366 744/772/2367 742/770/2368 
f 745/773/2369 747/775/2370 746/774/2371 744/772/2372 
s 1
f 750/778/2373 751/779/2374 748/776/2375 749/777/2376 
f 750/778/2377 753/781/2378 752/780/2379 751/779/2380 
f 753/781/2381 755/783/2382 754/782/2383 752/780/2384 
f 755/783/2385 757/785/2386 756/784/2387 754/782/2388 
f 757/785/2389 759/787/2390 758/786/2391 756/784/2392 
f 759/787/2393 761/789/2394 760/788/2395 758/786/2396 
f 761/789/2397 763/791/2398 762/790/2399 760/788/2400 
f 732/760/2401 735/763/2402 718/746/2403 717/745/2404 
f 718/746/2405 735/763/2406 736/764/2407 721/749/2408 
f 721/749/2409 736/764/2410 738/766/2411 723/751/2412 
f 723/751/2413 738/766/2414 740/768/2415 725/753/2416 
f 725/753/2417 740/768/2418 742/770/2419 727/755/2420 
f 727/755/2421 742/770/2422 744/772/2423 729/757/2424 
f 729/757/2425 744/772/2426 746/774/2427 731/759/2428 
s 2
f 764/792/2429 765/793/2430 734/762/2431 733/761/2432 
f 734/762/2433 765/793/2434 766/794/2435 737/765/2436 
f 737/765/2437 766/794/2438 767/795/2439 739/767/2440 
f 739/767/2441 767/795/2442 768/796/2443 741/769/2444 
f 741/769/2445 768/796/2446 769/797/2447 743/771/2448 
f 743/771/2449 769/797/2450 770/798/2451 745/773/2452 
f 745/773/2453 770/798/2454 771/799/2455 747/775/2456 
f 748/776/2457 751/779/2458 765/793/2459 764/792/2460 
f 765/793/2461 751/779/2462 752/780/2463 766/794/2464 
f 766/794/2465 752/780/2466 754/782/2467 767/795/2468 
f 767/795/2469 754/782/2470 756/784/2471 768/796/2472 
f 768/796/2473 756/784/2474 758/786/2475 769/797/2476 
f 769/797/2477 758/786/2478 760/788/2479 770/798/2480 
f 770/798/2481 760/788/2482 762/790/2483 771/799/2484 
s 1
f 772/800/2485 773/801/2486 750/778/2487 749/777/2488 
f 750/778/2489 773/801/2490 774/802/2491 753/781/2492 
f 753/781/2493 774/802/2494 775/803/2495 755/783/2496 
f 755/783/2497 775/803/2498 776/804/2499 757/785/2500 
f 757/785/2501 776/804/2502 777/805/2503 759/787/2504 
f 759/787/2505 777/805/2506 778/806/2507 761/789/2508 
f 761/789/2509 778/806/2510 779/807/2511 763/791/2512 
f 780/808/2513 781/809/2514 773/801/2515 772/800/2516 
f 773/801/2517 781/809/2518 782/810/2519 774/802/2520 
f 774/802/2521 782/810/2522 783/811/2523 775/803/2524 
f 775/803/2525 783/811/2526 784/812/2527 776/804/2528 
f 776/804/2529 784/812/2530 785/813/2531 777/805/2532 
f 777/805/2533 785/813/2534 786/814/2535 778/806/2536 
f 778/806/2537 786/814/2538 787/815/2539 779/807/2540 
s 2
f 789/818/2541 782/819/2542 781/816/2543 788/817/2544 
f 790/820/2545 783/821/2546 782/819/2547 789/818/2548 
f 791/822/2549 784/823/2550 783/821/2551 790/820/2552 
f 792/824/2553 785/825/2554 784/823/2555 791/822/2556 
f 793/826/2557 786/827/2558 785/825/2559 792/824/2560 
f 794/828/2561 787/829/2562 786/827/2563 793/826/2564 
f 796/831/2565 787/829/2566 794/828/2567 795/830/2568 
f 798/833/2569 789/818/2570 788/817/2571 797/832/2572 
f 799/834/2573 790/820/2574 789/818/2575 798/833/2576 
f 800/835/2577 791/822/2578 790/820/2579 799/834/2580 
f 801/836/2581 792/824/2582 791/822/2583 800/835/2584 
f 802/837/2585 793/826/2586 792/824/2587 801/836/2588 
f 803/838/2589 794/828/2590 793/826/2591 802/837/2592 
f 795/830/2593 794/828/2594 803/838/2595 804/839/2596 
s 1
f 807/842/2597 808/843/2598 805/840/2599 806/841/2600 
f 807/842/2601 810/845/2602 809/844/2603 808/843/2604 
f 810/845/2605 812/847/2606 811/846/2607 809/844/2608 
f 812/847/2609 814/849/2610 813/848/2611 811/846/2612 
f 814/849/2613 816/851/2614 815/850/2615 813/848/2616 
f 816/851/2617 818/853/2618 817/852/2619 815/850/2620 
f 818/853/2621 820/855/2622 819/854/2623 817/852/2624 
s 2
f 823/858/2625 824/859/2626 821/856/2627 822/857/2628 
f 823/858/2629 826/861/2630 825/860/2631 824/859/2632 
f 826/861/2633 828/863/2634 827/862/2635 825/860/2636 
f 828/863/2637 830/865/2638 829/864/2639 827/862/2640 
f 830/865/2641 832/867/2642 831/866/2643 829/864/2644 
f 832/867/2645 834/869/2646 833/868/2647 831/866/2648 
f 834/869/2649 836/871/2650 835/870/2651 833/868/2652 
s 1
f 839/874/2653 840/875/2654 837/872/2655 838/873/2656 
f 841/876/2657 842/877/2658 840/875/2659 839/874/2660 
f 843/878/2661 844/879/2662 842/877/2663 841/876/2664 
f 845/880/2665 846/881/2666 844/879/2667 843/878/2668 
f 847/882/2669 848/883/2670 846/881/2671 845/880/2672 
f 849/884/2673 850/885/2674 848/883/2675 847/882/2676 
f 852/887/2677 850/885/2678 849/884/2679 851/886/2680 
s 2
f 854/889/2681 839/874/2682 838/873/2683 853/888/2684 
f 855/890/2685 841/876/2686 839/874/2687 854/889/2688 
f 856/891/2689 843/878/2690 841/876/2691 855/890/2692 
f 857/892/2693 845/880/2694 843/878/2695 856/891/2696 
f 858/893/2697 847/882/2698 845/880/2699 857/892/2700 
f 859/894/2701 849/884/2702 847/882/2703 858/893/2704 
f 851/886/2705 849/884/2706 859/894/2707 860/895/2708 
s 1
f 862/897/2709 854/889/2710 853/888/2711 861/896/2712 
f 863/898/2713 855/890/2714 854/889/2715 862/897/2716 
f 864/899/2717 856/891/2718 855/890/2719 863/898/2720 
f 865/900/2721 857/892/2722 856/891/2723 864/899/2724 
f 866/901/2725 858/893/2726 857/892/2727 865/900/2728 
f 867/902/2729 859/894/2730 858/893/2731 866/901/2732 
f 860/895/2733 859/894/2734 867/902/2735 868/903/2736 
f 871/906/2737 872/907/2738 869/904/2739 870/905/2740 
f 871/906/2741 874/909/2742 873/908/2743 872/907/2744 
f 874/909/2745 876/911/2746 875/910/2747 873/908/2748 
f 876/911/2749 878/913/2750 877/912/2751 875/910/2752 
f 878/913/2753 880/915/2754 879/914/2755 877/912/2756 
f 880/915/2757 882/917/2758 881/916/2759 879/914/2760 
f 882/917/2761 884/919/2762 883/918/2763 881/916/2764 
f 887/922/2765 888/923/2766 885/920/2767 886/921/2768 
f 890/925/2769 887/922/2770 886/921/2771 889/924/2772 
f 892/927/2773 890/925/2774 889/924/2775 891/926/2776 
f 894/929/2777 892/927/2778 891/926/2779 893/928/2780 
f 896/931/2781 894/929/2782 893/928/2783 895/930/2784 
f 898/933/2785 896/931/2786 895/930/2787 897/932/2788 
f 900/935/2789 898/933/2790 897/932/2791 899/934/2792 
f 902/937/2793 900/935/2794 899/934/2795 901/936/2796 
f 904/939/2797 902/937/2798 901/936/2799 903/938/2800 
f 906/941/2801 904/939/2802 903/938/2803 905/940/2804 
f 908/943/2805 906/941/2806 905/940/2807 907/942/2808 
f 910/945/2809 908/943/2810 907/942/2811 909/944/2812 
f 912/948/2813 910/949/2814 909/946/2815 911/947/2816 
f 914/951/2817 912/948/2818 911/947/2819 913/950/2820 
f 916/953/2821 914/951/2822 913/950/2823 915/952/2824 
f 888/923/2825 916/953/2826 915/952/2827 885/920/2828 
s 2
f 919/956/2829 920/957/2830 917/954/2831 918/955/2832 
f 921/958/2833 922/959/2834 920/957/2835 919/956/2836 
f 923/960/2837 924/961/2838 922/959/2839 921/958/2840 
f 925/962/2841 926/963/2842 924/961/2843 923/960/2844 
f 927/964/2845 928/965/2846 926/963/2847 925/962/2848 
f 929/966/2849 930/967/2850 928/965/2851 927/964/2852 
f 931/968/2853 932/969/2854 930/967/2855 929/966/2856 
f 933/970/2857 934/971/2858 932/969/2859 931/968/2860 
f 935/972/2861 936/973/2862 934/971/2863 933/970/2864 
f 937/974/2865 938/975/2866 936/973/2867 935/972/2868 
f 939/976/2869 940/977/2870 938/975/2871 937/974/2872 
f 941/978/2873 942/979/2874 940/977/2875 939/976/2876 
f 943/980/2877 944/981/2878 942/979/2879 941/978/2880 
f 945/982/2881 946/983/2882 944/981/2883 943/980/2884 
f 947/984/2885 948/985/2886 946/983/2887 945/982/2888 
f 918/955/2889 917/954/2890 948/985/2891 947/984/2892 
s 1
f 951/988/2893 952/989/2894 949/986/2895 950/987/2896 
f 953/990/2897 954/991/2898 952/989/2899 951/988/2900 
f 955/992/2901 956/993/2902 954/991/2903 953/990/2904 
f 957/994/2905 958/995/2906 956/993/2907 955/992/2908 
f 959/996/2909 960/997/2910 958/995/2911 957/994/2912 
f 961/998/2913 962/999/2914 960/997/2915 959/996/2916 
f 963/1000/2917 964/1001/2918 962/999/2919 961/998/2920 
f 965/1002/2921 966/1003/2922 964/1001/2923 963/1000/2924 
f 967/1004/2925 968/1005/2926 966/1003/2927 965/1002/2928 
f 969/1006/2929 970/1007/2930 968/1005/2931 967/1004/2932 
f 971/1008/2933 972/1009/2934 970/1007/2935 969/1006/2936 
f 973/1010/2937 974/1011/2938 972/1009/2939 971/1008/2940 
f 975/1014/2941 976/1015/2942 974/1012/2943 973/1013/2944 
f 977/1016/2945 978/1017/2946 976/1015/2947 975/1014/2948 
f 979/1018/2949 980/1019/2950 978/1017/2951 977/1016/2952 
f 950/987/2953 949/986/2954 980/1019/2955 979/1018/2956 
s 2
f 983/1022/2957 984/1023/2958 981/1020/2959 982/1021/2960 
f 986/1025/2961 983/1022/2962 982/1021/2963 985/1024/2964 
f 988/1027/2965 986/1025/2966 985/1024/2967 987/1026/2968 
f 990/1029/2969 988/1027/2970 987/1026/2971 989/1028/2972 
f 992/1031/2973 990/1029/2974 989/1028/2975 991/1030/2976 
f 994/1033/2977 992/1031/2978 991/1030/2979 993/1032/2980 
f 996/1035/2981 994/1033/2982 993/1032/2983 995/1034/2984 
f 998/1037/2985 996/1035/2986 995/1034/2987 997/1036/2988 
f 1000/1039/2989 998/1037/2990 997/1036/2991 999/1038/2992 
f 1002/1041/2993 1000/1039/2994 999/1038/2995 1001/1040/2996 
f 1004/1043/2997 1002/1041/2998 1001/1040/2999 1003/1042/3000 
f 1006/1045/3001 1004/1043/3002 1003/1042/3003 1005/1044/3004 
f 1008/1047/3005 1006/1045/3006 1005/1044/3007 1007/1046/3008 
f 1010/1049/3009 1008/1047/3010 1007/1046/3011 1009/1048/3012 
f 1012/1051/3013 1010/1049/3014 1009/1048/3015 1011/1050/3016 
f 984/1023/3017 1012/1051/3018 1011/1050/3019 981/1020/3020 
f 1015/1054/3021 1016/1055/3022 1013/1052/3023 1014/1053/3024 
f 1016/1055/3025 1018/1057/3026 1017/1056/3027 1013/1052/3028 
f 1018/1057/3029 1020/1059/3030 1019/1058/3031 1017/1056/3032 
f 1020/1059/3033 1022/1061/3034 1021/1060/3035 1019/1058/3036 
f 1014/1053/3037 1013/1052/3038 1023/1062/3039 1024/1063/3040 
f 1013/1052/3041 1017/1056/3042 1025/1064/3043 1023/1062/3044 
f 1017/1056/3045 1019/1058/3046 1026/1065/3047 1025/1064/3048 
f 1019/1058/3049 1021/1060/3050 1027/1066/3051 1026/1065/3052 
f 1024/1063/3053 1023/1062/3054 1028/1067/3055 1029/1068/3056 
f 1023/1062/3057 1025/1064/3058 1030/1069/3059 1028/1067/3060 
f 1025/1064/3061 1026/1065/3062 1031/1070/3063 1030/1069/3064 
f 1026/1065/3065 1027/1066/3066 1032/1071/3067 1031/1070/3068 
f 1029/1068/3069 1028/1067/3070 1033/1072/3071 1034/1073/3072 
f 1028/1067/3073 1030/1069/3074 1035/1074/3075 1033/1072/3076 
f 1030/1069/3077 1031/1070/3078 1036/1075/3079 1035/1074/3080 
f 1031/1070/3081 1032/1071/3082 1037/1076/3083 1036/1075/3084 
f 1000/1039/3085 1039/1078/3086 1038/1077/3087 998/1037/3088 
f 1002/1041/3089 1040/1079/3090 1039/1078/3091 1000/1039/3092 
f 1041/1080/3093 1040/1079/3094 1002/1041/3095 1004/1043/3096 
f 1042/1081/3097 1041/1080/3098 1004/1043/3099 1006/1045/3100 
f 1008/1047/3101 1043/1082/3102 1042/1081/3103 1006/1045/3104 
f 1010/1049/3105 1044/1083/3106 1043/1082/3107 1008/1047/3108 
f 1045/1084/3109 1044/1083/3110 1010/1049/3111 1012/1051/3112 
f 1046/1085/3113 1045/1084/3114 1012/1051/3115 984/1023/3116 
f 983/1022/3117 1047/1086/3118 1046/1085/3119 984/1023/3120 
f 986/1025/3121 1048/1087/3122 1047/1086/3123 983/1022/3124 
f 1049/1088/3125 1048/1087/3126 986/1025/3127 988/1027/3128 
f 1050/1089/3129 1049/1088/3130 988/1027/3131 990/1029/3132 
f 992/1031/3133 1051/1090/3134 1050/1089/3135 990/1029/3136 
f 994/1033/3137 1052/1091/3138 1051/1090/3139 992/1031/3140 
f 1053/1092/3141 1052/1091/3142 994/1033/3143 996/1035/3144 
f 1038/1077/3145 1053/1092/3146 996/1035/3147 998/1037/3148 
f 1024/1063/3149 1038/1077/3150 1039/1078/3151 1014/1053/3152 
f 1015/1054/3153 1014/1053/3154 1039/1078/3155 1040/1079/3156 
f 1015/1054/3157 1040/1079/3158 1041/1080/3159 1016/1055/3160 
f 1018/1057/3161 1016/1055/3162 1041/1080/3163 1042/1081/3164 
f 1018/1057/3165 1042/1081/3166 1043/1082/3167 1020/1059/3168 
f 1022/1061/3169 1020/1059/3170 1043/1082/3171 1044/1083/3172 
f 1022/1061/3173 1044/1083/3174 1045/1084/3175 1021/1060/3176 
f 1027/1066/3177 1021/1060/3178 1045/1084/3179 1046/1085/3180 
f 1027/1066/3181 1046/1085/3182 1047/1086/3183 1032/1071/3184 
f 1037/1076/3185 1032/1071/3186 1047/1086/3187 1048/1087/3188 
f 1037/1076/3189 1048/1087/3190 1049/1088/3191 1036/1075/3192 
f 1035/1074/3193 1036/1075/3194 1049/1088/3195 1050/1089/3196 
f 1035/1074/3197 1050/1089/3198 1051/1090/3199 1033/1072/3200 
f 1034/1073/3201 1033/1072/3202 1051/1090/3203 1052/1091/3204 
f 1034/1073/3205 1052/1091/3206 1053/1092/3207 1029/1068/3208 
f 1024/1063/3209 1029/1068/3210 1053/1092/3211 1038/1077/3212 
s 1
f 1055/1095/3213 982/1096/3214 981/1093/3215 1054/1094/3216 
f 1056/1097/3217 985/1098/3218 982/1096/3219 1055/1095/3220 
f 1057/1099/3221 987/1100/3222 985/1098/3223 1056/1097/3224 
f 1058/1101/3225 989/1102/3226 987/1100/3227 1057/1099/3228 
f 1059/1103/3229 991/1104/3230 989/1102/3231 1058/1101/3232 
f 1060/1105/3233 993/1106/3234 991/1104/3235 1059/1103/3236 
f 1061/1107/3237 995/1108/3238 993/1106/3239 1060/1105/3240 
f 1062/1109/3241 997/1110/3242 995/1108/3243 1061/1107/3244 
f 1063/1111/3245 999/1112/3246 997/1110/3247 1062/1109/3248 
f 1064/1113/3249 1001/1114/3250 999/1112/3251 1063/1111/3252 
f 1065/1115/3253 1003/1116/3254 1001/1114/3255 1064/1113/3256 
f 1066/1117/3257 1005/1118/3258 1003/1116/3259 1065/1115/3260 
f 1067/1121/3261 1007/1122/3262 1005/1119/3263 1066/1120/3264 
f 1068/1123/3265 1009/1124/3266 1007/1122/3267 1067/1121/3268 
f 1069/1125/3269 1011/1126/3270 1009/1124/3271 1068/1123/3272 
f 1054/1094/3273 981/1093/3274 1011/1126/3275 1069/1125/3276 
f 1072/1129/3277 1073/1130/3278 1070/1127/3279 1071/1128/3280 
f 1074/1131/3281 1075/1132/3282 1073/1130/3283 1072/1129/3284 
f 1076/1133/3285 1077/1134/3286 1075/1132/3287 1074/1131/3288 
f 1078/1135/3289 1079/1136/3290 1077/1134/3291 1076/1133/3292 
f 1080/1137/3293 1081/1138/3294 1079/1136/3295 1078/1135/3296 
f 1082/1139/3297 1083/1140/3298 1081/1138/3299 1080/1137/3300 
f 1084/1141/3301 1085/1142/3302 1083/1140/3303 1082/1139/3304 
f 1086/1143/3305 1087/1144/3306 1085/1142/3307 1084/1141/3308 
f 1088/1145/3309 1089/1146/3310 1087/1144/3311 1086/1143/3312 
f 1090/1147/3313 1091/1148/3314 1089/1146/3315 1088/1145/3316 
f 1092/1149/3317 1093/1150/3318 1091/1148/3319 1090/1147/3320 
f 1094/1151/3321 1095/1152/3322 1093/1150/3323 1092/1149/3324 
f 1096/1155/3325 1097/1156/3326 1095/1153/3327 1094/1154/3328 
f 1098/1157/3329 1099/1158/3330 1097/1156/3331 1096/1155/3332 
f 1100/1159/3333 1101/1160/3334 1099/1158/3335 1098/1157/3336 
f 1071/1128/3337 1070/1127/3338 1101/1160/3339 1100/1159/3340 
f 1104/1163/3341 1105/1164/3342 1102/1161/3343 1103/1162/3344 
f 1102/1161/3345 1105/1164/3346 1106/1165/3347 1107/1166/3348 
f 1107/1166/3349 1106/1165/3350 1108/1167/3351 1109/1168/3352 
f 1109/1168/3353 1108/1167/3354 1110/1169/3355 1111/1170/3356 
f 1111/1170/3357 1110/1169/3358 1112/1171/3359 1113/1172/3360 
f 1113/1172/3361 1112/1171/3362 1114/1173/3363 1115/1174/3364 
f 1115/1174/3365 1114/1173/3366 1116/1175/3367 1117/1176/3368 
f 821/1177/3369 824/1178/3370 1105/1164/3371 1104/1163/3372 
f 1105/1164/3373 824/1178/3374 825/1179/3375 1106/1165/3376 
f 1106/1165/3377 825/1179/3378 827/1180/3379 1108/1167/3380 
f 1108/1167/3381 827/1180/3382 829/1181/3383 1110/1169/3384 
f 1110/1169/3385 829/1181/3386 831/1182/3387 1112/1171/3388 
f 1112/1171/3389 831/1182/3390 833/1183/3391 1114/1173/3392 
f 1114/1173/3393 833/1183/3394 835/1184/3395 1116/1175/3396 
s 2
f 1118/1185/3397 837/872/3398 823/858/3399 822/857/3400 
f 823/858/3401 837/872/3402 840/875/3403 826/861/3404 
f 826/861/3405 840/875/3406 842/877/3407 828/863/3408 
f 828/863/3409 842/877/3410 844/879/3411 830/865/3412 
f 830/865/3413 844/879/3414 846/881/3415 832/867/3416 
f 832/867/3417 846/881/3418 848/883/3419 834/869/3420 
f 834/869/3421 848/883/3422 850/885/3423 836/871/3424 
s 1
f 1103/1162/3425 1102/1161/3426 807/842/3427 806/841/3428 
f 807/842/3429 1102/1161/3430 1107/1166/3431 810/845/3432 
f 810/845/3433 1107/1166/3434 1109/1168/3435 812/847/3436 
f 812/847/3437 1109/1168/3438 1111/1170/3439 814/849/3440 
f 814/849/3441 1111/1170/3442 1113/1172/3443 816/851/3444 
f 816/851/3445 1113/1172/3446 1115/1174/3447 818/853/3448 
f 818/853/3449 1115/1174/3450 1117/1176/3451 820/855/3452 
f 1121/1188/3453 1122/1189/3454 1119/1186/3455 1120/1187/3456 
f 1119/1186/3457 1122/1189/3458 1123/1190/3459 1124/1191/3460 
f 1124/1191/3461 1123/1190/3462 1125/1192/3463 1126/1193/3464 
f 1126/1193/3465 1125/1192/3466 1127/1194/3467 1128/1195/3468 
f 1128/1195/3469 1127/1194/3470 1129/1196/3471 1130/1197/3472 
f 1130/1197/3473 1129/1196/3474 1131/1198/3475 1132/1199/3476 
f 1132/1199/3477 1131/1198/3478 1133/1200/3479 1134/1201/3480 
f 1120/1187/3481 1119/1186/3482 871/906/3483 870/905/3484 
f 871/906/3485 1119/1186/3486 1124/1191/3487 874/909/3488 
f 874/909/3489 1124/1191/3490 1126/1193/3491 876/911/3492 
f 876/911/3493 1126/1193/3494 1128/1195/3495 878/913/3496 
f 878/913/3497 1128/1195/3498 1130/1197/3499 880/915/3500 
f 880/915/3501 1130/1197/3502 1132/1199/3503 882/917/3504 
f 882/917/3505 1132/1199/3506 1134/1201/3507 884/919/3508 
f 952/989/3509 1072/1129/3510 1071/1128/3511 949/986/3512 
f 954/991/3513 1074/1131/3514 1072/1129/3515 952/989/3516 
f 956/993/3517 1076/1133/3518 1074/1131/3519 954/991/3520 
f 958/995/3521 1078/1135/3522 1076/1133/3523 956/993/3524 
f 960/997/3525 1080/1137/3526 1078/1135/3527 958/995/3528 
f 962/999/3529 1082/1139/3530 1080/1137/3531 960/997/3532 
f 964/1001/3533 1084/1141/3534 1082/1139/3535 962/999/3536 
f 966/1003/3537 1086/1143/3538 1084/1141/3539 964/1001/3540 
f 968/1005/3541 1088/1145/3542 1086/1143/3543 966/1003/3544 
f 970/1007/3545 1090/1147/3546 1088/1145/3547 968/1005/3548 
f 972/1009/3549 1092/1149/3550 1090/1147/3551 970/1007/3552 
f 974/1011/3553 1094/1151/3554 1092/1149/3555 972/1009/3556 
f 976/1015/3557 1096/1155/3558 1094/1154/3559 974/1012/3560 
f 978/1017/3561 1098/1157/3562 1096/1155/3563 976/1015/3564 
f 980/1019/3565 1100/1159/3566 1098/1157/3567 978/1017/3568 
f 949/986/3569 1071/1128/3570 1100/1159/3571 980/1019/3572 
s 2
f 1136/1204/3573 951/1205/3574 950/1202/3575 1135/1203/3576 
f 1137/1206/3577 953/1207/3578 951/1205/3579 1136/1204/3580 
f 1138/1208/3581 955/1209/3582 953/1207/3583 1137/1206/3584 
f 1139/1210/3585 957/1211/3586 955/1209/3587 1138/1208/3588 
f 1140/1212/3589 959/1213/3590 957/1211/3591 1139/1210/3592 
f 1141/1214/3593 961/1215/3594 959/1213/3595 1140/1212/3596 
f 1142/1216/3597 963/1217/3598 961/1215/3599 1141/1214/3600 
f 1143/1218/3601 965/1219/3602 963/1217/3603 1142/1216/3604 
f 1144/1220/3605 967/1221/3606 965/1219/3607 1143/1218/3608 
f 1145/1222/3609 969/1223/3610 967/1221/3611 1144/1220/3612 
f 1146/1224/3613 971/1225/3614 969/1223/3615 1145/1222/3616 
f 1147/1226/3617 973/1227/3618 971/1225/3619 1146/1224/3620 
f 1148/1228/3621 975/1229/3622 973/1227/3623 1147/1226/3624 
f 1149/1230/3625 977/1231/3626 975/1229/3627 1148/1228/3628 
f 1150/1232/3629 979/1233/3630 977/1231/3631 1149/1230/3632 
f 1135/1203/3633 950/1202/3634 979/1233/3635 1150/1232/3636 
f 920/957/3637 1136/1204/3638 1135/1203/3639 917/954/3640 
f 922/959/3641 1137/1206/3642 1136/1204/3643 920/957/3644 
f 924/961/3645 1138/1208/3646 1137/1206/3647 922/959/3648 
f 926/963/3649 1139/1210/3650 1138/1208/3651 924/961/3652 
f 928/965/3653 1140/1212/3654 1139/1210/3655 926/963/3656 
f 930/967/3657 1141/1214/3658 1140/1212/3659 928/965/3660 
f 932/969/3661 1142/1216/3662 1141/1214/3663 930/967/3664 
f 934/971/3665 1143/1218/3666 1142/1216/3667 932/969/3668 
f 936/973/3669 1144/1220/3670 1143/1218/3671 934/971/3672 
f 938/975/3673 1145/1222/3674 1144/1220/3675 936/973/3676 
f 940/977/3677 1146/1224/3678 1145/1222/3679 938/975/3680 
f 942/979/3681 1147/1226/3682 1146/1224/3683 940/977/3684 
f 944/981/3685 1148/1228/3686 1147/1226/3687 942/979/3688 
f 946/983/3689 1149/1230/3690 1148/1228/3691 944/981/3692 
f 948/985/3693 1150/1232/3694 1149/1230/3695 946/983/3696 
f 917/954/3697 1135/1203/3698 1150/1232/3699 948/985/3700 
s 1
f 887/922/3701 919/1235/3702 918/1234/3703 888/923/3704 
f 890/925/3705 921/1236/3706 919/1235/3707 887/922/3708 
f 892/927/3709 923/1237/3710 921/1236/3711 890/925/3712 
f 894/929/3713 925/1238/3714 923/1237/3715 892/927/3716 
f 896/931/3717 927/1239/3718 925/1238/3719 894/929/3720 
f 898/933/3721 929/1240/3722 927/1239/3723 896/931/3724 
f 900/935/3725 931/1241/3726 929/1240/3727 898/933/3728 
f 902/937/3729 933/1242/3730 931/1241/3731 900/935/3732 
f 904/939/3733 935/1243/3734 933/1242/3735 902/937/3736 
f 906/941/3737 937/1244/3738 935/1243/3739 904/939/3740 
f 908/943/3741 939/1245/3742 937/1244/3743 906/941/3744 
f 910/945/3745 941/1246/3746 939/1245/3747 908/943/3748 
f 912/948/3749 943/1248/3750 941/1247/3751 910/949/3752 
f 914/951/3753 945/1249/3754 943/1248/3755 912/948/3756 
f 916/953/3757 947/1250/3758 945/1249/3759 914/951/3760 
f 888/923/3761 918/1234/3762 947/1250/3763 916/953/3764 
f 1073/1130/3765 1055/1095/3766 1054/1094/3767 1070/1127/3768 
f 1075/1132/3769 1056/1097/3770 1055/1095/3771 1073/1130/3772 
f 1077/1134/3773 1057/1099/3774 1056/1097/3775 1075/1132/3776 
f 1079/1136/3777 1058/1101/3778 1057/1099/3779 1077/1134/3780 
f 1081/1138/3781 1059/1103/3782 1058/1101/3783 1079/1136/3784 
f 1083/1140/3785 1060/1105/3786 1059/1103/3787 1081/1138/3788 
f 1085/1142/3789 1061/1107/3790 1060/1105/3791 1083/1140/3792 
f 1087/1144/3793 1062/1109/3794 1061/1107/3795 1085/1142/3796 
f 1089/1146/3797 1063/1111/3798 1062/1109/3799 1087/1144/3800 
f 1091/1148/3801 1064/1113/3802 1063/1111/3803 1089/1146/3804 
f 1093/1150/3805 1065/1115/3806 1064/1113/3807 1091/1148/3808 
f 1095/1152/3809 1066/1117/3810 1065/1115/3811 1093/1150/3812 
f 1097/1156/3813 1067/1121/3814 1066/1120/3815 1095/1153/3816 
f 1099/1158/3817 1068/1123/3818 1067/1121/3819 1097/1156/3820 
f 1101/1160/3821 1069/1125/3822 1068/1123/3823 1099/1158/3824 
f 1070/1127/3825 1054/1094/3826 1069/1125/3827 1101/1160/3828 
f 400/421/3829 415/436/3830 414/435/3831 401/422/3832 
f 401/422/3833 414/435/3834 420/441/3835 403/424/3836 
f 424/445/3837 423/444/3838 407/428/3839 406/427/3840 
f 407/428/3841 423/444/3842 427/448/3843 409/430/3844 
f 409/430/3845 427/448/3846 431/452/3847 411/432/3848 
f 411/432/3849 431/452/3850 434/455/3851 413/434/3852 
f 413/434/3853 434/455/3854 415/436/3855 400/421/3856 
f 384/405/3857 383/404/3858 418/439/3859 419/440/3860 
f 386/407/3861 384/405/3862 419/440/3863 422/443/3864 
f 392/413/3865 389/410/3866 429/450/3867 430/451/3868 
f 394/415/3869 392/413/3870 430/451/3871 433/454/3872 
f 396/417/3873 394/415/3874 433/454/3875 436/457/3876 
f 383/404/3877 396/417/3878 436/457/3879 418/439/3880 
f 1151/1251/3881 386/407/3882 422/443/3883 438/459/3884 
f 682/703/3885 681/702/3886 417/438/3887 416/437/3888 
f 681/702/3889 683/704/3890 421/442/3891 417/438/3892 
f 685/706/3893 684/705/3894 426/447/3895 425/446/3896 
f 684/705/3897 686/707/3898 428/449/3899 426/447/3900 
f 686/707/3901 687/708/3902 432/453/3903 428/449/3904 
f 687/708/3905 688/709/3906 435/456/3907 432/453/3908 
f 688/709/3909 682/703/3910 416/437/3911 435/456/3912 
f 699/1254/3913 698/1346/3914 1152/1252/3915 700/1253/3916 
f 1152/1252/3917 702/1256/3918 701/1255/3919 700/1253/3920 
f 1152/1252/3921 704/1258/3922 703/1257/3923 702/1256/3924 
f 1152/1252/3925 1153/1260/3926 705/1259/3927 704/1258/3928 
f 820/855/3929 1155/1262/3930 1154/1261/3931 819/854/3932 
s 2
f 836/871/3933 1157/1264/3934 1156/1263/3935 835/870/3936 
s 1
f 837/872/3937 1118/1185/3938 1158/1265/3939 838/873/3940 
s 2
f 838/873/3941 1158/1265/3942 1159/1266/3943 853/888/3944 
s 1
f 853/888/3945 1159/1266/3946 1160/1267/3947 861/896/3948 
f 884/919/3949 1162/1269/3950 1161/1268/3951 883/918/3952 
f 1116/1175/3953 1164/1271/3954 1163/1270/3955 1117/1176/3956 
f 835/1184/3957 1156/1272/3958 1164/1271/3959 1116/1175/3960 
s 2
f 850/885/3961 852/887/3962 1157/1264/3963 836/871/3964 
s 1
f 1117/1176/3965 1163/1270/3966 1155/1262/3967 820/855/3968 
f 1133/1200/3969 1166/1274/3970 1165/1273/3971 1134/1201/3972 
f 1134/1201/3973 1165/1273/3974 1162/1269/3975 884/919/3976 
f 236/257/3977 1168/1276/3978 1167/1275/3979 242/263/3980 
f 114/135/3981 1169/1277/3982 135/156/3983 115/136/3984 
f 117/138/3985 64/64/3986 63/63/3987 138/159/3988 
f 162/183/3989 1170/1278/3990 1169/1277/3991 114/135/3992 
f 199/220/3993 1172/1280/3994 1171/1279/3995 196/217/3996 
f 196/217/3997 1171/1279/3998 1173/1281/3999 221/242/4000 
f 2/2/4001 229/250/4002 1174/1282/4003 3/3/4004 
f 82/90/4005 81/89/4006 1175/1283/4007 100/121/4008 
f 100/121/4009 1175/1283/4010 1168/1276/4011 236/257/4012 
f 237/258/4013 1176/1284/4014 1174/1282/4015 229/250/4016 
f 221/242/4017 1173/1281/4018 1170/1278/4019 162/183/4020 
f 258/279/4021 1177/1285/4022 1172/1280/4023 199/220/4024 
f 329/350/4025 1179/1287/4026 1178/1286/4027 330/351/4028 
f 341/362/4029 1180/1288/4030 1179/1287/4031 329/350/4032 
f 330/351/4033 1178/1286/4034 1181/1289/4035 318/339/4036 
f 356/377/4037 366/387/4038 264/285/4039 345/366/4040 
f 1182/1290/4041 1583/1727/4042 264/285/4043 366/387/4044 
f 367/388/4045 1183/1291/4046 1182/1290/4047 366/387/4048 
f 368/389/4049 1184/1292/4050 1183/1291/4051 367/388/4052 
f 369/390/4053 1185/1293/4054 1184/1292/4055 368/389/4056 
f 371/392/4057 1187/1295/4058 1186/1294/4059 370/391/4060 
s 2
f 373/394/4061 1189/1297/4062 1188/1296/4063 372/393/4064 
s 1
f 376/397/4065 1190/1298/4066 1185/1293/4067 369/390/4068 
f 386/407/4069 1151/1251/4070 1191/1299/4071 385/406/4072 
f 318/339/4073 1181/1289/4074 309/330/4075 301/322/4076 
f 339/360/4077 1192/1301/4078 461/1300/4079 451/721/4080 
f 325/346/4081 315/336/4082 316/337/4083 327/348/4084 
f 377/398/4085 370/391/4086 1186/1294/4087 397/418/4088 
f 385/406/4089 1191/1299/4090 1190/1298/4091 376/397/4092 
f 403/424/4093 1193/1302/4094 437/458/4095 402/423/4096 
f 429/450/4097 1194/1303/4098 405/426/4099 404/425/4100 
f 421/442/4101 1196/1305/4102 1195/1304/4103 420/441/4104 
f 446/467/4105 1197/1306/4106 1187/1295/4107 371/392/4108 
f 456/477/4109 1199/1308/4110 1198/1307/4111 453/474/4112 
f 472/493/4113 1201/1310/4114 1200/1309/4115 469/490/4116 
s 2
f 483/504/4117 689/710/4118 1202/1311/4119 484/505/4120 
f 527/548/4121 715/743/4122 1203/1312/4123 528/549/4124 
f 528/549/4125 1203/1312/4126 503/524/4127 506/527/4128 
f 537/558/4129 714/742/4130 1204/1313/4131 538/559/4132 
f 538/559/4133 1204/1313/4134 515/536/4135 518/539/4136 
s 1
f 618/639/4137 1206/1315/4138 1205/1314/4139 617/638/4140 
s 2
f 620/641/4141 1208/1317/4142 1207/1316/4143 619/640/4144 
s 1
f 624/645/4145 1209/1318/4146 637/658/4147 623/644/4148 
s 2
f 626/647/4149 1211/1320/4150 1210/1319/4151 625/646/4152 
f 628/649/4153 1213/1322/4154 1212/1321/4155 627/648/4156 
f 632/653/4157 1214/1323/4158 640/661/4159 631/652/4160 
f 634/655/4161 1216/1325/4162 1215/1324/4163 633/654/4164 
f 645/666/4165 646/667/4166 1217/1326/4167 
s 1
f 1217/1326/4168 659/680/4169 645/666/4170 
s 2
f 646/667/4171 667/688/4172 1218/1327/4173 1217/1326/4174 
s 1
f 372/393/4175 1188/1296/4176 1197/1306/4177 446/467/4178 
s 2
f 680/701/4179 1219/1328/4180 1189/1297/4181 373/394/4182 
s 1
f 659/680/4183 1217/1326/4184 1220/1329/4185 683/704/4186 
f 488/509/4187 487/508/4188 1201/1310/4189 472/493/4190 
f 469/490/4191 1200/1309/4192 1221/1330/4193 693/714/4194 
f 693/714/4195 1221/1330/4196 1199/1308/4197 456/477/4198 
f 453/722/4199 1198/1331/4200 1180/1288/4201 341/362/4202 
f 326/347/4203 328/349/4204 1192/1301/4205 339/360/4206 
s 2
f 705/733/4207 1153/1332/4208 1216/1325/4209 634/655/4210 
f 633/654/4211 1215/1324/4212 1214/1323/4213 632/653/4214 
f 627/648/4215 1212/1321/4216 1222/1333/4217 713/741/4218 
f 713/741/4219 1222/1333/4220 1211/1320/4221 626/647/4222 
f 630/651/4223 639/660/4224 1213/1322/4225 628/649/4226 
s 1
f 625/646/4227 1210/1319/4228 1209/1318/4229 624/645/4230 
s 2
f 622/643/4231 636/657/4232 1208/1317/4233 620/641/4234 
s 1
f 619/640/4235 1207/1316/4236 1206/1315/4237 618/639/4238 
f 731/759/4239 1224/1335/4240 1223/1334/4241 730/758/4242 
s 2
f 747/775/4243 1226/1337/4244 1225/1336/4245 746/774/4246 
s 1
f 763/791/4247 1228/1339/4248 1227/1338/4249 762/790/4250 
f 746/774/4251 1225/1336/4252 1224/1335/4253 731/759/4254 
s 2
f 771/799/4255 1229/1340/4256 1226/1337/4257 747/775/4258 
f 762/790/4259 1227/1338/4260 1229/1340/4261 771/799/4262 
s 1
f 779/807/4263 1230/1341/4264 1228/1339/4265 763/791/4266 
f 787/815/4267 796/1342/4268 1230/1341/4269 779/807/4270 
s 2
f 781/816/4271 780/1344/4272 1231/1343/4273 788/817/4274 
f 788/817/4275 1231/1343/4276 1232/1345/4277 797/832/4278 
s 1
f 420/441/4279 1195/1304/4280 1193/1302/4281 403/424/4282 
f 389/410/4283 388/409/4284 1194/1303/4285 429/450/4286 
f 683/704/4287 1220/1329/4288 1196/1305/4289 421/442/4290 
s 2
f 1233/1349/4291 1234/1350/4292 862/1347/4293 861/1348/4294 
f 1234/1350/4295 1235/1352/4296 863/1351/4297 862/1347/4298 
f 1235/1352/4299 1236/1354/4300 864/1353/4301 863/1351/4302 
f 1236/1354/4303 1237/1356/4304 865/1355/4305 864/1353/4306 
f 1237/1356/4307 1238/1358/4308 866/1357/4309 865/1355/4310 
f 1238/1358/4311 1239/1360/4312 867/1359/4313 866/1357/4314 
f 1239/1360/4315 1240/1362/4316 868/1361/4317 867/1359/4318 
f 1241/1364/4319 1233/1349/4320 861/1348/4321 1160/1363/4322 
s 1
f 3/3/4323 1243/1371/4324 1242/1370/4325 4/4/4326 
f 1246/1374/4327 1247/1373/4328 1244/1372/4329 1245/1375/4330 
f 1250/1378/4331 1251/1377/4332 1248/1376/4333 1249/1379/4334 
f 1254/1382/4335 1255/1381/4336 1252/1380/4337 1253/1383/4338 
f 1258/1386/4339 1259/1385/4340 1256/1384/4341 1257/1387/4342 
f 1262/1390/4343 1263/1389/4344 1260/1388/4345 1261/1391/4346 
f 1266/1394/4347 1267/1393/4348 1264/1392/4349 1265/1395/4350 
f 1270/1398/4351 1271/1397/4352 1268/1396/4353 1269/1399/4354 
f 1274/1402/4355 1275/1401/4356 1272/1400/4357 1273/1403/4358 
f 39/39/4359 38/38/4360 1276/1404/4361 1277/1405/4362 
f 1280/1408/4363 1281/1407/4364 1278/1406/4365 1279/1409/4366 
f 1284/1412/4367 1285/1411/4368 1282/1410/4369 1283/1413/4370 
f 1288/1416/4371 1289/1415/4372 1286/1414/4373 1287/1417/4374 
f 1292/1420/4375 1293/1419/4376 1290/1418/4377 1291/1421/4378 
f 1296/1424/4379 1297/1423/4380 1294/1422/4381 1295/1425/4382 
f 63/63/4383 62/62/4384 1298/1426/4385 1299/1427/4386 
f 1243/1371/4387 1301/1429/4388 1300/1428/4389 1242/1370/4390 
f 1257/1387/4391 1256/1384/4392 1302/1430/4393 1303/1431/4394 
f 1306/1434/4395 1307/1433/4396 1304/1432/4397 1305/1435/4398 
f 1249/1379/4399 1248/1376/4400 1308/1436/4401 1309/1437/4402 
f 1298/1426/4403 1266/1394/4404 1265/1395/4405 1299/1427/4406 
f 1292/1420/4407 1270/1398/4408 1269/1399/4409 1293/1419/4410 
f 1283/1413/4411 1274/1402/4412 1273/1403/4413 1284/1412/4414 
f 1281/1407/4415 1280/1408/4416 1277/1405/4417 1276/1404/4418 
f 1289/1415/4419 1288/1416/4420 1282/1410/4421 1285/1411/4422 
f 1297/1423/4423 1296/1424/4424 1310/1438/4425 1311/1439/4426 
f 1267/1441/4427 1266/1440/4428 1300/1428/4429 1312/1442/4430 
f 1271/1444/4431 1270/1443/4432 1306/1434/4433 1313/1445/4434 
f 1275/1448/4435 1274/1447/4436 1314/1446/4437 1315/1449/4438 
f 81/89/4439 39/88/4440 1277/1450/4441 1316/1451/4442 
f 1279/1454/4443 1318/1453/4444 1317/1452/4445 1280/1455/4446 
f 1283/1458/4447 1282/1457/4448 1319/1456/4449 1320/1459/4450 
f 1287/1462/4451 1322/1461/4452 1321/1460/4453 1288/1463/4454 
f 1292/1466/4455 1291/1465/4456 1323/1464/4457 1307/1433/4458 
f 1295/1469/4459 1325/1468/4460 1324/1467/4461 1296/1470/4462 
f 62/110/4463 4/4/4464 1242/1370/4465 1298/1471/4466 
f 1242/1370/4467 1300/1428/4468 1266/1440/4469 1298/1471/4470 
f 1307/1433/4471 1306/1434/4472 1270/1443/4473 1292/1466/4474 
f 1320/1459/4475 1314/1446/4476 1274/1447/4477 1283/1458/4478 
f 1316/1451/4479 1277/1450/4480 1280/1455/4481 1317/1452/4482 
f 1319/1456/4483 1282/1457/4484 1288/1463/4485 1321/1460/4486 
f 1326/1473/4487 1310/1472/4488 1296/1470/4489 1324/1467/4490 
f 1309/1437/4491 1308/1436/4492 1327/1474/4493 1328/1475/4494 
f 1329/1477/4495 1330/1476/4496 1314/1446/4497 1320/1459/4498 
f 1330/1476/4499 1331/1478/4500 1315/1449/4501 1314/1446/4502 
f 1333/1479/4503 1317/1452/4504 1318/1453/4505 1332/1480/4506 
f 1334/1481/4507 1316/1451/4508 1317/1452/4509 1333/1479/4510 
f 1337/1484/4511 1338/1483/4512 1335/1482/4513 1336/1485/4514 
f 1340/1486/4515 1338/1483/4516 1337/1484/4517 1339/1487/4518 
f 1341/1489/4519 1342/1488/4520 1340/1486/4521 1339/1487/4522 
f 1343/1491/4523 1344/1490/4524 1342/1488/4525 1341/1489/4526 
f 1345/1492/4527 1343/1491/4528 1273/1403/4529 1272/1400/4530 
f 1348/1495/4531 1349/1494/4532 1346/1493/4533 1347/1496/4534 
f 1350/1497/4535 1278/1406/4536 1281/1407/4537 1346/1493/4538 
f 1351/1499/4539 1352/1498/4540 1299/1427/4541 1265/1395/4542 
f 1353/1500/4543 1351/1499/4544 1265/1395/4545 1264/1392/4546 
f 1355/1501/4547 1294/1422/4548 1297/1423/4549 1354/1502/4550 
f 1354/1502/4551 1297/1423/4552 1311/1439/4553 1356/1503/4554 
f 1357/1505/4555 1358/1504/4556 1269/1399/4557 1268/1396/4558 
f 1358/1504/4559 1359/1506/4560 1293/1419/4561 1269/1399/4562 
f 1359/1506/4563 1362/1508/4564 1360/1507/4565 1361/1509/4566 
f 1356/1503/4567 1311/1439/4568 1290/1418/4569 1361/1509/4570 
f 1311/1439/4571 1310/1438/4572 1291/1421/4573 1290/1418/4574 
f 1291/1465/4575 1310/1472/4576 1326/1473/4577 1323/1464/4578 
f 1302/1430/4579 1247/1373/4580 1246/1374/4581 1303/1431/4582 
f 1364/1510/4583 1322/1461/4584 1313/1445/4585 1363/1511/4586 
f 1366/1512/4587 1325/1468/4588 1312/1442/4589 1365/1513/4590 
f 1294/1422/4591 1264/1392/4592 1267/1393/4593 1295/1425/4594 
f 1275/1401/4595 1279/1409/4596 1278/1406/4597 1272/1400/4598 
f 1271/1397/4599 1287/1417/4600 1286/1414/4601 1268/1396/4602 
f 1295/1469/4603 1267/1441/4604 1312/1442/4605 1325/1468/4606 
f 1287/1462/4607 1271/1444/4608 1313/1445/4609 1322/1461/4610 
f 1315/1449/4611 1318/1453/4612 1279/1454/4613 1275/1448/4614 
f 1332/1480/4615 1318/1453/4616 1315/1449/4617 1331/1478/4618 
f 1345/1492/4619 1272/1400/4620 1278/1406/4621 1350/1497/4622 
f 1353/1500/4623 1264/1392/4624 1294/1422/4625 1355/1501/4626 
f 1336/1485/4627 1335/1482/4628 1367/1514/4629 1357/1505/4630 
f 1289/1415/4631 1337/1484/4632 1336/1485/4633 1286/1414/4634 
f 1285/1411/4635 1339/1487/4636 1337/1484/4637 1289/1415/4638 
f 1284/1412/4639 1341/1489/4640 1339/1487/4641 1285/1411/4642 
f 1273/1403/4643 1343/1491/4644 1341/1489/4645 1284/1412/4646 
f 1343/1491/4647 1345/1492/4648 1368/1515/4649 1344/1490/4650 
f 1276/1404/4651 1347/1496/4652 1346/1493/4653 1281/1407/4654 
f 38/38/4655 135/156/4656 1347/1496/4657 1276/1404/4658 
f 1369/1516/4659 1350/1497/4660 1346/1493/4661 1349/1494/4662 
f 138/159/4663 1352/1498/4664 1370/1517/4665 139/160/4666 
f 1370/1517/4667 1352/1498/4668 1351/1499/4669 1371/1518/4670 
f 1351/1499/4671 1353/1500/4672 1372/1519/4673 1371/1518/4674 
f 1374/1520/4675 1355/1501/4676 1354/1502/4677 1373/1521/4678 
f 1354/1502/4679 1356/1503/4680 1375/1522/4681 1373/1521/4682 
f 1358/1504/4683 1357/1505/4684 1367/1514/4685 1376/1523/4686 
f 1359/1506/4687 1358/1504/4688 1376/1523/4689 1362/1508/4690 
f 1293/1419/4691 1359/1506/4692 1361/1509/4693 1290/1418/4694 
f 1375/1522/4695 1356/1503/4696 1361/1509/4697 1360/1507/4698 
f 1368/1515/4699 1345/1492/4700 1350/1497/4701 1369/1516/4702 
f 1372/1519/4703 1353/1500/4704 1355/1501/4705 1374/1520/4706 
f 1286/1414/4707 1336/1485/4708 1357/1505/4709 1268/1396/4710 
f 1378/1524/4711 1340/1486/4712 1342/1488/4713 1377/1525/4714 
f 1380/1526/4715 1375/1522/4716 1360/1507/4717 1379/1527/4718 
f 1381/1528/4719 1377/1525/4720 1342/1488/4721 1344/1490/4722 
f 1382/1529/4723 1338/1483/4724 1340/1486/4725 1378/1524/4726 
f 1384/1530/4727 1376/1523/4728 1367/1514/4729 1383/1531/4730 
f 1379/1527/4731 1360/1507/4732 1362/1508/4733 1385/1532/4734 
f 1386/1533/4735 1373/1521/4736 1375/1522/4737 1380/1526/4738 
f 1387/1535/4739 1388/1534/4740 1371/1518/4741 1372/1519/4742 
f 1388/1534/4743 1389/1536/4744 1370/1517/4745 1371/1518/4746 
f 1385/1532/4747 1362/1508/4748 1376/1523/4749 1384/1530/4750 
f 1390/1537/4751 1335/1482/4752 1338/1483/4753 1382/1529/4754 
f 1391/1538/4755 1381/1528/4756 1344/1490/4757 1368/1515/4758 
f 1393/1539/4759 1349/1494/4760 1348/1495/4761 1392/1540/4762 
f 1394/1541/4763 1374/1520/4764 1373/1521/4765 1386/1533/4766 
f 1389/1536/4767 164/185/4768 139/160/4769 1370/1517/4770 
f 1395/1542/4771 1369/1516/4772 1349/1494/4773 1393/1539/4774 
f 1394/1541/4775 1387/1535/4776 1372/1519/4777 1374/1520/4778 
f 1391/1538/4779 1368/1515/4780 1369/1516/4781 1395/1542/4782 
f 1383/1531/4783 1367/1514/4784 1335/1482/4785 1390/1537/4786 
f 1398/1545/4787 1399/1544/4788 1396/1543/4789 1397/1546/4790 
f 1402/1549/4791 1403/1548/4792 1400/1547/4793 1401/1550/4794 
f 1397/1546/4795 1396/1543/4796 1404/1551/4797 1405/1552/4798 
f 1406/1554/4799 1407/1553/4800 1399/1544/4801 1398/1545/4802 
f 1410/1557/4803 1411/1556/4804 1408/1555/4805 1409/1558/4806 
f 1401/1550/4807 1400/1547/4808 1412/1559/4809 1413/1560/4810 
f 1414/1562/4811 1415/1561/4812 1403/1548/4813 1402/1549/4814 
f 1418/1565/4815 1419/1564/4816 1416/1563/4817 1417/1566/4818 
f 1420/1568/4819 1421/1567/4820 1419/1564/4821 1418/1565/4822 
f 1413/1560/4823 1412/1559/4824 1411/1556/4825 1410/1557/4826 
f 1422/1570/4827 1423/1569/4828 1407/1553/4829 1406/1554/4830 
f 1405/1552/4831 1404/1551/4832 1424/1571/4833 1425/1572/4834 
f 1428/1575/4835 1429/1574/4836 1426/1573/4837 1427/1576/4838 
f 1430/1578/4839 1431/1577/4840 1415/1561/4841 1414/1562/4842 
f 1420/1568/4843 203/224/4844 202/223/4845 1421/1567/4846 
f 1432/1580/4847 1433/1579/4848 1429/1574/4849 1428/1575/4850 
f 1417/1566/4851 1416/1563/4852 1431/1577/4853 1430/1578/4854 
f 1425/1572/4855 1424/1571/4856 1433/1579/4857 1432/1580/4858 
f 1409/1558/4859 1408/1555/4860 1423/1569/4861 1422/1570/4862 
f 1399/1544/4863 1435/1582/4864 1434/1581/4865 1396/1543/4866 
f 1403/1548/4867 1437/1584/4868 1436/1583/4869 1400/1547/4870 
f 1396/1543/4871 1434/1581/4872 1438/1585/4873 1404/1551/4874 
f 1407/1553/4875 1439/1586/4876 1435/1582/4877 1399/1544/4878 
f 1411/1556/4879 1441/1588/4880 1440/1587/4881 1408/1555/4882 
f 1400/1547/4883 1436/1583/4884 1442/1589/4885 1412/1559/4886 
f 1415/1561/4887 1443/1590/4888 1437/1584/4889 1403/1548/4890 
f 1419/1564/4891 1445/1592/4892 1444/1591/4893 1416/1563/4894 
f 1421/1567/4895 1446/1593/4896 1445/1592/4897 1419/1564/4898 
f 1412/1559/4899 1442/1589/4900 1441/1588/4901 1411/1556/4902 
f 1423/1569/4903 1447/1594/4904 1439/1586/4905 1407/1553/4906 
f 1404/1551/4907 1438/1585/4908 1448/1595/4909 1424/1571/4910 
f 1429/1574/4911 1450/1597/4912 1449/1596/4913 1426/1573/4914 
f 1431/1577/4915 1451/1598/4916 1443/1590/4917 1415/1561/4918 
f 1421/1567/4919 202/223/4920 224/245/4921 1446/1593/4922 
f 1433/1579/4923 1452/1599/4924 1450/1597/4925 1429/1574/4926 
f 1416/1563/4927 1444/1591/4928 1451/1598/4929 1431/1577/4930 
f 1424/1571/4931 1448/1595/4932 1452/1599/4933 1433/1579/4934 
f 1408/1555/4935 1440/1587/4936 1447/1594/4937 1423/1569/4938 
f 1323/1464/4939 1453/1600/4940 1304/1432/4941 1307/1433/4942 
f 1322/1461/4943 1364/1510/4944 1454/1601/4945 1321/1460/4946 
f 1305/1435/4947 1363/1511/4948 1313/1445/4949 1306/1434/4950 
f 1325/1468/4951 1366/1512/4952 1455/1602/4953 1324/1467/4954 
f 1301/1429/4955 1365/1513/4956 1312/1442/4957 1300/1428/4958 
f 1301/1429/4959 1243/1371/4960 1456/1603/4961 1263/1389/4962 
f 1324/1467/4963 1455/1602/4964 1457/1604/4965 1326/1473/4966 
f 1254/1382/4967 1305/1435/4968 1304/1432/4969 1245/1375/4970 
f 1321/1460/4971 1454/1601/4972 1458/1605/4973 1319/1456/4974 
f 1458/1605/4975 1329/1477/4976 1320/1459/4977 1319/1456/4978 
f 1330/1476/4979 1329/1477/4980 1328/1475/4981 1459/1606/4982 
f 1331/1478/4983 1330/1476/4984 1459/1606/4985 1460/1607/4986 
f 1462/1608/4987 1333/1479/4988 1332/1480/4989 1461/1609/4990 
f 1463/1610/4991 1334/1481/4992 1333/1479/4993 1462/1608/4994 
f 1326/1473/4995 1457/1604/4996 1453/1600/4997 1323/1464/4998 
f 1364/1510/4999 1363/1511/5000 1253/1383/5001 1250/1378/5002 
f 1366/1512/5003 1365/1513/5004 1262/1390/5005 1258/1386/5006 
f 1332/1480/5007 1331/1478/5008 1460/1607/5009 1461/1609/5010 
f 1453/1600/5011 1246/1374/5012 1245/1375/5013 1304/1432/5014 
f 1364/1510/5015 1250/1378/5016 1249/1379/5017 1454/1601/5018 
f 1305/1435/5019 1254/1382/5020 1253/1383/5021 1363/1511/5022 
f 1366/1512/5023 1258/1386/5024 1257/1387/5025 1455/1602/5026 
f 1263/1389/5027 1262/1390/5028 1365/1513/5029 1301/1429/5030 
f 1455/1602/5031 1257/1387/5032 1303/1431/5033 1457/1604/5034 
f 1454/1601/5035 1249/1379/5036 1309/1437/5037 1458/1605/5038 
f 1309/1437/5039 1328/1475/5040 1329/1477/5041 1458/1605/5042 
f 1457/1604/5043 1303/1431/5044 1246/1374/5045 1453/1600/5046 
f 1263/1389/5047 1456/1603/5048 1464/1611/5049 1260/1388/5050 
f 1255/1381/5051 1254/1382/5052 1245/1375/5053 1244/1372/5054 
f 1459/1606/5055 1328/1475/5056 1327/1474/5057 1465/1612/5058 
f 1460/1607/5059 1459/1606/5060 1465/1612/5061 1466/1613/5062 
f 1468/1614/5063 1462/1608/5064 1461/1609/5065 1467/1615/5066 
f 1469/1616/5067 1463/1610/5068 1462/1608/5069 1468/1614/5070 
f 1250/1378/5071 1253/1383/5072 1252/1380/5073 1251/1377/5074 
f 1258/1386/5075 1262/1390/5076 1261/1391/5077 1259/1385/5078 
f 1461/1609/5079 1460/1607/5080 1466/1613/5081 1467/1615/5082 
f 1435/1582/5083 1378/1524/5084 1377/1525/5085 1434/1581/5086 
f 1437/1584/5087 1380/1526/5088 1379/1527/5089 1436/1583/5090 
f 1377/1525/5091 1381/1528/5092 1438/1585/5093 1434/1581/5094 
f 1439/1586/5095 1382/1529/5096 1378/1524/5097 1435/1582/5098 
f 1441/1588/5099 1384/1530/5100 1383/1531/5101 1440/1587/5102 
f 1436/1583/5103 1379/1527/5104 1385/1532/5105 1442/1589/5106 
f 1443/1590/5107 1386/1533/5108 1380/1526/5109 1437/1584/5110 
f 1388/1534/5111 1387/1535/5112 1444/1591/5113 1445/1592/5114 
f 1389/1536/5115 1388/1534/5116 1445/1592/5117 1446/1593/5118 
f 1442/1589/5119 1385/1532/5120 1384/1530/5121 1441/1588/5122 
f 1447/1594/5123 1390/1537/5124 1382/1529/5125 1439/1586/5126 
f 1381/1528/5127 1391/1538/5128 1448/1595/5129 1438/1585/5130 
f 1450/1597/5131 1393/1539/5132 1392/1540/5133 1449/1596/5134 
f 1451/1598/5135 1394/1541/5136 1386/1533/5137 1443/1590/5138 
f 1446/1593/5139 224/245/5140 164/185/5141 1389/1536/5142 
f 1452/1599/5143 1395/1542/5144 1393/1539/5145 1450/1597/5146 
f 1387/1535/5147 1394/1541/5148 1451/1598/5149 1444/1591/5150 
f 1448/1595/5151 1391/1538/5152 1395/1542/5153 1452/1599/5154 
f 1440/1587/5155 1383/1531/5156 1390/1537/5157 1447/1594/5158 
f 1398/1545/5159 1397/1546/5160 1470/1617/5161 1471/1618/5162 
f 1402/1549/5163 1401/1550/5164 1472/1619/5165 1473/1620/5166 
f 1397/1546/5167 1405/1552/5168 1474/1621/5169 1470/1617/5170 
f 1406/1554/5171 1398/1545/5172 1471/1618/5173 1475/1622/5174 
f 1410/1557/5175 1409/1558/5176 1476/1623/5177 1477/1624/5178 
f 1401/1550/5179 1413/1560/5180 1478/1625/5181 1472/1619/5182 
f 1414/1562/5183 1402/1549/5184 1473/1620/5185 1479/1626/5186 
f 1418/1565/5187 1417/1566/5188 1480/1627/5189 1481/1628/5190 
f 1420/1568/5191 1418/1565/5192 1481/1628/5193 1482/1629/5194 
f 1413/1560/5195 1410/1557/5196 1477/1624/5197 1478/1625/5198 
f 1422/1570/5199 1406/1554/5200 1475/1622/5201 1483/1630/5202 
f 1405/1552/5203 1425/1572/5204 1484/1631/5205 1474/1621/5206 
f 1428/1575/5207 1427/1576/5208 1485/1632/5209 1486/1633/5210 
f 1430/1578/5211 1414/1562/5212 1479/1626/5213 1487/1634/5214 
f 261/282/5215 203/224/5216 1420/1568/5217 1482/1629/5218 
f 1432/1580/5219 1428/1575/5220 1486/1633/5221 1488/1635/5222 
f 1417/1566/5223 1430/1578/5224 1487/1634/5225 1480/1627/5226 
f 1425/1572/5227 1432/1580/5228 1488/1635/5229 1484/1631/5230 
f 1409/1558/5231 1422/1570/5232 1483/1630/5233 1476/1623/5234 
f 264/285/5235 1561/1706/5236 1489/1636/5237 1490/1637/5238 
f 1492/1638/5239 1490/1637/5240 1489/1636/5241 1491/1639/5242 
f 1494/1640/5243 1492/1638/5244 1491/1639/5245 1493/1641/5246 
f 1496/1642/5247 1494/1640/5248 1493/1641/5249 1495/1643/5250 
f 1498/1644/5251 1496/1642/5252 1495/1643/5253 1497/1645/5254 
f 1500/1646/5255 1498/1644/5256 1497/1645/5257 1499/1647/5258 
f 1502/1648/5259 1500/1646/5260 1499/1647/5261 1501/1649/5262 
f 1504/1650/5263 1502/1648/5264 1501/1649/5265 1503/1651/5266 
f 1504/1650/5267 1503/1651/5268 1505/1652/5269 1506/1653/5270 
s 2
f 1509/1656/5271 1510/1655/5272 1507/1654/5273 1508/1657/5274 
s 1
f 1511/1658/5275 1522/1669/5276 264/285/5277 1490/1637/5278 
f 1511/1658/5279 1490/1637/5280 1492/1638/5281 1512/1659/5282 
f 1512/1659/5283 1492/1638/5284 1494/1640/5285 1513/1660/5286 
f 1513/1660/5287 1494/1640/5288 1496/1642/5289 1514/1661/5290 
f 1515/1662/5291 1514/1661/5292 1496/1642/5293 1498/1644/5294 
f 1516/1663/5295 1515/1662/5296 1498/1644/5297 1500/1646/5298 
f 1517/1664/5299 1516/1663/5300 1500/1646/5301 1502/1648/5302 
f 1518/1665/5303 1517/1664/5304 1502/1648/5305 1504/1650/5306 
f 1519/1666/5307 1518/1665/5308 1504/1650/5309 1506/1653/5310 
s 2
f 1521/1667/5311 1509/1656/5312 1508/1657/5313 1520/1668/5314 
s 1
f 1523/1670/5315 1522/1669/5316 1511/1658/5317 1512/1659/5318 
f 1524/1671/5319 1523/1670/5320 1512/1659/5321 1513/1660/5322 
f 1525/1672/5323 1524/1671/5324 1513/1660/5325 1514/1661/5326 
f 1527/1673/5327 1518/1665/5328 1519/1666/5329 1526/1674/5330 
s 2
f 1529/1675/5331 1521/1667/5332 1520/1668/5333 1528/1676/5334 
s 1
f 306/327/5335 305/326/5336 1522/1669/5337 1523/1670/5338 
f 306/327/5339 1523/1670/5340 1524/1671/5341 307/328/5342 
f 1525/1672/5343 308/329/5344 307/328/5345 1524/1671/5346 
f 309/330/5347 1527/1673/5348 1526/1674/5349 310/331/5350 
s 2
f 312/333/5351 311/332/5352 1529/1675/5353 1528/1676/5354 
s 1
f 1530/1365/5355 1531/1366/5356 1532/1367/5357 
f 1514/1661/5358 1515/1662/5359 1533/1677/5360 1534/1678/5361 
f 1525/1672/5362 1514/1661/5363 1534/1678/5364 1535/1679/5365 
f 308/329/5366 1525/1672/5367 1535/1679/5368 316/337/5369 
f 1537/1680/5370 1518/1665/5371 1527/1673/5372 1536/1681/5373 
f 1517/1664/5374 1518/1665/5375 1537/1680/5376 1538/1682/5377 
f 1539/1683/5378 1516/1663/5379 1517/1664/5380 1538/1682/5381 
f 1533/1677/5382 1515/1662/5383 1516/1663/5384 1539/1683/5385 
f 1542/1686/5386 1543/1685/5387 1540/1684/5388 1541/1687/5389 
f 1545/1688/5390 1542/1686/5391 1541/1687/5392 1544/1689/5393 
f 327/348/5394 1545/1688/5395 1544/1689/5396 328/349/5397 
f 1548/1692/5398 1549/1691/5399 1546/1690/5400 1547/1693/5401 
f 1551/1694/5402 1548/1692/5403 1547/1693/5404 1550/1695/5405 
f 1553/1696/5406 1551/1694/5407 1550/1695/5408 1552/1697/5409 
f 1543/1685/5410 1553/1696/5411 1552/1697/5412 1540/1684/5413 
f 1555/1698/5414 1541/1687/5415 1540/1684/5416 1554/1699/5417 
f 1556/1700/5418 1544/1689/5419 1541/1687/5420 1555/1698/5421 
f 1558/1701/5422 1547/1693/5423 1546/1690/5424 1557/1702/5425 
f 1559/1703/5426 1550/1695/5427 1547/1693/5428 1558/1701/5429 
f 1560/1704/5430 1552/1697/5431 1550/1695/5432 1559/1703/5433 
f 1554/1699/5434 1540/1684/5435 1552/1697/5436 1560/1704/5437 
f 1543/1685/5438 1542/1686/5439 1534/1678/5440 1533/1677/5441 
f 1542/1686/5442 1545/1688/5443 1535/1679/5444 1534/1678/5445 
f 1548/1692/5446 1537/1680/5447 1536/1681/5448 1549/1691/5449 
f 1548/1692/5450 1551/1694/5451 1538/1682/5452 1537/1680/5453 
f 1553/1696/5454 1539/1683/5455 1538/1682/5456 1551/1694/5457 
f 1543/1685/5458 1533/1677/5459 1539/1683/5460 1553/1696/5461 
f 1562/1705/5462 1491/1639/5463 1489/1636/5464 1561/1706/5465 
f 1563/1707/5466 1493/1641/5467 1491/1639/5468 1562/1705/5469 
f 1564/1708/5470 1495/1643/5471 1493/1641/5472 1563/1707/5473 
f 1565/1709/5474 1497/1645/5475 1495/1643/5476 1564/1708/5477 
f 1566/1710/5478 1499/1647/5479 1497/1645/5480 1565/1709/5481 
f 1567/1711/5482 1501/1649/5483 1499/1647/5484 1566/1710/5485 
f 1568/1712/5486 1503/1651/5487 1501/1649/5488 1567/1711/5489 
f 1505/1652/5490 1503/1651/5491 1568/1712/5492 1569/1713/5493 
s 2
f 1507/1654/5494 1510/1655/5495 1570/1714/5496 1571/1715/5497 
s 1
f 1573/1716/5498 1562/1705/5499 1561/1706/5500 1572/1717/5501 
f 1574/1718/5502 1563/1707/5503 1562/1705/5504 1573/1716/5505 
f 1575/1719/5506 1564/1708/5507 1563/1707/5508 1574/1718/5509 
f 1576/1720/5510 1565/1709/5511 1564/1708/5512 1575/1719/5513 
f 1577/1721/5514 1566/1710/5515 1565/1709/5516 1576/1720/5517 
f 1578/1722/5518 1567/1711/5519 1566/1710/5520 1577/1721/5521 
f 1579/1723/5522 1568/1712/5523 1567/1711/5524 1578/1722/5525 
f 1580/1724/5526 1569/1713/5527 1568/1712/5528 1579/1723/5529 
s 2
f 1571/1715/5530 1570/1714/5531 1581/1725/5532 1582/1726/5533 
s 1
f 1573/1716/5534 1572/1717/5535 1583/1727/5536 1584/1728/5537 
f 1574/1718/5538 1573/1716/5539 1584/1728/5540 1585/1729/5541 
f 1586/1730/5542 1575/1719/5543 1574/1718/5544 1585/1729/5545 
f 1580/1724/5546 1579/1723/5547 1587/1731/5548 1588/1732/5549 
s 2
f 1582/1726/5550 1581/1725/5551 1589/1733/5552 1590/1734/5553 
s 1
f 1592/1735/5554 1576/1720/5555 1575/1719/5556 1591/1736/5557 
f 1591/1736/5558 1575/1719/5559 1586/1730/5560 1593/1737/5561 
f 1594/1739/5562 1595/1738/5563 1587/1731/5564 1579/1723/5565 
f 1594/1739/5566 1579/1723/5567 1578/1722/5568 1596/1740/5569 
f 1597/1741/5570 1596/1740/5571 1578/1722/5572 1577/1721/5573 
f 1592/1735/5574 1597/1741/5575 1577/1721/5576 1576/1720/5577 
f 1600/1744/5578 1601/1743/5579 1598/1742/5580 1599/1745/5581 
f 1599/1745/5582 1598/1742/5583 1602/1746/5584 1603/1747/5585 
f 1605/1748/5586 388/409/5587 387/408/5588 1604/1749/5589 
f 1605/1748/5590 1604/1749/5591 1606/1750/5592 1607/1751/5593 
f 1607/1751/5594 1606/1750/5595 1608/1752/5596 1609/1753/5597 
f 1609/1753/5598 1608/1752/5599 1610/1754/5600 1611/1755/5601 
f 1600/1744/5602 1611/1755/5603 1610/1754/5604 1601/1743/5605 
f 1601/1743/5606 1592/1735/5607 1591/1736/5608 1598/1742/5609 
f 1598/1742/5610 1591/1736/5611 1593/1737/5612 1602/1746/5613 
f 397/418/5614 1595/1738/5615 1604/1749/5616 387/408/5617 
f 1595/1738/5618 1594/1739/5619 1606/1750/5620 1604/1749/5621 
f 1606/1750/5622 1594/1739/5623 1596/1740/5624 1608/1752/5625 
f 1596/1740/5626 1597/1741/5627 1610/1754/5628 1608/1752/5629 
f 1597/1741/5630 1592/1735/5631 1601/1743/5632 1610/1754/5633 
f 1614/1758/5634 1615/1757/5635 1612/1756/5636 1613/1759/5637 
f 1613/1759/5638 1612/1756/5639 1616/1760/5640 1617/1761/5641 
f 406/427/5642 405/426/5643 1618/1762/5644 1619/1763/5645 
f 1619/1763/5646 1618/1762/5647 1620/1764/5648 1621/1765/5649 
f 1621/1765/5650 1620/1764/5651 1622/1766/5652 1623/1767/5653 
f 1623/1767/5654 1622/1766/5655 1624/1768/5656 1625/1769/5657 
f 1625/1769/5658 1624/1768/5659 1615/1757/5660 1614/1758/5661 
f 1628/1772/5662 1629/1771/5663 1626/1770/5664 1627/1773/5665 
f 1612/1756/5666 1615/1757/5667 1630/1774/5668 1631/1775/5669 
f 1627/1773/5670 1626/1770/5671 1632/1776/5672 1633/1777/5673 
f 1616/1760/5674 1612/1756/5675 1631/1775/5676 1634/1778/5677 
f 425/446/5678 424/445/5679 1635/1779/5680 1636/1780/5681 
f 1636/1780/5682 1635/1779/5683 1637/1781/5684 1638/1782/5685 
f 1620/1764/5686 1618/1762/5687 1639/1783/5688 1640/1784/5689 
f 1638/1782/5690 1637/1781/5691 1641/1785/5692 1642/1786/5693 
f 1622/1766/5694 1620/1764/5695 1640/1784/5696 1643/1787/5697 
f 1642/1786/5698 1641/1785/5699 1644/1788/5700 1645/1789/5701 
f 1624/1768/5702 1622/1766/5703 1643/1787/5704 1646/1790/5705 
f 1645/1789/5706 1644/1788/5707 1629/1771/5708 1628/1772/5709 
f 1615/1757/5710 1624/1768/5711 1646/1790/5712 1630/1774/5713 
f 437/458/5714 1616/1760/5715 1634/1778/5716 438/459/5717 
f 1506/1653/5718 1505/1652/5719 1647/1791/5720 1648/1792/5721 
f 1649/1793/5722 1519/1666/5723 1506/1653/5724 1648/1792/5725 
f 1526/1674/5726 1519/1666/5727 1649/1793/5728 1650/1794/5729 
f 310/331/5730 1526/1674/5731 1650/1794/5732 443/464/5733 
f 1505/1652/5734 1569/1713/5735 1651/1795/5736 1647/1791/5737 
f 1569/1713/5738 1580/1724/5739 1652/1796/5740 1651/1795/5741 
f 1652/1796/5742 1580/1724/5743 1588/1732/5744 1653/1797/5745 
f 1656/1800/5746 1657/1799/5747 1654/1798/5748 1655/1801/5749 
f 1658/1803/5750 1659/1802/5751 1654/1798/5752 1657/1799/5753 
f 1662/1806/5754 1663/1805/5755 1660/1804/5756 1661/1807/5757 
f 1664/1809/5758 1665/1808/5759 1663/1805/5760 1662/1806/5761 
f 1666/1811/5762 1667/1810/5763 1665/1808/5764 1664/1809/5765 
f 1666/1811/5766 1656/1800/5767 1655/1801/5768 1667/1810/5769 
f 1658/1803/5770 462/483/5771 461/482/5772 1659/1802/5773 
f 1670/1814/5774 1671/1813/5775 1668/1812/5776 1669/1815/5777 
f 1672/1817/5778 1673/1816/5779 1671/1813/5780 1670/1814/5781 
f 1676/1820/5782 1677/1819/5783 1674/1818/5784 1675/1821/5785 
f 1678/1823/5786 1679/1822/5787 1677/1819/5788 1676/1820/5789 
f 1680/1825/5790 1681/1824/5791 1679/1822/5792 1678/1823/5793 
f 1669/1815/5794 1668/1812/5795 1681/1824/5796 1680/1825/5797 
f 1672/1817/5798 478/499/5799 477/498/5800 1673/1816/5801 
s 2
f 1684/1828/5802 1685/1827/5803 1682/1826/5804 1683/1829/5805 
f 1685/1827/5806 1687/1831/5807 1686/1830/5808 1682/1826/5809 
f 487/508/5810 486/507/5811 1688/1832/5812 1689/1833/5813 
f 1688/1832/5814 1691/1835/5815 1690/1834/5816 1689/1833/5817 
f 1691/1835/5818 1693/1836/5819 1692/1837/5820 1690/1834/5821 
f 1693/1836/5822 1695/1839/5823 1694/1838/5824 1692/1837/5825 
f 1695/1839/5826 1684/1828/5827 1683/1829/5828 1694/1838/5829 
s 1
f 1697/1840/5830 496/517/5831 495/516/5832 1696/1841/5833 
s 2
f 1699/1842/5834 500/521/5835 499/520/5836 1698/1843/5837 
s 1
f 1701/1844/5838 504/525/5839 503/524/5840 1700/1845/5841 
s 2
f 1703/1846/5842 508/529/5843 507/528/5844 1702/1847/5845 
f 1705/1848/5846 512/533/5847 511/532/5848 1704/1849/5849 
f 1707/1850/5850 516/537/5851 515/536/5852 1706/1851/5853 
f 1709/1852/5854 520/541/5855 519/540/5856 1708/1853/5857 
s 1
f 1697/1840/5858 1696/1841/5859 1710/1854/5860 1711/1855/5861 
s 2
f 1699/1842/5862 1698/1843/5863 1712/1856/5864 1713/1857/5865 
f 1716/1860/5866 1717/1859/5867 1714/1858/5868 1715/1861/5869 
f 1718/1862/5870 1700/1845/5871 1717/1859/5872 1716/1860/5873 
s 1
f 1701/1844/5874 1700/1845/5875 1718/1862/5876 1719/1863/5877 
s 2
f 1703/1846/5878 1702/1847/5879 1720/1864/5880 1721/1865/5881 
f 1705/1848/5882 1704/1849/5883 1722/1866/5884 1723/1867/5885 
f 1726/1870/5886 1727/1869/5887 1724/1868/5888 1725/1871/5889 
f 1728/1872/5890 1706/1851/5891 1727/1869/5892 1726/1870/5893 
f 1707/1850/5894 1706/1851/5895 1728/1872/5896 1729/1873/5897 
f 1709/1852/5898 1708/1853/5899 1730/1874/5900 1731/1875/5901 
s 1
f 1711/1855/5902 1710/1854/5903 1732/1876/5904 1733/1877/5905 
s 2
f 1713/1857/5906 1712/1856/5907 1734/1878/5908 1735/1879/5909 
f 1737/1880/5910 1716/1860/5911 1715/1861/5912 1736/1881/5913 
f 1738/1882/5914 1718/1862/5915 1716/1860/5916 1737/1880/5917 
s 1
f 1719/1863/5918 1718/1862/5919 1738/1882/5920 1739/1883/5921 
s 2
f 1721/1865/5922 1720/1864/5923 1740/1884/5924 1741/1885/5925 
f 1723/1867/5926 1722/1866/5927 1742/1886/5928 1743/1887/5929 
f 1745/1888/5930 1726/1870/5931 1725/1871/5932 1744/1889/5933 
f 1746/1890/5934 1728/1872/5935 1726/1870/5936 1745/1888/5937 
f 1729/1873/5938 1728/1872/5939 1746/1890/5940 1747/1891/5941 
f 1731/1875/5942 1730/1874/5943 1748/1892/5944 1749/1893/5945 
s 1
f 1733/1877/5946 1732/1876/5947 1750/1894/5948 1751/1895/5949 
s 2
f 1735/1879/5950 1734/1878/5951 1752/1896/5952 1753/1897/5953 
f 1755/1898/5954 1737/1880/5955 1736/1881/5956 1754/1899/5957 
f 1756/1900/5958 1738/1882/5959 1737/1880/5960 1755/1898/5961 
s 1
f 1739/1883/5962 1738/1882/5963 1756/1900/5964 1757/1901/5965 
s 2
f 1741/1885/5966 1740/1884/5967 1758/1902/5968 1759/1903/5969 
f 1743/1887/5970 1742/1886/5971 1760/1904/5972 1761/1905/5973 
f 1763/1906/5974 1745/1888/5975 1744/1889/5976 1762/1907/5977 
f 1764/1908/5978 1746/1890/5979 1745/1888/5980 1763/1906/5981 
f 1747/1891/5982 1746/1890/5983 1764/1908/5984 1765/1909/5985 
f 1749/1893/5986 1748/1892/5987 1766/1910/5988 1767/1911/5989 
s 1
f 1751/1895/5990 1750/1894/5991 1768/1912/5992 1769/1913/5993 
s 2
f 1753/1897/5994 1752/1896/5995 1770/1914/5996 1771/1915/5997 
f 1773/1916/5998 1755/1898/5999 1754/1899/6000 1772/1917/6001 
f 1774/1918/6002 1756/1900/6003 1755/1898/6004 1773/1916/6005 
s 1
f 1757/1901/6006 1756/1900/6007 1774/1918/6008 1775/1919/6009 
s 2
f 1759/1903/6010 1758/1902/6011 1776/1920/6012 1777/1921/6013 
f 1761/1905/6014 1760/1904/6015 1778/1922/6016 1779/1923/6017 
f 1781/1924/6018 1763/1906/6019 1762/1907/6020 1780/1925/6021 
f 1782/1926/6022 1764/1908/6023 1763/1906/6024 1781/1924/6025 
f 1765/1909/6026 1764/1908/6027 1782/1926/6028 1783/1927/6029 
f 1767/1911/6030 1766/1910/6031 1784/1928/6032 1785/1929/6033 
s 1
f 1769/1913/6034 1768/1912/6035 1786/1930/6036 1787/1931/6037 
s 2
f 1771/1915/6038 1770/1914/6039 1788/1932/6040 1789/1933/6041 
f 1791/1934/6042 1773/1916/6043 1772/1917/6044 1790/1935/6045 
f 1792/1936/6046 1774/1918/6047 1773/1916/6048 1791/1934/6049 
s 1
f 1775/1919/6050 1774/1918/6051 1792/1936/6052 1793/1937/6053 
s 2
f 1777/1921/6054 1776/1920/6055 1794/1938/6056 1795/1939/6057 
f 1779/1923/6058 1778/1922/6059 1796/1940/6060 1797/1941/6061 
f 1799/1942/6062 1781/1924/6063 1780/1925/6064 1798/1943/6065 
f 1800/1944/6066 1782/1926/6067 1781/1924/6068 1799/1942/6069 
f 1783/1927/6070 1782/1926/6071 1800/1944/6072 1801/1945/6073 
f 1785/1929/6074 1784/1928/6075 1802/1946/6076 1803/1947/6077 
s 1
f 1787/1931/6078 1786/1930/6079 1804/1948/6080 1805/1949/6081 
s 2
f 1789/1933/6082 1788/1932/6083 1806/1950/6084 1807/1951/6085 
f 1809/1952/6086 1791/1934/6087 1790/1935/6088 1808/1953/6089 
f 1810/1954/6090 1792/1936/6091 1791/1934/6092 1809/1952/6093 
s 1
f 1793/1937/6094 1792/1936/6095 1810/1954/6096 1811/1955/6097 
s 2
f 1795/1939/6098 1794/1938/6099 1812/1956/6100 1813/1957/6101 
f 1797/1941/6102 1796/1940/6103 1814/1958/6104 1815/1959/6105 
f 1817/1960/6106 1799/1942/6107 1798/1943/6108 1816/1961/6109 
f 1818/1962/6110 1800/1944/6111 1799/1942/6112 1817/1960/6113 
f 1801/1945/6114 1800/1944/6115 1818/1962/6116 1819/1963/6117 
f 1803/1947/6118 1802/1946/6119 1820/1964/6120 1821/1965/6121 
f 636/657/6122 635/656/6123 1809/1952/6124 1808/1953/6125 
f 635/656/6126 637/658/6127 1810/1954/6128 1809/1952/6129 
f 639/660/6130 638/659/6131 1817/1960/6132 1816/1961/6133 
f 638/659/6134 640/661/6135 1818/1962/6136 1817/1960/6137 
f 1824/1968/6138 1825/1967/6139 1822/1966/6140 1823/1969/6141 
f 1823/1969/6142 1822/1966/6143 1826/1970/6144 1827/1971/6145 
f 1829/1972/6146 648/669/6147 647/668/6148 1828/1973/6149 
f 1829/1972/6150 1828/1973/6151 1830/1974/6152 1831/1975/6153 
f 1831/1975/6154 1830/1974/6155 1832/1976/6156 1833/1977/6157 
f 1833/1977/6158 1832/1976/6159 1834/1978/6160 1835/1979/6161 
f 1824/1968/6162 1835/1979/6163 1834/1978/6164 1825/1967/6165 
s 1
f 1836/1981/6166 1837/1980/6167 1822/1966/6168 1825/1967/6169 
f 1837/1980/6170 1838/1982/6171 1826/1970/6172 1822/1966/6173 
f 661/682/6174 1839/1983/6175 1828/1973/6176 647/668/6177 
f 1839/1983/6178 1840/1984/6179 1830/1974/6180 1828/1973/6181 
f 1840/1984/6182 1841/1985/6183 1832/1976/6184 1830/1974/6185 
f 1841/1985/6186 1842/1986/6187 1834/1978/6188 1832/1976/6189 
f 1842/1986/6190 1836/1981/6191 1825/1967/6192 1834/1978/6193 
s 2
f 1824/1968/6194 1823/1969/6195 1843/1987/6196 1844/1990/6197 
f 1823/1969/6198 1827/1971/6199 1845/1993/6200 1843/1987/6201 
f 668/689/6202 648/669/6203 1829/1972/6204 1846/1997/6205 
f 1846/1997/6206 1829/1972/6207 1831/1975/6208 1847/2000/6209 
f 1831/1975/6210 1833/1977/6211 1848/2003/6212 1847/2000/6213 
f 1848/2003/6214 1833/1977/6215 1835/1979/6216 1849/2006/6217 
f 1835/1979/6218 1824/1968/6219 1844/1990/6220 1849/2006/6221 
s 1
f 1648/1792/6222 1647/1791/6223 1510/1655/6224 1509/1656/6225 
f 1649/1793/6226 1648/1792/6227 1509/1656/6228 1521/1667/6229 
f 1650/1794/6230 1649/1793/6231 1521/1667/6232 1529/1675/6233 
f 311/332/6234 443/464/6235 1650/1794/6236 1529/1675/6237 
f 1647/1791/6238 1651/1795/6239 1570/1714/6240 1510/1655/6241 
f 1651/1795/6242 1652/1796/6243 1581/1725/6244 1570/1714/6245 
f 1652/1796/6246 1653/1797/6247 1589/1733/6248 1581/1725/6249 
s 2
f 1508/1657/6250 1507/1654/6251 1850/2009/6252 1851/2012/6253 
f 1520/1668/6254 1508/1657/6255 1851/2012/6256 1852/2015/6257 
f 1528/1676/6258 1520/1668/6259 1852/2015/6260 1853/2018/6261 
f 677/698/6262 312/333/6263 1528/1676/6264 1853/2018/6265 
f 1507/1654/6266 1571/1715/6267 1854/2022/6268 1850/2009/6269 
f 1571/1715/6270 1582/1726/6271 1855/2025/6272 1854/2022/6273 
f 1582/1726/6274 1590/1734/6275 1856/2028/6276 1855/2025/6277 
s 1
f 1857/1368/6278 2317/2551/6279 2318/1369/6280 
f 1858/2032/6281 1859/2031/6282 1837/1980/6283 1836/1981/6284 
f 1837/1980/6285 1859/2031/6286 1860/2033/6287 1838/1982/6288 
f 685/706/6289 1861/2034/6290 1839/1983/6291 661/682/6292 
f 1861/2034/6293 1862/2035/6294 1840/1984/6295 1839/1983/6296 
f 1862/2035/6297 1863/2036/6298 1841/1985/6299 1840/1984/6300 
f 1863/2036/6301 1864/2037/6302 1842/1986/6303 1841/1985/6304 
f 1864/2037/6305 1858/2032/6306 1836/1981/6307 1842/1986/6308 
f 1670/1814/6309 1669/1815/6310 1683/1829/6311 1682/1826/6312 
f 1672/1817/6313 1670/1814/6314 1682/1826/6315 1686/1830/6316 
f 1676/1820/6317 1675/1821/6318 1689/1833/6319 1690/1834/6320 
f 1678/1823/6321 1676/1820/6322 1690/1834/6323 1692/1837/6324 
f 1680/1825/6325 1678/1823/6326 1692/1837/6327 1694/1838/6328 
f 1669/1815/6329 1680/1825/6330 1694/1838/6331 1683/1829/6332 
f 689/710/6333 478/499/6334 1672/1817/6335 1686/1830/6336 
f 1865/2039/6337 1866/2038/6338 1668/1812/6339 1671/1813/6340 
f 1867/2040/6341 1865/2039/6342 1671/1813/6343 1673/1816/6344 
f 1868/2042/6345 1869/2041/6346 1674/1818/6347 1677/1819/6348 
f 1870/2043/6349 1868/2042/6350 1677/1819/6351 1679/1822/6352 
f 1681/1824/6353 1871/2044/6354 1870/2043/6355 1679/1822/6356 
f 1866/2038/6357 1871/2044/6358 1681/1824/6359 1668/1812/6360 
f 477/498/6361 697/718/6362 1867/2040/6363 1673/1816/6364 
f 1657/1799/6365 1656/1800/6366 1866/2038/6367 1865/2039/6368 
f 1658/1803/6369 1657/1799/6370 1865/2039/6371 1867/2040/6372 
f 1662/1806/6373 1661/1807/6374 1869/2041/6375 1868/2042/6376 
f 1664/1809/6377 1662/1806/6378 1868/2042/6379 1870/2043/6380 
f 1871/2044/6381 1666/1811/6382 1664/1809/6383 1870/2043/6384 
f 1656/1800/6385 1666/1811/6386 1871/2044/6387 1866/2038/6388 
f 697/718/6389 462/483/6390 1658/1803/6391 1867/2040/6392 
f 1555/1698/6393 1554/1699/6394 1655/2045/6395 1654/2046/6396 
f 1556/1700/6397 1555/1698/6398 1654/2046/6399 1659/2047/6400 
f 1558/1701/6401 1557/1702/6402 1660/2048/6403 1663/2049/6404 
f 1559/1703/6405 1558/1701/6406 1663/2049/6407 1665/2050/6408 
f 1560/1704/6409 1559/1703/6410 1665/2050/6411 1667/2051/6412 
f 1554/1699/6413 1560/1704/6414 1667/2051/6415 1655/2045/6416 
s 2
f 698/726/6417 520/541/6418 1709/1852/6419 1872/2052/6420 
f 1709/1852/6421 1731/1875/6422 1873/2053/6423 1872/2052/6424 
f 1731/1875/6425 1749/1893/6426 1874/2054/6427 1873/2053/6428 
f 1749/1893/6429 1767/1911/6430 1875/2055/6431 1874/2054/6432 
f 1767/1911/6433 1785/1929/6434 1876/2056/6435 1875/2055/6436 
f 1785/1929/6437 1803/1947/6438 1877/2057/6439 1876/2056/6440 
f 1803/1947/6441 1821/1965/6442 1878/2058/6443 1877/2057/6444 
f 519/540/6445 516/537/6446 1707/1850/6447 1708/1853/6448 
f 1707/1850/6449 1729/1873/6450 1730/1874/6451 1708/1853/6452 
f 1729/1873/6453 1747/1891/6454 1748/1892/6455 1730/1874/6456 
f 1747/1891/6457 1765/1909/6458 1766/1910/6459 1748/1892/6460 
f 1765/1909/6461 1783/1927/6462 1784/1928/6463 1766/1910/6464 
f 1783/1927/6465 1801/1945/6466 1802/1946/6467 1784/1928/6468 
f 1801/1945/6469 1819/1963/6470 1820/1964/6471 1802/1946/6472 
f 511/532/6473 707/735/6474 1879/2059/6475 1704/1849/6476 
f 1879/2059/6477 1880/2060/6478 1722/1866/6479 1704/1849/6480 
f 1880/2060/6481 1881/2061/6482 1742/1886/6483 1722/1866/6484 
f 1881/2061/6485 1882/2062/6486 1760/1904/6487 1742/1886/6488 
f 1882/2062/6489 1883/2063/6490 1778/1922/6491 1760/1904/6492 
f 1883/2063/6493 1884/2064/6494 1796/1940/6495 1778/1922/6496 
f 1884/2064/6497 1885/2065/6498 1814/1958/6499 1796/1940/6500 
f 707/735/6501 508/529/6502 1703/1846/6503 1879/2059/6504 
f 1703/1846/6505 1721/1865/6506 1880/2060/6507 1879/2059/6508 
f 1721/1865/6509 1741/1885/6510 1881/2061/6511 1880/2060/6512 
f 1741/1885/6513 1759/1903/6514 1882/2062/6515 1881/2061/6516 
f 1759/1903/6517 1777/1921/6518 1883/2063/6519 1882/2062/6520 
f 1777/1921/6521 1795/1939/6522 1884/2064/6523 1883/2063/6524 
f 1795/1939/6525 1813/1957/6526 1885/2065/6527 1884/2064/6528 
f 714/742/6529 512/533/6530 1705/1848/6531 1724/1868/6532 
f 1705/1848/6533 1723/1867/6534 1725/1871/6535 1724/1868/6536 
f 1723/1867/6537 1743/1887/6538 1744/1889/6539 1725/1871/6540 
f 1743/1887/6541 1761/1905/6542 1762/1907/6543 1744/1889/6544 
f 1761/1905/6545 1779/1923/6546 1780/1925/6547 1762/1907/6548 
f 1779/1923/6549 1797/1941/6550 1798/1943/6551 1780/1925/6552 
f 1797/1941/6553 1815/1959/6554 1816/1961/6555 1798/1943/6556 
s 1
f 507/528/6557 504/525/6558 1701/1844/6559 1702/1847/6560 
f 1701/1844/6561 1719/1863/6562 1720/1864/6563 1702/1847/6564 
f 1719/1863/6565 1739/1883/6566 1740/1884/6567 1720/1864/6568 
f 1739/1883/6569 1757/1901/6570 1758/1902/6571 1740/1884/6572 
f 1757/1901/6573 1775/1919/6574 1776/1920/6575 1758/1902/6576 
f 1775/1919/6577 1793/1937/6578 1794/1938/6579 1776/1920/6580 
f 1793/1937/6581 1811/1955/6582 1812/1956/6583 1794/1938/6584 
s 2
f 715/743/6585 500/521/6586 1699/1842/6587 1714/1858/6588 
f 1699/1842/6589 1713/1857/6590 1715/1861/6591 1714/1858/6592 
f 1713/1857/6593 1735/1879/6594 1736/1881/6595 1715/1861/6596 
f 1735/1879/6597 1753/1897/6598 1754/1899/6599 1736/1881/6600 
f 1753/1897/6601 1771/1915/6602 1772/1917/6603 1754/1899/6604 
f 1771/1915/6605 1789/1933/6606 1790/1935/6607 1772/1917/6608 
f 1789/1933/6609 1807/1951/6610 1808/1953/6611 1790/1935/6612 
s 1
f 499/520/6613 496/517/6614 1697/1840/6615 1698/1843/6616 
f 1697/1840/6617 1711/1855/6618 1712/1856/6619 1698/1843/6620 
f 1711/1855/6621 1733/1877/6622 1734/1878/6623 1712/1856/6624 
f 1733/1877/6625 1751/1895/6626 1752/1896/6627 1734/1878/6628 
f 1751/1895/6629 1769/1913/6630 1770/1914/6631 1752/1896/6632 
f 1769/1913/6633 1787/1931/6634 1788/1932/6635 1770/1914/6636 
f 1787/1931/6637 1805/1949/6638 1806/1950/6639 1788/1932/6640 
f 1887/2066/6641 717/745/6642 716/744/6643 1886/2067/6644 
f 1887/2066/6645 1886/2067/6646 1888/2068/6647 1889/2069/6648 
f 1889/2069/6649 1888/2068/6650 1890/2070/6651 1891/2071/6652 
f 1891/2071/6653 1890/2070/6654 1892/2072/6655 1893/2073/6656 
f 1893/2073/6657 1892/2072/6658 1894/2074/6659 1895/2075/6660 
f 1895/2075/6661 1894/2074/6662 1896/2076/6663 1897/2077/6664 
f 1897/2077/6665 1896/2076/6666 1898/2078/6667 1899/2079/6668 
s 2
f 1901/2080/6669 733/761/6670 732/760/6671 1900/2081/6672 
f 1901/2080/6673 1900/2081/6674 1902/2082/6675 1903/2083/6676 
f 1903/2083/6677 1902/2082/6678 1904/2084/6679 1905/2085/6680 
f 1905/2085/6681 1904/2084/6682 1906/2086/6683 1907/2087/6684 
f 1907/2087/6685 1906/2086/6686 1908/2088/6687 1909/2089/6688 
f 1909/2089/6689 1908/2088/6690 1910/2090/6691 1911/2091/6692 
f 1911/2091/6693 1910/2090/6694 1912/2092/6695 1913/2093/6696 
s 1
f 1915/2094/6697 749/777/6698 748/776/6699 1914/2095/6700 
f 1915/2094/6701 1914/2095/6702 1916/2096/6703 1917/2097/6704 
f 1917/2097/6705 1916/2096/6706 1918/2098/6707 1919/2099/6708 
f 1919/2099/6709 1918/2098/6710 1920/2100/6711 1921/2101/6712 
f 1921/2101/6713 1920/2100/6714 1922/2102/6715 1923/2103/6716 
f 1923/2103/6717 1922/2102/6718 1924/2104/6719 1925/2105/6720 
f 1925/2105/6721 1924/2104/6722 1926/2106/6723 1927/2107/6724 
f 732/760/6725 717/745/6726 1887/2066/6727 1900/2081/6728 
f 1887/2066/6729 1889/2069/6730 1902/2082/6731 1900/2081/6732 
f 1889/2069/6733 1891/2071/6734 1904/2084/6735 1902/2082/6736 
f 1891/2071/6737 1893/2073/6738 1906/2086/6739 1904/2084/6740 
f 1893/2073/6741 1895/2075/6742 1908/2088/6743 1906/2086/6744 
f 1895/2075/6745 1897/2077/6746 1910/2090/6747 1908/2088/6748 
f 1897/2077/6749 1899/2079/6750 1912/2092/6751 1910/2090/6752 
s 2
f 764/792/6753 733/761/6754 1901/2080/6755 1928/2108/6756 
f 1901/2080/6757 1903/2083/6758 1929/2109/6759 1928/2108/6760 
f 1903/2083/6761 1905/2085/6762 1930/2110/6763 1929/2109/6764 
f 1905/2085/6765 1907/2087/6766 1931/2111/6767 1930/2110/6768 
f 1907/2087/6769 1909/2089/6770 1932/2112/6771 1931/2111/6772 
f 1909/2089/6773 1911/2091/6774 1933/2113/6775 1932/2112/6776 
f 1911/2091/6777 1913/2093/6778 1934/2114/6779 1933/2113/6780 
f 748/776/6781 764/792/6782 1928/2108/6783 1914/2095/6784 
f 1928/2108/6785 1929/2109/6786 1916/2096/6787 1914/2095/6788 
f 1929/2109/6789 1930/2110/6790 1918/2098/6791 1916/2096/6792 
f 1930/2110/6793 1931/2111/6794 1920/2100/6795 1918/2098/6796 
f 1931/2111/6797 1932/2112/6798 1922/2102/6799 1920/2100/6800 
f 1932/2112/6801 1933/2113/6802 1924/2104/6803 1922/2102/6804 
f 1933/2113/6805 1934/2114/6806 1926/2106/6807 1924/2104/6808 
s 1
f 772/800/6809 749/777/6810 1915/2094/6811 1935/2115/6812 
f 1915/2094/6813 1917/2097/6814 1936/2116/6815 1935/2115/6816 
f 1917/2097/6817 1919/2099/6818 1937/2117/6819 1936/2116/6820 
f 1919/2099/6821 1921/2101/6822 1938/2118/6823 1937/2117/6824 
f 1921/2101/6825 1923/2103/6826 1939/2119/6827 1938/2118/6828 
f 1923/2103/6829 1925/2105/6830 1940/2120/6831 1939/2119/6832 
f 1925/2105/6833 1927/2107/6834 1941/2121/6835 1940/2120/6836 
f 780/808/6837 772/800/6838 1935/2115/6839 1942/2122/6840 
f 1935/2115/6841 1936/2116/6842 1943/2123/6843 1942/2122/6844 
f 1936/2116/6845 1937/2117/6846 1944/2124/6847 1943/2123/6848 
f 1937/2117/6849 1938/2118/6850 1945/2125/6851 1944/2124/6852 
f 1938/2118/6853 1939/2119/6854 1946/2126/6855 1945/2125/6856 
f 1939/2119/6857 1940/2120/6858 1947/2127/6859 1946/2126/6860 
f 1940/2120/6861 1941/2121/6862 1948/2128/6863 1947/2127/6864 
s 2
f 1949/2131/6865 1950/2130/6866 1942/2129/6867 1943/2132/6868 
f 1951/2133/6869 1949/2131/6870 1943/2132/6871 1944/2134/6872 
f 1952/2135/6873 1951/2133/6874 1944/2134/6875 1945/2136/6876 
f 1953/2137/6877 1952/2135/6878 1945/2136/6879 1946/2138/6880 
f 1954/2139/6881 1953/2137/6882 1946/2138/6883 1947/2140/6884 
f 1955/2141/6885 1954/2139/6886 1947/2140/6887 1948/2142/6888 
f 796/831/6889 795/830/6890 1955/2141/6891 1948/2142/6892 
f 1956/2144/6893 1957/2143/6894 1950/2130/6895 1949/2131/6896 
f 1958/2145/6897 1956/2144/6898 1949/2131/6899 1951/2133/6900 
f 1959/2146/6901 1958/2145/6902 1951/2133/6903 1952/2135/6904 
f 1960/2147/6905 1959/2146/6906 1952/2135/6907 1953/2137/6908 
f 1961/2148/6909 1960/2147/6910 1953/2137/6911 1954/2139/6912 
f 1962/2149/6913 1961/2148/6914 1954/2139/6915 1955/2141/6916 
f 795/830/6917 804/839/6918 1962/2149/6919 1955/2141/6920 
s 1
f 1964/2150/6921 806/841/6922 805/840/6923 1963/2151/6924 
f 1964/2150/6925 1963/2151/6926 1965/2152/6927 1966/2153/6928 
f 1966/2153/6929 1965/2152/6930 1967/2154/6931 1968/2155/6932 
f 1968/2155/6933 1967/2154/6934 1969/2156/6935 1970/2157/6936 
f 1970/2157/6937 1969/2156/6938 1971/2158/6939 1972/2159/6940 
f 1972/2159/6941 1971/2158/6942 1973/2160/6943 1974/2161/6944 
f 1974/2161/6945 1973/2160/6946 1975/2162/6947 1976/2163/6948 
s 2
f 1978/2164/6949 822/857/6950 821/856/6951 1977/2165/6952 
f 1978/2164/6953 1977/2165/6954 1979/2166/6955 1980/2167/6956 
f 1980/2167/6957 1979/2166/6958 1981/2168/6959 1982/2169/6960 
f 1982/2169/6961 1981/2168/6962 1983/2170/6963 1984/2171/6964 
f 1984/2171/6965 1983/2170/6966 1985/2172/6967 1986/2173/6968 
f 1986/2173/6969 1985/2172/6970 1987/2174/6971 1988/2175/6972 
f 1988/2175/6973 1987/2174/6974 1989/2176/6975 1990/2177/6976 
s 1
f 1993/2180/6977 1994/2179/6978 1991/2178/6979 1992/2181/6980 
f 1996/2182/6981 1993/2180/6982 1992/2181/6983 1995/2183/6984 
f 1998/2184/6985 1996/2182/6986 1995/2183/6987 1997/2185/6988 
f 2000/2186/6989 1998/2184/6990 1997/2185/6991 1999/2187/6992 
f 2002/2188/6993 2000/2186/6994 1999/2187/6995 2001/2189/6996 
f 2004/2190/6997 2002/2188/6998 2001/2189/6999 2003/2191/7000 
f 852/887/7001 851/886/7002 2004/2190/7003 2003/2191/7004 
s 2
f 2005/2193/7005 2006/2192/7006 1994/2179/7007 1993/2180/7008 
f 2007/2194/7009 2005/2193/7010 1993/2180/7011 1996/2182/7012 
f 2008/2195/7013 2007/2194/7014 1996/2182/7015 1998/2184/7016 
f 2009/2196/7017 2008/2195/7018 1998/2184/7019 2000/2186/7020 
f 2010/2197/7021 2009/2196/7022 2000/2186/7023 2002/2188/7024 
f 2011/2198/7025 2010/2197/7026 2002/2188/7027 2004/2190/7028 
f 851/886/7029 860/895/7030 2011/2198/7031 2004/2190/7032 
s 1
f 2012/2200/7033 2013/2199/7034 2006/2192/7035 2005/2193/7036 
f 2014/2201/7037 2012/2200/7038 2005/2193/7039 2007/2194/7040 
f 2015/2202/7041 2014/2201/7042 2007/2194/7043 2008/2195/7044 
f 2016/2203/7045 2015/2202/7046 2008/2195/7047 2009/2196/7048 
f 2017/2204/7049 2016/2203/7050 2009/2196/7051 2010/2197/7052 
f 2018/2205/7053 2017/2204/7054 2010/2197/7055 2011/2198/7056 
f 860/895/7057 868/903/7058 2018/2205/7059 2011/2198/7060 
f 2020/2206/7061 870/905/7062 869/904/7063 2019/2207/7064 
f 2020/2206/7065 2019/2207/7066 2021/2208/7067 2022/2209/7068 
f 2022/2209/7069 2021/2208/7070 2023/2210/7071 2024/2211/7072 
f 2024/2211/7073 2023/2210/7074 2025/2212/7075 2026/2213/7076 
f 2026/2213/7077 2025/2212/7078 2027/2214/7079 2028/2215/7080 
f 2028/2215/7081 2027/2214/7082 2029/2216/7083 2030/2217/7084 
f 2030/2217/7085 2029/2216/7086 2031/2218/7087 2032/2219/7088 
f 2034/2220/7089 886/921/7090 885/920/7091 2033/2221/7092 
f 2035/2222/7093 889/924/7094 886/921/7095 2034/2220/7096 
f 2036/2223/7097 891/926/7098 889/924/7099 2035/2222/7100 
f 2037/2224/7101 893/928/7102 891/926/7103 2036/2223/7104 
f 2038/2225/7105 895/930/7106 893/928/7107 2037/2224/7108 
f 2039/2226/7109 897/932/7110 895/930/7111 2038/2225/7112 
f 2040/2227/7113 899/934/7114 897/932/7115 2039/2226/7116 
f 2041/2228/7117 901/936/7118 899/934/7119 2040/2227/7120 
f 2042/2229/7121 903/938/7122 901/936/7123 2041/2228/7124 
f 2043/2230/7125 905/940/7126 903/938/7127 2042/2229/7128 
f 2044/2231/7129 907/942/7130 905/940/7131 2043/2230/7132 
f 2045/2232/7133 909/944/7134 907/942/7135 2044/2231/7136 
f 2046/2233/7137 911/947/7138 909/946/7139 2045/2234/7140 
f 2047/2235/7141 913/950/7142 911/947/7143 2046/2233/7144 
f 2048/2236/7145 915/952/7146 913/950/7147 2047/2235/7148 
f 2033/2221/7149 885/920/7150 915/952/7151 2048/2236/7152 
s 2
f 2051/2239/7153 2052/2238/7154 2049/2237/7155 2050/2240/7156 
f 2054/2241/7157 2051/2239/7158 2050/2240/7159 2053/2242/7160 
f 2056/2243/7161 2054/2241/7162 2053/2242/7163 2055/2244/7164 
f 2058/2245/7165 2056/2243/7166 2055/2244/7167 2057/2246/7168 
f 2060/2247/7169 2058/2245/7170 2057/2246/7171 2059/2248/7172 
f 2062/2249/7173 2060/2247/7174 2059/2248/7175 2061/2250/7176 
f 2064/2251/7177 2062/2249/7178 2061/2250/7179 2063/2252/7180 
f 2066/2253/7181 2064/2251/7182 2063/2252/7183 2065/2254/7184 
f 2068/2255/7185 2066/2253/7186 2065/2254/7187 2067/2256/7188 
f 2070/2257/7189 2068/2255/7190 2067/2256/7191 2069/2258/7192 
f 2072/2259/7193 2070/2257/7194 2069/2258/7195 2071/2260/7196 
f 2074/2261/7197 2072/2259/7198 2071/2260/7199 2073/2262/7200 
f 2076/2263/7201 2074/2261/7202 2073/2262/7203 2075/2264/7204 
f 2078/2265/7205 2076/2263/7206 2075/2264/7207 2077/2266/7208 
f 2080/2267/7209 2078/2265/7210 2077/2266/7211 2079/2268/7212 
f 2052/2238/7213 2080/2267/7214 2079/2268/7215 2049/2237/7216 
s 1
f 2083/2271/7217 2084/2270/7218 2081/2269/7219 2082/2272/7220 
f 2086/2273/7221 2083/2271/7222 2082/2272/7223 2085/2274/7224 
f 2088/2275/7225 2086/2273/7226 2085/2274/7227 2087/2276/7228 
f 2090/2277/7229 2088/2275/7230 2087/2276/7231 2089/2278/7232 
f 2092/2279/7233 2090/2277/7234 2089/2278/7235 2091/2280/7236 
f 2094/2281/7237 2092/2279/7238 2091/2280/7239 2093/2282/7240 
f 2096/2283/7241 2094/2281/7242 2093/2282/7243 2095/2284/7244 
f 2098/2285/7245 2096/2283/7246 2095/2284/7247 2097/2286/7248 
f 2100/2287/7249 2098/2285/7250 2097/2286/7251 2099/2288/7252 
f 2102/2289/7253 2100/2287/7254 2099/2288/7255 2101/2290/7256 
f 2104/2291/7257 2102/2289/7258 2101/2290/7259 2103/2292/7260 
f 2106/2293/7261 2104/2291/7262 2103/2292/7263 2105/2294/7264 
f 2108/2297/7265 2106/2296/7266 2105/2295/7267 2107/2298/7268 
f 2110/2299/7269 2108/2297/7270 2107/2298/7271 2109/2300/7272 
f 2112/2301/7273 2110/2299/7274 2109/2300/7275 2111/2302/7276 
f 2084/2270/7277 2112/2301/7278 2111/2302/7279 2081/2269/7280 
s 2
f 2115/2305/7281 2116/2304/7282 2113/2303/7283 2114/2306/7284 
f 2117/2308/7285 2118/2307/7286 2116/2304/7287 2115/2305/7288 
f 2119/2310/7289 2120/2309/7290 2118/2307/7291 2117/2308/7292 
f 2121/2312/7293 2122/2311/7294 2120/2309/7295 2119/2310/7296 
f 2123/2314/7297 2124/2313/7298 2122/2311/7299 2121/2312/7300 
f 2125/2316/7301 2126/2315/7302 2124/2313/7303 2123/2314/7304 
f 2127/2318/7305 2128/2317/7306 2126/2315/7307 2125/2316/7308 
f 2129/2320/7309 2130/2319/7310 2128/2317/7311 2127/2318/7312 
f 2131/2322/7313 2132/2321/7314 2130/2319/7315 2129/2320/7316 
f 2133/2324/7317 2134/2323/7318 2132/2321/7319 2131/2322/7320 
f 2135/2326/7321 2136/2325/7322 2134/2323/7323 2133/2324/7324 
f 2137/2328/7325 2138/2327/7326 2136/2325/7327 2135/2326/7328 
f 2139/2330/7329 2140/2329/7330 2138/2327/7331 2137/2328/7332 
f 2141/2332/7333 2142/2331/7334 2140/2329/7335 2139/2330/7336 
f 2143/2334/7337 2144/2333/7338 2142/2331/7339 2141/2332/7340 
f 2114/2306/7341 2113/2303/7342 2144/2333/7343 2143/2334/7344 
f 2147/2337/7345 2148/2336/7346 2145/2335/7347 2146/2338/7348 
f 2146/2338/7349 2145/2335/7350 2149/2339/7351 2150/2340/7352 
f 2150/2340/7353 2149/2339/7354 2151/2341/7355 2152/2342/7356 
f 2152/2342/7357 2151/2341/7358 2153/2343/7359 2154/2344/7360 
f 2148/2336/7361 2156/2346/7362 2155/2345/7363 2145/2335/7364 
f 2145/2335/7365 2155/2345/7366 2157/2347/7367 2149/2339/7368 
f 2149/2339/7369 2157/2347/7370 2158/2348/7371 2151/2341/7372 
f 2151/2341/7373 2158/2348/7374 2159/2349/7375 2153/2343/7376 
f 2156/2346/7377 2161/2351/7378 2160/2350/7379 2155/2345/7380 
f 2155/2345/7381 2160/2350/7382 2162/2352/7383 2157/2347/7384 
f 2157/2347/7385 2162/2352/7386 2163/2353/7387 2158/2348/7388 
f 2158/2348/7389 2163/2353/7390 2164/2354/7391 2159/2349/7392 
f 2161/2351/7393 2166/2356/7394 2165/2355/7395 2160/2350/7396 
f 2160/2350/7397 2165/2355/7398 2167/2357/7399 2162/2352/7400 
f 2162/2352/7401 2167/2357/7402 2168/2358/7403 2163/2353/7404 
f 2163/2353/7405 2168/2358/7406 2169/2359/7407 2164/2354/7408 
f 2131/2322/7409 2129/2320/7410 2170/2360/7411 2171/2361/7412 
f 2133/2324/7413 2131/2322/7414 2171/2361/7415 2172/2362/7416 
f 2173/2363/7417 2135/2326/7418 2133/2324/7419 2172/2362/7420 
f 2174/2364/7421 2137/2328/7422 2135/2326/7423 2173/2363/7424 
f 2139/2330/7425 2137/2328/7426 2174/2364/7427 2175/2365/7428 
f 2141/2332/7429 2139/2330/7430 2175/2365/7431 2176/2366/7432 
f 2177/2367/7433 2143/2334/7434 2141/2332/7435 2176/2366/7436 
f 2178/2368/7437 2114/2306/7438 2143/2334/7439 2177/2367/7440 
f 2115/2305/7441 2114/2306/7442 2178/2368/7443 2179/2369/7444 
f 2117/2308/7445 2115/2305/7446 2179/2369/7447 2180/2370/7448 
f 2181/2371/7449 2119/2310/7450 2117/2308/7451 2180/2370/7452 
f 2182/2372/7453 2121/2312/7454 2119/2310/7455 2181/2371/7456 
f 2123/2314/7457 2121/2312/7458 2182/2372/7459 2183/2373/7460 
f 2125/2316/7461 2123/2314/7462 2183/2373/7463 2184/2374/7464 
f 2185/2375/7465 2127/2318/7466 2125/2316/7467 2184/2374/7468 
f 2170/2360/7469 2129/2320/7470 2127/2318/7471 2185/2375/7472 
f 2156/2346/7473 2148/2336/7474 2171/2361/7475 2170/2360/7476 
f 2147/2337/7477 2172/2362/7478 2171/2361/7479 2148/2336/7480 
f 2147/2337/7481 2146/2338/7482 2173/2363/7483 2172/2362/7484 
f 2150/2340/7485 2174/2364/7486 2173/2363/7487 2146/2338/7488 
f 2150/2340/7489 2152/2342/7490 2175/2365/7491 2174/2364/7492 
f 2154/2344/7493 2176/2366/7494 2175/2365/7495 2152/2342/7496 
f 2154/2344/7497 2153/2343/7498 2177/2367/7499 2176/2366/7500 
f 2159/2349/7501 2178/2368/7502 2177/2367/7503 2153/2343/7504 
f 2159/2349/7505 2164/2354/7506 2179/2369/7507 2178/2368/7508 
f 2169/2359/7509 2180/2370/7510 2179/2369/7511 2164/2354/7512 
f 2169/2359/7513 2168/2358/7514 2181/2371/7515 2180/2370/7516 
f 2167/2357/7517 2182/2372/7518 2181/2371/7519 2168/2358/7520 
f 2167/2357/7521 2165/2355/7522 2183/2373/7523 2182/2372/7524 
f 2166/2356/7525 2184/2374/7526 2183/2373/7527 2165/2355/7528 
f 2166/2356/7529 2161/2351/7530 2185/2375/7531 2184/2374/7532 
f 2156/2346/7533 2170/2360/7534 2185/2375/7535 2161/2351/7536 
s 1
f 2186/2378/7537 2187/2377/7538 2113/2376/7539 2116/2379/7540 
f 2188/2380/7541 2186/2378/7542 2116/2379/7543 2118/2381/7544 
f 2189/2382/7545 2188/2380/7546 2118/2381/7547 2120/2383/7548 
f 2190/2384/7549 2189/2382/7550 2120/2383/7551 2122/2385/7552 
f 2191/2386/7553 2190/2384/7554 2122/2385/7555 2124/2387/7556 
f 2192/2388/7557 2191/2386/7558 2124/2387/7559 2126/2389/7560 
f 2193/2390/7561 2192/2388/7562 2126/2389/7563 2128/2391/7564 
f 2194/2392/7565 2193/2390/7566 2128/2391/7567 2130/2393/7568 
f 2195/2394/7569 2194/2392/7570 2130/2393/7571 2132/2395/7572 
f 2196/2396/7573 2195/2394/7574 2132/2395/7575 2134/2397/7576 
f 2197/2398/7577 2196/2396/7578 2134/2397/7579 2136/2399/7580 
f 2198/2400/7581 2197/2398/7582 2136/2399/7583 2138/2401/7584 
f 2199/2404/7585 2198/2403/7586 2138/2402/7587 2140/2405/7588 
f 2200/2406/7589 2199/2404/7590 2140/2405/7591 2142/2407/7592 
f 2201/2408/7593 2200/2406/7594 2142/2407/7595 2144/2409/7596 
f 2187/2377/7597 2201/2408/7598 2144/2409/7599 2113/2376/7600 
f 2204/2412/7601 2205/2411/7602 2202/2410/7603 2203/2413/7604 
f 2207/2414/7605 2204/2412/7606 2203/2413/7607 2206/2415/7608 
f 2209/2416/7609 2207/2414/7610 2206/2415/7611 2208/2417/7612 
f 2211/2418/7613 2209/2416/7614 2208/2417/7615 2210/2419/7616 
f 2213/2420/7617 2211/2418/7618 2210/2419/7619 2212/2421/7620 
f 2215/2422/7621 2213/2420/7622 2212/2421/7623 2214/2423/7624 
f 2217/2424/7625 2215/2422/7626 2214/2423/7627 2216/2425/7628 
f 2219/2426/7629 2217/2424/7630 2216/2425/7631 2218/2427/7632 
f 2221/2428/7633 2219/2426/7634 2218/2427/7635 2220/2429/7636 
f 2223/2430/7637 2221/2428/7638 2220/2429/7639 2222/2431/7640 
f 2225/2432/7641 2223/2430/7642 2222/2431/7643 2224/2433/7644 
f 2227/2434/7645 2225/2432/7646 2224/2433/7647 2226/2435/7648 
f 2229/2438/7649 2227/2437/7650 2226/2436/7651 2228/2439/7652 
f 2231/2440/7653 2229/2438/7654 2228/2439/7655 2230/2441/7656 
f 2233/2442/7657 2231/2440/7658 2230/2441/7659 2232/2443/7660 
f 2205/2411/7661 2233/2442/7662 2232/2443/7663 2202/2410/7664 
f 1104/1163/7665 1103/1162/7666 2234/2444/7667 2235/2445/7668 
f 2234/2444/7669 2237/2447/7670 2236/2446/7671 2235/2445/7672 
f 2237/2447/7673 2239/2449/7674 2238/2448/7675 2236/2446/7676 
f 2239/2449/7677 2241/2451/7678 2240/2450/7679 2238/2448/7680 
f 2241/2451/7681 2243/2453/7682 2242/2452/7683 2240/2450/7684 
f 2243/2453/7685 2245/2455/7686 2244/2454/7687 2242/2452/7688 
f 2245/2455/7689 2247/2457/7690 2246/2456/7691 2244/2454/7692 
f 821/1177/7693 1104/1163/7694 2235/2445/7695 1977/2458/7696 
f 2235/2445/7697 2236/2446/7698 1979/2459/7699 1977/2458/7700 
f 2236/2446/7701 2238/2448/7702 1981/2460/7703 1979/2459/7704 
f 2238/2448/7705 2240/2450/7706 1983/2461/7707 1981/2460/7708 
f 2240/2450/7709 2242/2452/7710 1985/2462/7711 1983/2461/7712 
f 2242/2452/7713 2244/2454/7714 1987/2463/7715 1985/2462/7716 
f 2244/2454/7717 2246/2456/7718 1989/2464/7719 1987/2463/7720 
s 2
f 1118/1185/7721 822/857/7722 1978/2164/7723 1991/2178/7724 
f 1978/2164/7725 1980/2167/7726 1992/2181/7727 1991/2178/7728 
f 1980/2167/7729 1982/2169/7730 1995/2183/7731 1992/2181/7732 
f 1982/2169/7733 1984/2171/7734 1997/2185/7735 1995/2183/7736 
f 1984/2171/7737 1986/2173/7738 1999/2187/7739 1997/2185/7740 
f 1986/2173/7741 1988/2175/7742 2001/2189/7743 1999/2187/7744 
f 1988/2175/7745 1990/2177/7746 2003/2191/7747 2001/2189/7748 
s 1
f 1103/1162/7749 806/841/7750 1964/2150/7751 2234/2444/7752 
f 1964/2150/7753 1966/2153/7754 2237/2447/7755 2234/2444/7756 
f 1966/2153/7757 1968/2155/7758 2239/2449/7759 2237/2447/7760 
f 1968/2155/7761 1970/2157/7762 2241/2451/7763 2239/2449/7764 
f 1970/2157/7765 1972/2159/7766 2243/2453/7767 2241/2451/7768 
f 1972/2159/7769 1974/2161/7770 2245/2455/7771 2243/2453/7772 
f 1974/2161/7773 1976/2163/7774 2247/2457/7775 2245/2455/7776 
f 1121/1188/7777 1120/1187/7778 2248/2465/7779 2249/2466/7780 
f 2248/2465/7781 2251/2468/7782 2250/2467/7783 2249/2466/7784 
f 2251/2468/7785 2253/2470/7786 2252/2469/7787 2250/2467/7788 
f 2253/2470/7789 2255/2472/7790 2254/2471/7791 2252/2469/7792 
f 2255/2472/7793 2257/2474/7794 2256/2473/7795 2254/2471/7796 
f 2257/2474/7797 2259/2476/7798 2258/2475/7799 2256/2473/7800 
f 2259/2476/7801 2261/2478/7802 2260/2477/7803 2258/2475/7804 
f 1120/1187/7805 870/905/7806 2020/2206/7807 2248/2465/7808 
f 2020/2206/7809 2022/2209/7810 2251/2468/7811 2248/2465/7812 
f 2022/2209/7813 2024/2211/7814 2253/2470/7815 2251/2468/7816 
f 2024/2211/7817 2026/2213/7818 2255/2472/7819 2253/2470/7820 
f 2026/2213/7821 2028/2215/7822 2257/2474/7823 2255/2472/7824 
f 2028/2215/7825 2030/2217/7826 2259/2476/7827 2257/2474/7828 
f 2030/2217/7829 2032/2219/7830 2261/2478/7831 2259/2476/7832 
f 2082/2272/7833 2081/2269/7834 2205/2411/7835 2204/2412/7836 
f 2085/2274/7837 2082/2272/7838 2204/2412/7839 2207/2414/7840 
f 2087/2276/7841 2085/2274/7842 2207/2414/7843 2209/2416/7844 
f 2089/2278/7845 2087/2276/7846 2209/2416/7847 2211/2418/7848 
f 2091/2280/7849 2089/2278/7850 2211/2418/7851 2213/2420/7852 
f 2093/2282/7853 2091/2280/7854 2213/2420/7855 2215/2422/7856 
f 2095/2284/7857 2093/2282/7858 2215/2422/7859 2217/2424/7860 
f 2097/2286/7861 2095/2284/7862 2217/2424/7863 2219/2426/7864 
f 2099/2288/7865 2097/2286/7866 2219/2426/7867 2221/2428/7868 
f 2101/2290/7869 2099/2288/7870 2221/2428/7871 2223/2430/7872 
f 2103/2292/7873 2101/2290/7874 2223/2430/7875 2225/2432/7876 
f 2105/2294/7877 2103/2292/7878 2225/2432/7879 2227/2434/7880 
f 2107/2298/7881 2105/2295/7882 2227/2437/7883 2229/2438/7884 
f 2109/2300/7885 2107/2298/7886 2229/2438/7887 2231/2440/7888 
f 2111/2302/7889 2109/2300/7890 2231/2440/7891 2233/2442/7892 
f 2081/2269/7893 2111/2302/7894 2233/2442/7895 2205/2411/7896 
s 2
f 2262/2481/7897 2263/2480/7898 2084/2479/7899 2083/2482/7900 
f 2264/2483/7901 2262/2481/7902 2083/2482/7903 2086/2484/7904 
f 2265/2485/7905 2264/2483/7906 2086/2484/7907 2088/2486/7908 
f 2266/2487/7909 2265/2485/7910 2088/2486/7911 2090/2488/7912 
f 2267/2489/7913 2266/2487/7914 2090/2488/7915 2092/2490/7916 
f 2268/2491/7917 2267/2489/7918 2092/2490/7919 2094/2492/7920 
f 2269/2493/7921 2268/2491/7922 2094/2492/7923 2096/2494/7924 
f 2270/2495/7925 2269/2493/7926 2096/2494/7927 2098/2496/7928 
f 2271/2497/7929 2270/2495/7930 2098/2496/7931 2100/2498/7932 
f 2272/2499/7933 2271/2497/7934 2100/2498/7935 2102/2500/7936 
f 2273/2501/7937 2272/2499/7938 2102/2500/7939 2104/2502/7940 
f 2274/2503/7941 2273/2501/7942 2104/2502/7943 2106/2504/7944 
f 2275/2505/7945 2274/2503/7946 2106/2504/7947 2108/2506/7948 
f 2276/2507/7949 2275/2505/7950 2108/2506/7951 2110/2508/7952 
f 2277/2509/7953 2276/2507/7954 2110/2508/7955 2112/2510/7956 
f 2263/2480/7957 2277/2509/7958 2112/2510/7959 2084/2479/7960 
f 2050/2240/7961 2049/2237/7962 2263/2480/7963 2262/2481/7964 
f 2053/2242/7965 2050/2240/7966 2262/2481/7967 2264/2483/7968 
f 2055/2244/7969 2053/2242/7970 2264/2483/7971 2265/2485/7972 
f 2057/2246/7973 2055/2244/7974 2265/2485/7975 2266/2487/7976 
f 2059/2248/7977 2057/2246/7978 2266/2487/7979 2267/2489/7980 
f 2061/2250/7981 2059/2248/7982 2267/2489/7983 2268/2491/7984 
f 2063/2252/7985 2061/2250/7986 2268/2491/7987 2269/2493/7988 
f 2065/2254/7989 2063/2252/7990 2269/2493/7991 2270/2495/7992 
f 2067/2256/7993 2065/2254/7994 2270/2495/7995 2271/2497/7996 
f 2069/2258/7997 2067/2256/7998 2271/2497/7999 2272/2499/8000 
f 2071/2260/8001 2069/2258/8002 2272/2499/8003 2273/2501/8004 
f 2073/2262/8005 2071/2260/8006 2273/2501/8007 2274/2503/8008 
f 2075/2264/8009 2073/2262/8010 2274/2503/8011 2275/2505/8012 
f 2077/2266/8013 2075/2264/8014 2275/2505/8015 2276/2507/8016 
f 2079/2268/8017 2077/2266/8018 2276/2507/8019 2277/2509/8020 
f 2049/2237/8021 2079/2268/8022 2277/2509/8023 2263/2480/8024 
s 1
f 2034/2220/8025 2033/2221/8026 2052/2511/8027 2051/2512/8028 
f 2035/2222/8029 2034/2220/8030 2051/2512/8031 2054/2513/8032 
f 2036/2223/8033 2035/2222/8034 2054/2513/8035 2056/2514/8036 
f 2037/2224/8037 2036/2223/8038 2056/2514/8039 2058/2515/8040 
f 2038/2225/8041 2037/2224/8042 2058/2515/8043 2060/2516/8044 
f 2039/2226/8045 2038/2225/8046 2060/2516/8047 2062/2517/8048 
f 2040/2227/8049 2039/2226/8050 2062/2517/8051 2064/2518/8052 
f 2041/2228/8053 2040/2227/8054 2064/2518/8055 2066/2519/8056 
f 2042/2229/8057 2041/2228/8058 2066/2519/8059 2068/2520/8060 
f 2043/2230/8061 2042/2229/8062 2068/2520/8063 2070/2521/8064 
f 2044/2231/8065 2043/2230/8066 2070/2521/8067 2072/2522/8068 
f 2045/2232/8069 2044/2231/8070 2072/2522/8071 2074/2523/8072 
f 2046/2233/8073 2045/2234/8074 2074/2524/8075 2076/2525/8076 
f 2047/2235/8077 2046/2233/8078 2076/2525/8079 2078/2526/8080 
f 2048/2236/8081 2047/2235/8082 2078/2526/8083 2080/2527/8084 
f 2033/2221/8085 2048/2236/8086 2080/2527/8087 2052/2511/8088 
f 2203/2413/8089 2202/2410/8090 2187/2377/8091 2186/2378/8092 
f 2206/2415/8093 2203/2413/8094 2186/2378/8095 2188/2380/8096 
f 2208/2417/8097 2206/2415/8098 2188/2380/8099 2189/2382/8100 
f 2210/2419/8101 2208/2417/8102 2189/2382/8103 2190/2384/8104 
f 2212/2421/8105 2210/2419/8106 2190/2384/8107 2191/2386/8108 
f 2214/2423/8109 2212/2421/8110 2191/2386/8111 2192/2388/8112 
f 2216/2425/8113 2214/2423/8114 2192/2388/8115 2193/2390/8116 
f 2218/2427/8117 2216/2425/8118 2193/2390/8119 2194/2392/8120 
f 2220/2429/8121 2218/2427/8122 2194/2392/8123 2195/2394/8124 
f 2222/2431/8125 2220/2429/8126 2195/2394/8127 2196/2396/8128 
f 2224/2433/8129 2222/2431/8130 2196/2396/8131 2197/2398/8132 
f 2226/2435/8133 2224/2433/8134 2197/2398/8135 2198/2400/8136 
f 2228/2439/8137 2226/2436/8138 2198/2403/8139 2199/2404/8140 
f 2230/2441/8141 2228/2439/8142 2199/2404/8143 2200/2406/8144 
f 2232/2443/8145 2230/2441/8146 2200/2406/8147 2201/2408/8148 
f 2202/2410/8149 2232/2443/8150 2201/2408/8151 2187/2377/8152 
f 1614/1758/8153 1613/1759/8154 1626/1770/8155 1629/1771/8156 
f 1613/1759/8157 1617/1761/8158 1632/1776/8159 1626/1770/8160 
f 424/445/8161 406/427/8162 1619/1763/8163 1635/1779/8164 
f 1619/1763/8165 1621/1765/8166 1637/1781/8167 1635/1779/8168 
f 1621/1765/8169 1623/1767/8170 1641/1785/8171 1637/1781/8172 
f 1623/1767/8173 1625/1769/8174 1644/1788/8175 1641/1785/8176 
f 1625/1769/8177 1614/1758/8178 1629/1771/8179 1644/1788/8180 
f 1599/1745/8181 1631/1775/8182 1630/1774/8183 1600/1744/8184 
f 1603/1747/8185 1634/1778/8186 1631/1775/8187 1599/1745/8188 
f 1607/1751/8189 1640/1784/8190 1639/1783/8191 1605/1748/8192 
f 1609/1753/8193 1643/1787/8194 1640/1784/8195 1607/1751/8196 
f 1611/1755/8197 1646/1790/8198 1643/1787/8199 1609/1753/8200 
f 1600/1744/8201 1630/1774/8202 1646/1790/8203 1611/1755/8204 
f 1151/1251/8205 438/459/8206 1634/1778/8207 1603/1747/8208 
f 1858/2032/8209 1628/1772/8210 1627/1773/8211 1859/2031/8212 
f 1859/2031/8213 1627/1773/8214 1633/1777/8215 1860/2033/8216 
f 685/706/8217 425/446/8218 1636/1780/8219 1861/2034/8220 
f 1861/2034/8221 1636/1780/8222 1638/1782/8223 1862/2035/8224 
f 1862/2035/8225 1638/1782/8226 1642/1786/8227 1863/2036/8228 
f 1863/2036/8229 1642/1786/8230 1645/1789/8231 1864/2037/8232 
f 1864/2037/8233 1645/1789/8234 1628/1772/8235 1858/2032/8236 
f 1152/1252/8237 698/1346/8238 1872/2529/8239 1873/2528/8240 
f 1874/2530/8241 1875/2531/8242 1152/1252/8243 1873/2528/8244 
f 1876/2532/8245 1877/2533/8246 1152/1252/8247 1875/2531/8248 
f 1878/2534/8249 1153/1260/8250 1152/1252/8251 1877/2533/8252 
f 1976/2163/8253 1975/2162/8254 1154/1261/8255 1155/1262/8256 
s 2
f 1990/2177/8257 1989/2176/8258 1156/1263/8259 1157/1264/8260 
s 1
f 1991/2178/8261 1994/2179/8262 1158/1265/8263 1118/1185/8264 
s 2
f 1994/2179/8265 2006/2192/8266 1159/1266/8267 1158/1265/8268 
s 1
f 2006/2192/8269 2013/2199/8270 1160/1267/8271 1159/1266/8272 
f 2032/2219/8273 2031/2218/8274 1161/1268/8275 1162/1269/8276 
f 2246/2456/8277 2247/2457/8278 1163/1270/8279 1164/1271/8280 
f 1989/2464/8281 2246/2456/8282 1164/1271/8283 1156/1272/8284 
s 2
f 2003/2191/8285 1990/2177/8286 1157/1264/8287 852/887/8288 
s 1
f 2247/2457/8289 1976/2163/8290 1155/1262/8291 1163/1270/8292 
f 2260/2477/8293 2261/2478/8294 1165/1273/8295 1166/1274/8296 
f 2261/2478/8297 2032/2219/8298 1162/1269/8299 1165/1273/8300 
f 1463/1610/8301 1469/1616/8302 1167/1275/8303 1168/1276/8304 
f 1348/1495/8305 1347/1496/8306 135/156/8307 1169/1277/8308 
f 1352/1498/8309 138/159/8310 63/63/8311 1299/1427/8312 
f 1392/1540/8313 1348/1495/8314 1169/1277/8315 1170/1278/8316 
f 1427/1576/8317 1426/1573/8318 1171/1279/8319 1172/1280/8320 
f 1426/1573/8321 1449/1596/8322 1173/1281/8323 1171/1279/8324 
f 1243/1371/8325 3/3/8326 1174/1282/8327 1456/1603/8328 
f 1316/1451/8329 1334/1481/8330 1175/1283/8331 81/89/8332 
f 1334/1481/8333 1463/1610/8334 1168/1276/8335 1175/1283/8336 
f 1464/1611/8337 1456/1603/8338 1174/1282/8339 1176/1284/8340 
f 1449/1596/8341 1392/1540/8342 1170/1278/8343 1173/1281/8344 
f 1485/1632/8345 1427/1576/8346 1172/1280/8347 1177/1285/8348 
f 1546/1690/8349 1549/1691/8350 1178/1286/8351 1179/1287/8352 
f 1557/1702/8353 1546/1690/8354 1179/1287/8355 1180/1288/8356 
f 1549/1691/8357 1536/1681/8358 1181/1289/8359 1178/1286/8360 
f 264/285/8361 1583/1727/8362 1572/1717/8363 1561/1706/8364 
f 1584/1728/8365 1583/1727/8366 1182/1290/8367 1183/1291/8368 
f 1585/1729/8369 1584/1728/8370 1183/1291/8371 1184/1292/8372 
f 1586/1730/8373 1585/1729/8374 1184/1292/8375 1185/1293/8376 
f 1588/1732/8377 1587/1731/8378 1186/1294/8379 1187/1295/8380 
s 2
f 1590/1734/8381 1589/1733/8382 1188/1296/8383 1189/1297/8384 
s 1
f 1593/1737/8385 1586/1730/8386 1185/1293/8387 1190/1298/8388 
f 1603/1747/8389 1602/1746/8390 1191/1299/8391 1151/1251/8392 
f 1536/1681/8393 1527/1673/8394 309/330/8395 1181/1289/8396 
f 1556/1700/8397 1659/2047/8398 461/1300/8399 1192/1301/8400 
f 1545/1688/8401 327/348/8402 316/337/8403 1535/1679/8404 
f 1595/1738/8405 397/418/8406 1186/1294/8407 1587/1731/8408 
f 1602/1746/8409 1593/1737/8410 1190/1298/8411 1191/1299/8412 
f 1617/1761/8413 1616/1760/8414 437/458/8415 1193/1302/8416 
f 1639/1783/8417 1618/1762/8418 405/426/8419 1194/1303/8420 
f 1633/1777/8421 1632/1776/8422 1195/1304/8423 1196/1305/8424 
f 1653/1797/8425 1588/1732/8426 1187/1295/8427 1197/1306/8428 
f 1661/1807/8429 1660/1804/8430 1198/1307/8431 1199/1308/8432 
f 1675/1821/8433 1674/1818/8434 1200/1309/8435 1201/1310/8436 
s 2
f 1686/1830/8437 1687/1831/8438 1202/1311/8439 689/710/8440 
f 1714/1858/8441 1717/1859/8442 1203/1312/8443 715/743/8444 
f 1717/1859/8445 1700/1845/8446 503/524/8447 1203/1312/8448 
f 1724/1868/8449 1727/1869/8450 1204/1313/8451 714/742/8452 
f 1727/1869/8453 1706/1851/8454 515/536/8455 1204/1313/8456 
s 1
f 1805/1949/8457 1804/1948/8458 1205/1314/8459 1206/1315/8460 
s 2
f 1807/1951/8461 1806/1950/8462 1207/1316/8463 1208/1317/8464 
s 1
f 1811/1955/8465 1810/1954/8466 637/658/8467 1209/1318/8468 
s 2
f 1813/1957/8469 1812/1956/8470 1210/1319/8471 1211/1320/8472 
f 1815/1959/8473 1814/1958/8474 1212/1321/8475 1213/1322/8476 
f 1819/1963/8477 1818/1962/8478 640/661/8479 1214/1323/8480 
f 1821/1965/8481 1820/1964/8482 1215/1324/8483 1216/1325/8484 
f 1217/1326/8485 1827/1971/8486 1826/1970/8487 
s 1
f 1217/1326/8488 1826/1970/8489 1838/1982/8490 
s 2
f 1827/1971/8491 1217/1326/8492 1218/1327/8493 1845/1993/8494 
s 1
f 1589/1733/8495 1653/1797/8496 1197/1306/8497 1188/1296/8498 
s 2
f 1856/2028/8499 1590/1734/8500 1189/1297/8501 1219/1328/8502 
s 1
f 1838/1982/8503 1860/2033/8504 1220/1329/8505 1217/1326/8506 
f 1689/1833/8507 1675/1821/8508 1201/1310/8509 487/508/8510 
f 1674/1818/8511 1869/2041/8512 1221/1330/8513 1200/1309/8514 
f 1869/2041/8515 1661/1807/8516 1199/1308/8517 1221/1330/8518 
f 1660/2048/8519 1557/1702/8520 1180/1288/8521 1198/1331/8522 
f 1544/1689/8523 1556/1700/8524 1192/1301/8525 328/349/8526 
s 2
f 1878/2058/8527 1821/1965/8528 1216/1325/8529 1153/1332/8530 
f 1820/1964/8531 1819/1963/8532 1214/1323/8533 1215/1324/8534 
f 1814/1958/8535 1885/2065/8536 1222/1333/8537 1212/1321/8538 
f 1885/2065/8539 1813/1957/8540 1211/1320/8541 1222/1333/8542 
f 1816/1961/8543 1815/1959/8544 1213/1322/8545 639/660/8546 
s 1
f 1812/1956/8547 1811/1955/8548 1209/1318/8549 1210/1319/8550 
s 2
f 1808/1953/8551 1807/1951/8552 1208/1317/8553 636/657/8554 
s 1
f 1806/1950/8555 1805/1949/8556 1206/1315/8557 1207/1316/8558 
f 1899/2079/8559 1898/2078/8560 1223/1334/8561 1224/1335/8562 
s 2
f 1913/2093/8563 1912/2092/8564 1225/1336/8565 1226/1337/8566 
s 1
f 1927/2107/8567 1926/2106/8568 1227/1338/8569 1228/1339/8570 
f 1912/2092/8571 1899/2079/8572 1224/1335/8573 1225/1336/8574 
s 2
f 1934/2114/8575 1913/2093/8576 1226/1337/8577 1229/1340/8578 
f 1926/2106/8579 1934/2114/8580 1229/1340/8581 1227/1338/8582 
s 1
f 1941/2121/8583 1927/2107/8584 1228/1339/8585 1230/1341/8586 
f 1948/2128/8587 1941/2121/8588 1230/1341/8589 796/1342/8590 
s 2
f 1942/2129/8591 1950/2130/8592 1231/1343/8593 780/1344/8594 
f 1950/2130/8595 1957/2143/8596 1232/1345/8597 1231/1343/8598 
s 1
f 1632/1776/8599 1617/1761/8600 1193/1302/8601 1195/1304/8602 
f 1605/1748/8603 1639/1783/8604 1194/1303/8605 388/409/8606 
f 1860/2033/8607 1633/1777/8608 1196/1305/8609 1220/1329/8610 
s 2
f 2279/2539/8611 2013/2538/8612 2012/2537/8613 2278/2540/8614 
f 2278/2540/8615 2012/2537/8616 2014/2541/8617 2280/2542/8618 
f 2280/2542/8619 2014/2541/8620 2015/2543/8621 2281/2544/8622 
f 2281/2544/8623 2015/2543/8624 2016/2545/8625 2282/2546/8626 
f 2282/2546/8627 2016/2545/8628 2017/2547/8629 2283/2548/8630 
f 2283/2548/8631 2017/2547/8632 2018/2549/8633 2284/2550/8634 
f 2284/2550/8635 2018/2549/8636 868/1361/8637 1240/1362/8638 
f 1241/1364/8639 1160/1363/8640 2013/2538/8641 2279/2539/8642 
s 1
f 665/686/8643 666/687/8644 2285/1991/8645 2286/1988/8646 
f 667/688/8647 665/686/8648 2286/1988/8649 2287/1994/8650 
f 669/690/8651 668/689/8652 2288/1996/8653 2289/1998/8654 
f 670/691/8655 669/690/8656 2289/1998/8657 2290/2001/8658 
f 671/692/8659 670/691/8660 2290/2001/8661 2291/2004/8662 
f 672/693/8663 671/692/8664 2291/2004/8665 2292/2007/8666 
f 666/687/8667 672/693/8668 2292/2007/8669 2285/1991/8670 
f 1218/1327/8671 667/688/8672 2287/1994/8673 2293/2535/8674 
f 1844/1990/8675 1843/1987/8676 2294/1989/8677 2295/1992/8678 
f 1843/1987/8679 1845/1993/8680 2296/1995/8681 2294/1989/8682 
f 668/689/8683 1846/1997/8684 2297/1999/8685 2288/1996/8686 
f 1846/1997/8687 1847/2000/8688 2298/2002/8689 2297/1999/8690 
f 1847/2000/8691 1848/2003/8692 2299/2005/8693 2298/2002/8694 
f 1848/2003/8695 1849/2006/8696 2300/2008/8697 2299/2005/8698 
f 1849/2006/8699 1844/1990/8700 2295/1992/8701 2300/2008/8702 
f 1845/1993/8703 1218/1327/8704 2293/2535/8705 2296/1995/8706 
f 673/694/8707 674/695/8708 2301/2013/8709 2302/2010/8710 
f 674/695/8711 675/696/8712 2303/2016/8713 2301/2013/8714 
f 675/696/8715 676/697/8716 2304/2019/8717 2303/2016/8718 
f 676/697/8719 677/698/8720 2305/2021/8721 2304/2019/8722 
f 678/699/8723 673/694/8724 2302/2010/8725 2306/2023/8726 
f 679/700/8727 678/699/8728 2306/2023/8729 2307/2026/8730 
f 680/701/8731 679/700/8732 2307/2026/8733 2308/2029/8734 
f 1219/1328/8735 680/701/8736 2308/2029/8737 2309/2536/8738 
f 1851/2012/8739 1850/2009/8740 2310/2011/8741 2311/2014/8742 
f 1852/2015/8743 1851/2012/8744 2311/2014/8745 2312/2017/8746 
f 1853/2018/8747 1852/2015/8748 2312/2017/8749 2313/2020/8750 
f 677/698/8751 1853/2018/8752 2313/2020/8753 2305/2021/8754 
f 1850/2009/8755 1854/2022/8756 2314/2024/8757 2310/2011/8758 
f 1854/2022/8759 1855/2025/8760 2315/2027/8761 2314/2024/8762 
f 1855/2025/8763 1856/2028/8764 2316/2030/8765 2315/2027/8766 
f 1856/2028/8767 1219/1328/8768 2309/2536/8769 2316/2030/8770 
# 2188 polygons - 6 triangles

